date,ingredient,units_received,units_used,units_wasted,unit_cost
2025-01-01,Tuna,18.66,11.8,0.47,7.5
2025-01-01,Salmon,23.2,17.78,0.78,6.25
2025-01-01,Rice,7.05,6.05,0.0,1.8
2025-01-01,Nori,18.33,14.38,0.84,0.45
2025-01-01,Avocado,17.22,11.51,0.95,2.2
2025-01-01,Cucumber,13.08,9.78,1.82,1.4
2025-01-01,Soy Sauce,16.71,14.49,0.78,1.1
2025-01-01,Ginger,16.01,13.85,0.55,1.3
2025-01-01,Wasabi,17.99,11.95,1.2,3.5
2025-01-01,Tempura Batter,15.1,10.36,0.8,2.0
2025-01-01,Chicken,16.89,13.38,0.0,4.25
2025-01-01,Edamame,3.45,0.0,0.37,2.8
2025-01-01,Cream Cheese,6.8,5.44,1.26,3.75
2025-01-02,Tuna,17.97,13.43,1.03,7.5
2025-01-02,Salmon,12.88,8.32,1.09,6.25
2025-01-02,Rice,14.65,11.53,1.2,1.8
2025-01-02,Nori,14.18,9.0,1.08,0.45
2025-01-02,Avocado,18.07,12.01,0.15,2.2
2025-01-02,Cucumber,11.79,10.16,0.98,1.4
2025-01-02,Soy Sauce,17.76,16.73,2.45,1.1
2025-01-02,Ginger,13.07,9.35,0.8,1.3
2025-01-02,Wasabi,13.6,12.18,1.33,3.5
2025-01-02,Tempura Batter,8.05,8.58,0.24,2.0
2025-01-02,Chicken,23.28,17.78,0.0,4.25
2025-01-02,Edamame,14.29,15.25,0.79,2.8
2025-01-02,Cream Cheese,11.95,7.17,1.08,3.75
2025-01-03,Tuna,18.33,15.92,0.7,7.5
2025-01-03,Salmon,6.94,6.0,1.27,6.25
2025-01-03,Rice,16.68,13.47,1.43,1.8
2025-01-03,Nori,11.24,6.8,0.21,0.45
2025-01-03,Avocado,22.0,17.91,1.28,2.2
2025-01-03,Cucumber,16.56,9.19,1.8,1.4
2025-01-03,Soy Sauce,19.07,13.72,0.65,1.1
2025-01-03,Ginger,11.52,6.93,0.34,1.3
2025-01-03,Wasabi,22.34,17.24,0.92,3.5
2025-01-03,Tempura Batter,17.7,12.72,0.94,2.0
2025-01-03,Chicken,10.35,10.38,1.28,4.25
2025-01-03,Edamame,21.98,13.47,0.75,2.8
2025-01-03,Cream Cheese,16.86,13.21,1.13,3.75
2025-01-04,Tuna,10.98,8.13,1.21,7.5
2025-01-04,Salmon,15.25,10.67,0.85,6.25
2025-01-04,Rice,18.91,13.61,0.69,1.8
2025-01-04,Nori,8.66,6.19,0.39,0.45
2025-01-04,Avocado,6.28,3.5,0.9,2.2
2025-01-04,Cucumber,16.8,16.08,0.84,1.4
2025-01-04,Soy Sauce,18.36,16.51,1.07,1.1
2025-01-04,Ginger,17.67,18.39,0.94,1.3
2025-01-04,Wasabi,18.95,16.65,1.49,3.5
2025-01-04,Tempura Batter,21.08,14.54,1.09,2.0
2025-01-04,Chicken,23.01,19.41,0.12,4.25
2025-01-04,Edamame,14.51,9.48,1.3,2.8
2025-01-04,Cream Cheese,17.37,10.76,0.62,3.75
2025-01-05,Tuna,17.72,13.85,0.13,7.5
2025-01-05,Salmon,19.32,11.56,0.34,6.25
2025-01-05,Rice,15.19,14.5,0.33,1.8
2025-01-05,Nori,11.22,6.34,0.36,0.45
2025-01-05,Avocado,19.01,17.07,0.86,2.2
2025-01-05,Cucumber,13.41,13.65,0.9,1.4
2025-01-05,Soy Sauce,18.68,13.4,0.32,1.1
2025-01-05,Ginger,13.05,8.73,1.51,1.3
2025-01-05,Wasabi,10.16,9.63,0.64,3.5
2025-01-05,Tempura Batter,11.74,7.95,0.26,2.0
2025-01-05,Chicken,19.32,15.89,1.3,4.25
2025-01-05,Edamame,1.79,2.31,1.45,2.8
2025-01-05,Cream Cheese,9.19,9.12,0.7,3.75
2025-01-06,Tuna,15.65,12.97,1.03,7.5
2025-01-06,Salmon,16.89,13.33,1.47,6.25
2025-01-06,Rice,14.86,11.94,1.2,1.8
2025-01-06,Nori,15.4,14.21,0.75,0.45
2025-01-06,Avocado,15.58,13.75,0.53,2.2
2025-01-06,Cucumber,3.67,6.43,0.61,1.4
2025-01-06,Soy Sauce,13.32,12.51,1.49,1.1
2025-01-06,Ginger,12.64,7.81,1.01,1.3
2025-01-06,Wasabi,24.79,20.71,0.08,3.5
2025-01-06,Tempura Batter,22.61,16.22,0.0,2.0
2025-01-06,Chicken,19.28,14.56,0.69,4.25
2025-01-06,Edamame,4.72,2.31,0.51,2.8
2025-01-06,Cream Cheese,20.94,18.12,0.59,3.75
2025-01-07,Tuna,13.31,9.65,0.83,7.5
2025-01-07,Salmon,12.37,8.84,0.52,6.25
2025-01-07,Rice,5.97,1.63,1.09,1.8
2025-01-07,Nori,14.91,12.8,0.76,0.45
2025-01-07,Avocado,17.01,15.28,1.23,2.2
2025-01-07,Cucumber,9.44,6.1,0.81,1.4
2025-01-07,Soy Sauce,17.17,16.01,0.4,1.1
2025-01-07,Ginger,8.29,6.42,0.93,1.3
2025-01-07,Wasabi,6.92,4.81,1.11,3.5
2025-01-07,Tempura Batter,14.74,11.59,0.05,2.0
2025-01-07,Chicken,14.66,11.6,0.72,4.25
2025-01-07,Edamame,14.99,12.61,0.57,2.8
2025-01-07,Cream Cheese,12.79,7.84,0.19,3.75
2025-01-08,Tuna,19.26,12.63,1.35,7.5
2025-01-08,Salmon,17.54,14.04,0.74,6.25
2025-01-08,Rice,10.89,8.39,1.09,1.8
2025-01-08,Nori,18.14,13.56,1.41,0.45
2025-01-08,Avocado,14.75,11.37,0.0,2.2
2025-01-08,Cucumber,23.2,21.02,1.13,1.4
2025-01-08,Soy Sauce,12.47,10.34,0.68,1.1
2025-01-08,Ginger,5.06,7.02,1.38,1.3
2025-01-08,Wasabi,15.35,14.18,1.03,3.5
2025-01-08,Tempura Batter,16.91,15.3,1.01,2.0
2025-01-08,Chicken,16.15,16.03,1.07,4.25
2025-01-08,Edamame,20.22,13.46,1.08,2.8
2025-01-08,Cream Cheese,12.77,10.36,1.81,3.75
2025-01-09,Tuna,14.75,10.58,0.68,7.5
2025-01-09,Salmon,21.59,16.33,0.79,6.25
2025-01-09,Rice,12.51,10.37,0.0,1.8
2025-01-09,Nori,15.56,12.4,0.39,0.45
2025-01-09,Avocado,8.07,4.66,0.97,2.2
2025-01-09,Cucumber,14.6,13.58,1.0,1.4
2025-01-09,Soy Sauce,16.01,11.29,0.31,1.1
2025-01-09,Ginger,22.62,16.6,0.86,1.3
2025-01-09,Wasabi,18.18,13.61,0.29,3.5
2025-01-09,Tempura Batter,13.42,10.05,1.81,2.0
2025-01-09,Chicken,13.49,7.22,0.7,4.25
2025-01-09,Edamame,17.3,11.86,1.81,2.8
2025-01-09,Cream Cheese,19.02,13.69,0.34,3.75
2025-01-10,Tuna,10.18,9.88,0.54,7.5
2025-01-10,Salmon,17.69,14.26,1.66,6.25
2025-01-10,Rice,22.95,20.22,0.46,1.8
2025-01-10,Nori,22.17,16.64,1.02,0.45
2025-01-10,Avocado,18.92,14.82,0.31,2.2
2025-01-10,Cucumber,10.02,7.13,0.0,1.4
2025-01-10,Soy Sauce,15.85,13.11,0.0,1.1
2025-01-10,Ginger,8.03,3.55,0.47,1.3
2025-01-10,Wasabi,12.96,11.07,0.34,3.5
2025-01-10,Tempura Batter,13.28,8.24,0.68,2.0
2025-01-10,Chicken,19.08,14.54,0.96,4.25
2025-01-10,Edamame,18.24,15.21,1.48,2.8
2025-01-10,Cream Cheese,20.21,15.29,0.33,3.75
2025-01-11,Tuna,12.38,13.05,1.5,7.5
2025-01-11,Salmon,11.54,9.51,0.12,6.25
2025-01-11,Rice,14.32,11.85,1.71,1.8
2025-01-11,Nori,17.41,15.44,0.0,0.45
2025-01-11,Avocado,3.81,2.87,0.13,2.2
2025-01-11,Cucumber,16.1,13.39,0.81,1.4
2025-01-11,Soy Sauce,11.51,8.2,0.09,1.1
2025-01-11,Ginger,16.31,11.65,0.62,1.3
2025-01-11,Wasabi,12.82,13.77,0.0,3.5
2025-01-11,Chicken,20.69,20.58,0.46,4.25
2025-01-11,Edamame,16.49,12.56,0.51,2.8
2025-01-11,Cream Cheese,12.0,7.76,0.87,3.75
2025-01-12,Tuna,14.62,10.62,0.73,7.5
2025-01-12,Salmon,14.09,11.44,0.39,6.25
2025-01-12,Rice,10.26,8.31,0.82,1.8
2025-01-12,Nori,9.4,4.51,0.81,0.45
2025-01-12,Avocado,13.97,7.74,0.82,2.2
2025-01-12,Cucumber,12.8,6.66,1.48,1.4
2025-01-12,Soy Sauce,10.72,8.36,0.57,1.1
2025-01-12,Ginger,8.09,4.44,1.22,1.3
2025-01-12,Wasabi,17.69,14.63,1.27,3.5
2025-01-12,Tempura Batter,14.1,7.46,0.41,2.0
2025-01-12,Chicken,11.21,9.36,0.48,4.25
2025-01-12,Edamame,13.77,11.23,0.86,2.8
2025-01-12,Cream Cheese,12.06,8.73,0.25,3.75
2025-01-13,Tuna,19.37,14.93,0.8,7.5
2025-01-13,Salmon,13.02,9.4,0.36,6.25
2025-01-13,Rice,14.83,12.14,2.11,1.8
2025-01-13,Nori,4.76,7.09,0.48,0.45
2025-01-13,Avocado,6.68,5.14,0.15,2.2
2025-01-13,Cucumber,9.25,8.38,1.28,1.4
2025-01-13,Soy Sauce,16.96,11.81,0.82,1.1
2025-01-13,Ginger,18.11,15.71,1.6,1.3
2025-01-13,Wasabi,15.32,13.88,1.11,3.5
2025-01-13,Tempura Batter,14.7,12.11,0.85,2.0
2025-01-13,Chicken,13.77,15.0,0.62,4.25
2025-01-13,Edamame,18.23,14.73,0.24,2.8
2025-01-13,Cream Cheese,8.93,2.53,0.71,3.75
2025-01-14,Tuna,22.65,18.06,0.4,7.5
2025-01-14,Salmon,4.07,1.99,0.78,6.25
2025-01-14,Rice,14.58,13.8,0.89,1.8
2025-01-14,Nori,17.68,12.71,0.65,0.45
2025-01-14,Avocado,17.35,13.77,1.24,2.2
2025-01-14,Cucumber,5.58,8.72,0.68,1.4
2025-01-14,Ginger,12.47,9.7,0.85,1.3
2025-01-14,Wasabi,2.35,2.86,1.36,3.5
2025-01-14,Tempura Batter,14.24,11.24,0.13,2.0
2025-01-14,Chicken,14.23,11.98,0.49,4.25
2025-01-14,Edamame,7.42,6.15,1.79,2.8
2025-01-14,Cream Cheese,15.18,10.6,0.7,3.75
2025-01-15,Tuna,12.48,10.75,1.47,7.5
2025-01-15,Salmon,14.91,13.49,0.6,6.25
2025-01-15,Rice,13.63,16.3,0.96,1.8
2025-01-15,Nori,15.65,14.15,0.88,0.45
2025-01-15,Avocado,14.55,14.01,1.22,2.2
2025-01-15,Cucumber,15.88,13.19,0.85,1.4
2025-01-15,Soy Sauce,22.46,14.83,1.1,1.1
2025-01-15,Ginger,18.63,15.24,1.75,1.3
2025-01-15,Wasabi,5.66,6.14,0.88,3.5
2025-01-15,Tempura Batter,12.49,14.64,0.8,2.0
2025-01-15,Chicken,15.77,11.28,1.01,4.25
2025-01-15,Edamame,5.61,4.77,0.4,2.8
2025-01-15,Cream Cheese,18.71,14.96,0.49,3.75
2025-01-16,Tuna,13.46,12.58,1.82,7.5
2025-01-16,Salmon,18.87,14.3,1.49,6.25
2025-01-16,Rice,19.13,16.06,0.71,1.8
2025-01-16,Nori,20.21,17.15,0.43,0.45
2025-01-16,Avocado,20.99,19.87,0.0,2.2
2025-01-16,Cucumber,17.51,15.97,1.02,1.4
2025-01-16,Soy Sauce,19.52,19.27,0.78,1.1
2025-01-16,Ginger,22.3,17.93,0.71,1.3
2025-01-16,Wasabi,24.37,21.56,1.0,3.5
2025-01-16,Tempura Batter,23.56,18.6,1.46,2.0
2025-01-16,Chicken,13.86,8.4,0.88,4.25
2025-01-16,Edamame,12.46,9.02,0.9,2.8
2025-01-16,Cream Cheese,23.23,19.47,0.41,3.75
2025-01-17,Tuna,10.86,7.95,0.13,7.5
2025-01-17,Salmon,11.65,9.14,0.59,6.25
2025-01-17,Rice,16.43,14.91,0.0,1.8
2025-01-17,Nori,8.22,5.26,0.51,0.45
2025-01-17,Avocado,13.97,7.05,1.21,2.2
2025-01-17,Cucumber,15.23,11.77,0.67,1.4
2025-01-17,Soy Sauce,12.05,6.98,1.23,1.1
2025-01-17,Ginger,7.54,4.09,0.97,1.3
2025-01-17,Wasabi,17.91,10.71,1.79,3.5
2025-01-17,Tempura Batter,13.04,10.49,0.63,2.0
2025-01-17,Chicken,10.71,9.55,1.05,4.25
2025-01-17,Edamame,25.95,19.85,1.19,2.8
2025-01-17,Cream Cheese,1.64,2.37,1.33,3.75
2025-01-18,Tuna,22.58,18.48,0.65,7.5
2025-01-18,Salmon,21.92,17.41,1.37,6.25
2025-01-18,Rice,8.26,4.57,1.69,1.8
2025-01-18,Nori,19.01,14.11,0.82,0.45
2025-01-18,Avocado,18.23,12.42,0.47,2.2
2025-01-18,Cucumber,10.97,8.93,0.81,1.4
2025-01-18,Soy Sauce,10.02,5.56,0.72,1.1
2025-01-18,Ginger,14.18,15.41,1.23,1.3
2025-01-18,Wasabi,21.22,17.35,0.82,3.5
2025-01-18,Tempura Batter,21.0,15.46,1.06,2.0
2025-01-18,Chicken,20.7,14.39,1.18,4.25
2025-01-18,Edamame,14.33,8.8,0.74,2.8
2025-01-18,Cream Cheese,15.35,12.13,1.28,3.75
2025-01-19,Tuna,22.04,19.0,1.67,7.5
2025-01-19,Salmon,18.46,12.66,0.9,6.25
2025-01-19,Rice,16.87,10.03,0.51,1.8
2025-01-19,Nori,9.87,9.38,1.43,0.45
2025-01-19,Avocado,21.76,18.01,0.31,2.2
2025-01-19,Cucumber,14.37,11.97,0.28,1.4
2025-01-19,Soy Sauce,14.06,10.04,0.5,1.1
2025-01-19,Ginger,12.61,13.17,1.64,1.3
2025-01-19,Wasabi,15.17,10.43,0.0,3.5
2025-01-19,Tempura Batter,14.35,13.61,0.42,2.0
2025-01-19,Chicken,12.1,9.05,1.46,4.25
2025-01-19,Edamame,14.93,13.73,0.84,2.8
2025-01-19,Cream Cheese,13.98,11.68,0.79,3.75
2025-01-20,Tuna,16.61,15.05,0.63,7.5
2025-01-20,Salmon,19.87,15.93,1.44,6.25
2025-01-20,Rice,18.02,17.74,0.94,1.8
2025-01-20,Nori,10.57,9.97,0.41,0.45
2025-01-20,Avocado,13.21,10.8,0.5,2.2
2025-01-20,Cucumber,19.84,11.95,0.0,1.4
2025-01-20,Soy Sauce,19.51,16.55,0.58,1.1
2025-01-20,Ginger,8.45,3.93,0.08,1.3
2025-01-20,Wasabi,21.79,15.31,0.16,3.5
2025-01-20,Tempura Batter,19.72,16.67,0.0,2.0
2025-01-20,Chicken,10.54,7.18,1.0,4.25
2025-01-20,Edamame,8.74,5.68,1.21,2.8
2025-01-20,Cream Cheese,18.17,15.99,1.02,3.75
2025-01-21,Tuna,20.99,16.29,1.25,7.5
2025-01-21,Salmon,15.26,12.45,0.94,6.25
2025-01-21,Rice,14.17,8.94,0.03,1.8
2025-01-21,Nori,12.91,9.98,1.03,0.45
2025-01-21,Avocado,20.61,14.63,0.84,2.2
2025-01-21,Cucumber,11.84,9.13,0.64,1.4
2025-01-21,Soy Sauce,14.95,14.08,0.71,1.1
2025-01-21,Ginger,21.85,18.49,0.27,1.3
2025-01-21,Wasabi,9.17,10.64,0.77,3.5
2025-01-21,Tempura Batter,19.22,18.59,0.07,2.0
2025-01-21,Chicken,14.23,9.39,1.65,4.25
2025-01-21,Edamame,14.22,13.79,0.79,2.8
2025-01-21,Cream Cheese,21.54,19.16,0.87,3.75
2025-01-22,Tuna,12.87,12.96,1.3,7.5
2025-01-22,Salmon,14.43,15.42,0.13,6.25
2025-01-22,Rice,12.62,8.12,0.42,1.8
2025-01-22,Nori,16.24,13.61,0.84,0.45
2025-01-22,Avocado,17.53,13.98,0.79,2.2
2025-01-22,Cucumber,16.74,13.31,0.7,1.4
2025-01-22,Soy Sauce,17.04,10.28,0.58,1.1
2025-01-22,Ginger,19.1,17.47,1.21,1.3
2025-01-22,Wasabi,21.46,19.14,0.47,3.5
2025-01-22,Tempura Batter,13.24,10.28,0.96,2.0
2025-01-22,Chicken,14.0,11.84,1.78,4.25
2025-01-22,Edamame,12.96,11.2,1.22,2.8
2025-01-22,Cream Cheese,21.21,15.39,1.76,3.75
2025-01-23,Tuna,15.81,13.39,0.0,7.5
2025-01-23,Salmon,11.67,8.25,0.21,6.25
2025-01-23,Rice,8.79,5.66,1.19,1.8
2025-01-23,Nori,15.81,11.01,1.11,0.45
2025-01-23,Avocado,23.94,16.6,2.11,2.2
2025-01-23,Cucumber,17.01,14.93,0.83,1.4
2025-01-23,Soy Sauce,19.51,18.29,1.52,1.1
2025-01-23,Ginger,14.77,11.32,0.4,1.3
2025-01-23,Wasabi,9.15,6.71,1.45,3.5
2025-01-23,Tempura Batter,15.42,9.19,0.51,2.0
2025-01-23,Chicken,11.23,7.73,1.14,4.25
2025-01-23,Edamame,16.05,12.75,1.6,2.8
2025-01-23,Cream Cheese,14.44,12.38,0.23,3.75
2025-01-24,Tuna,19.24,17.09,0.64,7.5
2025-01-24,Salmon,23.32,16.21,0.93,6.25
2025-01-24,Rice,14.44,11.45,0.57,1.8
2025-01-24,Nori,12.88,10.58,1.26,0.45
2025-01-24,Avocado,17.37,11.65,0.74,2.2
2025-01-24,Cucumber,16.09,10.53,0.81,1.4
2025-01-24,Soy Sauce,14.56,11.49,0.0,1.1
2025-01-24,Ginger,18.72,13.22,0.68,1.3
2025-01-24,Wasabi,19.83,16.36,1.24,3.5
2025-01-24,Tempura Batter,16.98,15.87,0.84,2.0
2025-01-24,Chicken,21.06,15.83,1.43,4.25
2025-01-24,Edamame,18.5,12.42,0.47,2.8
2025-01-24,Cream Cheese,8.47,6.02,1.4,3.75
2025-01-25,Tuna,7.72,7.66,0.0,7.5
2025-01-25,Salmon,15.05,14.94,1.07,6.25
2025-01-25,Rice,12.15,10.69,0.3,1.8
2025-01-25,Nori,14.32,12.83,0.8,0.45
2025-01-25,Avocado,17.83,13.61,1.27,2.2
2025-01-25,Cucumber,13.56,12.66,1.03,1.4
2025-01-25,Soy Sauce,17.26,14.62,0.66,1.1
2025-01-25,Ginger,22.31,21.9,1.05,1.3
2025-01-25,Wasabi,18.5,16.18,0.72,3.5
2025-01-25,Tempura Batter,13.39,10.39,1.25,2.0
2025-01-25,Chicken,20.43,11.21,0.57,4.25
2025-01-25,Edamame,21.6,17.51,0.85,2.8
2025-01-25,Cream Cheese,17.68,17.88,1.01,3.75
2025-01-26,Tuna,11.26,9.13,0.56,7.5
2025-01-26,Salmon,7.84,8.14,0.99,6.25
2025-01-26,Rice,14.14,11.74,1.18,1.8
2025-01-26,Nori,16.27,13.81,0.0,0.45
2025-01-26,Avocado,23.96,16.07,0.59,2.2
2025-01-26,Cucumber,13.52,13.0,0.63,1.4
2025-01-26,Soy Sauce,18.66,9.66,0.45,1.1
2025-01-26,Ginger,11.16,11.06,1.07,1.3
2025-01-26,Wasabi,13.24,8.4,0.0,3.5
2025-01-26,Tempura Batter,10.82,11.51,0.55,2.0
2025-01-26,Chicken,12.65,10.85,0.55,4.25
2025-01-26,Edamame,23.23,15.88,0.97,2.8
2025-01-26,Cream Cheese,11.69,8.56,0.62,3.75
2025-01-27,Tuna,19.13,15.56,0.01,7.5
2025-01-27,Salmon,21.33,16.39,1.55,6.25
2025-01-27,Rice,13.54,9.93,0.21,1.8
2025-01-27,Nori,15.59,11.8,0.48,0.45
2025-01-27,Avocado,16.71,13.37,0.58,2.2
2025-01-27,Cucumber,20.12,17.59,0.87,1.4
2025-01-27,Soy Sauce,10.17,6.13,0.56,1.1
2025-01-27,Ginger,16.21,15.83,1.02,1.3
2025-01-27,Wasabi,7.5,3.27,0.71,3.5
2025-01-27,Tempura Batter,15.4,13.6,0.33,2.0
2025-01-27,Chicken,13.65,10.26,1.09,4.25
2025-01-27,Edamame,14.34,13.22,1.72,2.8
2025-01-27,Cream Cheese,15.09,13.33,1.01,3.75
2025-01-28,Tuna,15.67,13.02,0.65,7.5
2025-01-28,Salmon,22.4,15.94,0.0,6.25
2025-01-28,Rice,19.96,16.92,0.92,1.8
2025-01-28,Nori,15.1,17.41,1.21,0.45
2025-01-28,Avocado,18.75,17.13,0.1,2.2
2025-01-28,Cucumber,18.05,18.56,1.01,1.4
2025-01-28,Soy Sauce,19.89,16.09,1.08,1.1
2025-01-28,Ginger,14.87,10.94,0.45,1.3
2025-01-28,Wasabi,12.76,9.68,0.03,3.5
2025-01-28,Tempura Batter,12.35,14.31,0.98,2.0
2025-01-28,Chicken,15.24,13.83,0.18,4.25
2025-01-28,Edamame,14.65,10.37,0.97,2.8
2025-01-28,Cream Cheese,10.77,7.55,0.93,3.75
2025-01-29,Tuna,13.91,12.88,0.88,7.5
2025-01-29,Salmon,19.74,15.67,1.01,6.25
2025-01-29,Rice,21.91,18.57,0.38,1.8
2025-01-29,Nori,12.0,8.65,0.08,0.45
2025-01-29,Avocado,14.68,10.76,1.39,2.2
2025-01-29,Cucumber,9.02,5.82,0.77,1.4
2025-01-29,Soy Sauce,15.43,12.15,0.78,1.1
2025-01-29,Ginger,23.06,17.57,1.87,1.3
2025-01-29,Wasabi,14.14,11.96,0.32,3.5
2025-01-29,Tempura Batter,14.35,9.92,1.23,2.0
2025-01-29,Chicken,16.37,14.7,0.47,4.25
2025-01-29,Edamame,21.16,19.83,1.51,2.8
2025-01-29,Cream Cheese,15.15,13.62,0.21,3.75
2025-01-30,Tuna,13.08,9.24,0.35,7.5
2025-01-30,Salmon,20.8,18.22,1.15,6.25
2025-01-30,Rice,20.72,14.48,0.58,1.8
2025-01-30,Nori,12.62,12.42,0.85,0.45
2025-01-30,Avocado,20.0,16.56,1.96,2.2
2025-01-30,Cucumber,16.0,14.08,1.03,1.4
2025-01-30,Soy Sauce,7.55,6.15,0.19,1.1
2025-01-30,Ginger,14.94,12.06,1.4,1.3
2025-01-30,Wasabi,12.6,11.6,1.58,3.5
2025-01-30,Tempura Batter,3.3,0.22,0.91,2.0
2025-01-30,Chicken,15.96,11.96,0.86,4.25
2025-01-30,Edamame,15.79,14.0,0.07,2.8
2025-01-30,Cream Cheese,12.76,11.81,0.44,3.75
2025-01-31,Tuna,22.76,16.65,1.37,7.5
2025-01-31,Salmon,18.95,15.83,1.31,6.25
2025-01-31,Rice,20.32,13.42,0.34,1.8
2025-01-31,Nori,15.16,14.69,1.14,0.45
2025-01-31,Avocado,5.7,5.12,0.16,2.2
2025-01-31,Cucumber,16.72,13.01,2.03,1.4
2025-01-31,Soy Sauce,16.18,11.63,0.88,1.1
2025-01-31,Ginger,18.04,14.76,1.35,1.3
2025-01-31,Wasabi,5.89,7.79,1.01,3.5
2025-01-31,Tempura Batter,10.4,4.78,0.53,2.0
2025-01-31,Chicken,16.25,7.85,0.79,4.25
2025-01-31,Edamame,15.66,11.16,1.21,2.8
2025-01-31,Cream Cheese,16.89,16.56,1.07,3.75
2025-02-01,Tuna,11.99,10.83,0.82,7.5
2025-02-01,Salmon,9.6,4.76,0.65,6.25
2025-02-01,Rice,12.81,10.09,0.72,1.8
2025-02-01,Nori,17.37,16.56,0.61,0.45
2025-02-01,Avocado,12.0,11.13,0.88,2.2
2025-02-01,Cucumber,9.3,9.1,1.06,1.4
2025-02-01,Soy Sauce,21.29,18.19,0.75,1.1
2025-02-01,Ginger,13.47,11.5,1.39,1.3
2025-02-01,Wasabi,11.02,12.38,1.4,3.5
2025-02-01,Tempura Batter,20.02,15.82,0.0,2.0
2025-02-01,Chicken,16.78,11.99,0.99,4.25
2025-02-01,Edamame,17.61,12.82,0.87,2.8
2025-02-01,Cream Cheese,20.14,16.81,0.84,3.75
2025-02-02,Tuna,17.77,15.57,0.25,7.5
2025-02-02,Salmon,16.2,12.02,1.26,6.25
2025-02-02,Rice,18.59,15.72,0.71,1.8
2025-02-02,Nori,13.13,9.63,0.0,0.45
2025-02-02,Avocado,20.79,12.09,0.05,2.2
2025-02-02,Cucumber,16.38,12.63,1.05,1.4
2025-02-02,Soy Sauce,12.16,8.13,0.53,1.1
2025-02-02,Ginger,11.19,6.29,1.13,1.3
2025-02-02,Wasabi,10.05,8.13,0.51,3.5
2025-02-02,Tempura Batter,9.95,5.43,1.2,2.0
2025-02-02,Chicken,13.61,10.67,0.86,4.25
2025-02-02,Edamame,13.28,12.98,1.04,2.8
2025-02-02,Cream Cheese,11.66,7.3,0.27,3.75
2025-02-03,Tuna,9.74,6.8,0.77,7.5
2025-02-03,Salmon,13.63,12.41,0.9,6.25
2025-02-03,Rice,18.52,13.19,0.89,1.8
2025-02-03,Nori,9.91,9.6,0.03,0.45
2025-02-03,Avocado,17.88,13.29,0.35,2.2
2025-02-03,Cucumber,15.67,13.02,1.16,1.4
2025-02-03,Soy Sauce,13.93,15.46,1.32,1.1
2025-02-03,Ginger,14.95,13.01,0.55,1.3
2025-02-03,Wasabi,14.12,12.13,0.33,3.5
2025-02-03,Tempura Batter,10.09,9.17,1.47,2.0
2025-02-03,Chicken,19.73,12.22,0.99,4.25
2025-02-03,Edamame,15.23,14.36,0.69,2.8
2025-02-03,Cream Cheese,14.02,12.29,0.57,3.75
2025-02-04,Tuna,17.56,13.68,0.13,7.5
2025-02-04,Salmon,17.24,13.13,0.5,6.25
2025-02-04,Rice,13.12,9.23,0.0,1.8
2025-02-04,Nori,18.28,12.01,0.0,0.45
2025-02-04,Avocado,19.38,15.29,0.08,2.2
2025-02-04,Cucumber,19.08,14.08,0.21,1.4
2025-02-04,Soy Sauce,12.22,9.17,1.29,1.1
2025-02-04,Ginger,12.75,9.84,0.47,1.3
2025-02-04,Wasabi,17.19,12.1,0.85,3.5
2025-02-04,Tempura Batter,13.5,10.57,0.4,2.0
2025-02-04,Chicken,13.43,8.02,1.62,4.25
2025-02-04,Edamame,9.0,4.83,1.23,2.8
2025-02-04,Cream Cheese,9.21,7.15,0.51,3.75
2025-02-05,Tuna,25.91,19.6,0.34,7.5
2025-02-05,Salmon,10.71,6.16,1.07,6.25
2025-02-05,Rice,17.86,16.98,1.16,1.8
2025-02-05,Nori,13.32,9.07,0.78,0.45
2025-02-05,Avocado,23.5,19.6,0.64,2.2
2025-02-05,Cucumber,15.35,12.55,0.22,1.4
2025-02-05,Soy Sauce,25.9,19.7,0.71,1.1
2025-02-05,Ginger,21.9,14.8,1.42,1.3
2025-02-05,Wasabi,13.59,10.77,0.0,3.5
2025-02-05,Tempura Batter,20.58,15.1,1.42,2.0
2025-02-05,Chicken,18.51,14.8,0.3,4.25
2025-02-05,Edamame,15.02,13.28,1.06,2.8
2025-02-05,Cream Cheese,12.98,8.94,1.46,3.75
2025-02-06,Tuna,17.17,13.51,1.26,7.5
2025-02-06,Salmon,21.87,19.08,1.06,6.25
2025-02-06,Rice,22.38,18.04,0.0,1.8
2025-02-06,Nori,13.64,9.14,0.6,0.45
2025-02-06,Avocado,24.48,17.76,0.5,2.2
2025-02-06,Cucumber,10.15,7.87,0.59,1.4
2025-02-06,Soy Sauce,19.07,18.14,1.17,1.1
2025-02-06,Ginger,22.19,17.55,1.02,1.3
2025-02-06,Wasabi,18.05,11.35,0.68,3.5
2025-02-06,Tempura Batter,18.48,15.79,0.0,2.0
2025-02-06,Chicken,13.61,10.92,0.73,4.25
2025-02-06,Edamame,13.61,9.36,1.17,2.8
2025-02-06,Cream Cheese,13.15,10.78,0.27,3.75
2025-02-07,Tuna,18.77,13.02,1.49,7.5
2025-02-07,Salmon,16.59,9.6,0.62,6.25
2025-02-07,Rice,8.21,7.94,0.26,1.8
2025-02-07,Nori,15.82,13.33,0.48,0.45
2025-02-07,Avocado,9.44,8.61,0.36,2.2
2025-02-07,Cucumber,22.67,16.06,1.73,1.4
2025-02-07,Soy Sauce,16.76,14.75,0.47,1.1
2025-02-07,Ginger,17.53,15.02,1.01,1.3
2025-02-07,Wasabi,23.16,19.72,1.94,3.5
2025-02-07,Tempura Batter,11.39,7.49,0.96,2.0
2025-02-07,Chicken,12.67,8.06,1.57,4.25
2025-02-07,Edamame,24.63,20.81,0.0,2.8
2025-02-07,Cream Cheese,18.39,13.91,0.68,3.75
2025-02-08,Tuna,14.89,12.86,0.73,7.5
2025-02-08,Salmon,21.85,16.07,0.16,6.25
2025-02-08,Rice,9.78,9.95,1.72,1.8
2025-02-08,Nori,14.48,15.48,0.77,0.45
2025-02-08,Avocado,12.35,10.87,1.32,2.2
2025-02-08,Cucumber,19.59,16.05,0.48,1.4
2025-02-08,Soy Sauce,12.55,9.47,0.57,1.1
2025-02-08,Ginger,16.09,11.98,0.03,1.3
2025-02-08,Wasabi,11.9,8.97,1.58,3.5
2025-02-08,Tempura Batter,18.37,15.38,1.0,2.0
2025-02-08,Chicken,16.75,11.59,1.02,4.25
2025-02-08,Edamame,17.4,17.12,0.4,2.8
2025-02-08,Cream Cheese,17.09,13.1,2.0,3.75
2025-02-09,Tuna,7.7,4.77,0.76,7.5
2025-02-09,Salmon,19.42,12.95,1.24,6.25
2025-02-09,Rice,11.65,5.58,1.55,1.8
2025-02-09,Nori,12.82,13.05,0.72,0.45
2025-02-09,Avocado,18.87,13.87,0.0,2.2
2025-02-09,Cucumber,14.12,8.92,1.55,1.4
2025-02-09,Soy Sauce,19.02,13.72,1.03,1.1
2025-02-09,Ginger,19.14,15.85,1.04,1.3
2025-02-09,Wasabi,11.56,7.11,0.17,3.5
2025-02-09,Tempura Batter,17.01,14.88,0.98,2.0
2025-02-09,Chicken,10.18,8.19,0.98,4.25
2025-02-09,Edamame,20.2,15.02,0.22,2.8
2025-02-09,Cream Cheese,7.04,6.0,0.27,3.75
2025-02-10,Tuna,23.95,18.27,0.3,7.5
2025-02-10,Salmon,24.4,18.84,0.0,6.25
2025-02-10,Rice,7.56,7.88,0.76,1.8
2025-02-10,Nori,15.1,12.07,0.0,0.45
2025-02-10,Avocado,9.81,6.29,1.11,2.2
2025-02-10,Cucumber,4.36,3.92,1.31,1.4
2025-02-10,Soy Sauce,10.07,7.1,0.14,1.1
2025-02-10,Ginger,14.29,15.33,0.65,1.3
2025-02-10,Wasabi,19.98,15.76,0.57,3.5
2025-02-10,Tempura Batter,11.74,9.21,0.16,2.0
2025-02-10,Chicken,14.43,11.6,0.59,4.25
2025-02-10,Edamame,16.86,16.0,0.0,2.8
2025-02-10,Cream Cheese,13.15,9.9,0.75,3.75
2025-02-11,Tuna,12.14,11.4,0.31,7.5
2025-02-11,Salmon,11.91,10.05,1.35,6.25
2025-02-11,Rice,14.99,13.06,1.35,1.8
2025-02-11,Nori,14.07,13.79,0.0,0.45
2025-02-11,Avocado,10.88,6.7,1.25,2.2
2025-02-11,Cucumber,9.68,5.36,1.11,1.4
2025-02-11,Soy Sauce,22.48,17.58,1.48,1.1
2025-02-11,Ginger,17.86,13.95,0.63,1.3
2025-02-11,Wasabi,15.62,15.28,0.73,3.5
2025-02-11,Tempura Batter,19.98,14.16,0.56,2.0
2025-02-11,Chicken,18.47,15.87,1.29,4.25
2025-02-11,Edamame,13.25,8.79,0.75,2.8
2025-02-11,Cream Cheese,9.95,7.26,1.46,3.75
2025-02-12,Tuna,7.95,7.92,1.0,7.5
2025-02-12,Salmon,11.42,5.29,1.57,6.25
2025-02-12,Rice,19.13,16.15,1.63,1.8
2025-02-12,Nori,19.32,17.38,1.52,0.45
2025-02-12,Avocado,10.96,8.35,0.0,2.2
2025-02-12,Cucumber,14.99,12.58,0.57,1.4
2025-02-12,Soy Sauce,13.18,11.34,0.82,1.1
2025-02-12,Ginger,18.01,17.13,1.23,1.3
2025-02-12,Wasabi,16.61,12.86,0.78,3.5
2025-02-12,Tempura Batter,13.02,9.13,1.06,2.0
2025-02-12,Chicken,9.12,8.8,0.84,4.25
2025-02-12,Edamame,20.03,15.02,1.4,2.8
2025-02-12,Cream Cheese,15.96,13.49,0.8,3.75
2025-02-13,Tuna,8.66,7.03,0.77,7.5
2025-02-13,Salmon,14.12,10.93,0.11,6.25
2025-02-13,Rice,11.95,7.39,0.38,1.8
2025-02-13,Nori,12.49,9.3,0.33,0.45
2025-02-13,Avocado,16.91,16.43,0.8,2.2
2025-02-13,Cucumber,12.32,9.01,0.55,1.4
2025-02-13,Soy Sauce,17.35,11.91,0.46,1.1
2025-02-13,Ginger,11.59,9.22,1.54,1.3
2025-02-13,Wasabi,17.11,11.64,0.71,3.5
2025-02-13,Tempura Batter,20.57,16.76,1.08,2.0
2025-02-13,Chicken,6.09,6.26,1.34,4.25
2025-02-13,Edamame,24.07,16.23,0.06,2.8
2025-02-13,Cream Cheese,14.9,13.94,0.43,3.75
2025-02-14,Tuna,13.76,9.99,0.47,7.5
2025-02-14,Salmon,16.8,12.13,1.36,6.25
2025-02-14,Rice,18.67,14.77,0.73,1.8
2025-02-14,Nori,13.8,9.72,0.27,0.45
2025-02-14,Avocado,13.33,12.48,0.78,2.2
2025-02-14,Cucumber,9.98,7.79,0.46,1.4
2025-02-14,Soy Sauce,11.64,8.81,0.0,1.1
2025-02-14,Ginger,9.4,4.79,0.87,1.3
2025-02-14,Wasabi,14.05,9.11,0.48,3.5
2025-02-14,Tempura Batter,11.11,9.68,1.75,2.0
2025-02-14,Chicken,16.33,12.94,1.03,4.25
2025-02-14,Edamame,6.4,4.59,1.03,2.8
2025-02-14,Cream Cheese,19.39,11.98,0.53,3.75
2025-02-15,Tuna,20.38,15.77,0.87,7.5
2025-02-15,Salmon,15.72,13.3,0.0,6.25
2025-02-15,Rice,17.25,13.4,1.09,1.8
2025-02-15,Nori,17.19,12.25,0.37,0.45
2025-02-15,Avocado,18.9,17.87,0.75,2.2
2025-02-15,Cucumber,16.69,14.72,1.17,1.4
2025-02-15,Soy Sauce,13.87,10.63,0.71,1.1
2025-02-15,Ginger,17.19,9.69,0.38,1.3
2025-02-15,Wasabi,4.25,2.86,0.87,3.5
2025-02-15,Tempura Batter,15.53,10.49,1.29,2.0
2025-02-15,Chicken,10.36,10.73,0.16,4.25
2025-02-15,Edamame,11.74,11.87,0.62,2.8
2025-02-15,Cream Cheese,21.37,17.69,0.82,3.75
2025-02-16,Tuna,11.2,7.84,0.67,7.5
2025-02-16,Salmon,17.41,12.95,1.25,6.25
2025-02-16,Rice,16.54,12.52,0.54,1.8
2025-02-16,Nori,17.76,16.53,0.7,0.45
2025-02-16,Avocado,18.98,16.95,0.13,2.2
2025-02-16,Cucumber,16.14,10.36,0.0,1.4
2025-02-16,Soy Sauce,14.14,12.41,0.72,1.1
2025-02-16,Ginger,15.53,10.61,0.83,1.3
2025-02-16,Wasabi,21.61,16.04,0.81,3.5
2025-02-16,Tempura Batter,14.32,10.56,1.09,2.0
2025-02-16,Chicken,10.86,7.39,0.67,4.25
2025-02-16,Edamame,11.94,10.32,0.49,2.8
2025-02-16,Cream Cheese,19.29,17.02,1.37,3.75
2025-02-17,Tuna,13.26,12.52,0.9,7.5
2025-02-17,Salmon,11.46,7.25,0.7,6.25
2025-02-17,Rice,21.29,15.42,0.0,1.8
2025-02-17,Nori,10.74,10.16,1.88,0.45
2025-02-17,Avocado,10.61,10.24,1.92,2.2
2025-02-17,Cucumber,8.85,9.1,0.22,1.4
2025-02-17,Soy Sauce,15.66,12.57,0.38,1.1
2025-02-17,Ginger,13.17,10.06,1.46,1.3
2025-02-17,Wasabi,15.21,13.33,0.69,3.5
2025-02-17,Tempura Batter,21.44,15.08,0.25,2.0
2025-02-17,Chicken,18.83,16.46,0.0,4.25
2025-02-17,Edamame,10.38,4.71,1.53,2.8
2025-02-17,Cream Cheese,12.3,9.72,0.0,3.75
2025-02-18,Tuna,17.99,15.05,0.02,7.5
2025-02-18,Salmon,13.04,12.82,1.08,6.25
2025-02-18,Rice,11.34,7.67,0.47,1.8
2025-02-18,Nori,7.53,2.54,1.33,0.45
2025-02-18,Avocado,13.46,9.91,1.02,2.2
2025-02-18,Cucumber,20.33,13.88,1.01,1.4
2025-02-18,Soy Sauce,14.43,10.57,0.59,1.1
2025-02-18,Ginger,13.18,7.74,1.07,1.3
2025-02-18,Wasabi,6.19,4.55,1.18,3.5
2025-02-18,Tempura Batter,7.24,5.74,2.13,2.0
2025-02-18,Chicken,15.84,10.68,1.55,4.25
2025-02-18,Edamame,11.9,8.37,1.83,2.8
2025-02-18,Cream Cheese,21.57,13.84,0.48,3.75
2025-02-19,Tuna,22.22,19.19,0.64,7.5
2025-02-19,Salmon,17.34,14.56,0.76,6.25
2025-02-19,Rice,13.33,13.94,0.4,1.8
2025-02-19,Nori,19.87,14.89,0.98,0.45
2025-02-19,Avocado,16.91,13.1,1.28,2.2
2025-02-19,Cucumber,8.28,6.3,0.76,1.4
2025-02-19,Soy Sauce,11.56,12.78,0.17,1.1
2025-02-19,Ginger,16.96,11.93,0.59,1.3
2025-02-19,Wasabi,13.39,9.33,0.64,3.5
2025-02-19,Tempura Batter,18.08,15.52,0.24,2.0
2025-02-19,Chicken,23.16,17.68,0.32,4.25
2025-02-19,Edamame,15.93,13.58,1.11,2.8
2025-02-19,Cream Cheese,13.24,8.5,1.4,3.75
2025-02-20,Tuna,11.35,8.21,1.41,7.5
2025-02-20,Salmon,9.66,7.99,1.13,6.25
2025-02-20,Rice,11.21,11.36,0.64,1.8
2025-02-20,Nori,26.11,18.99,0.48,0.45
2025-02-20,Avocado,10.43,8.35,1.7,2.2
2025-02-20,Cucumber,21.3,15.37,1.3,1.4
2025-02-20,Soy Sauce,7.82,6.72,0.45,1.1
2025-02-20,Ginger,11.56,9.91,0.52,1.3
2025-02-20,Wasabi,17.83,14.56,1.41,3.5
2025-02-20,Tempura Batter,14.65,13.01,0.89,2.0
2025-02-20,Chicken,4.33,5.95,1.12,4.25
2025-02-20,Edamame,19.22,16.07,0.6,2.8
2025-02-20,Cream Cheese,11.97,6.63,1.05,3.75
2025-02-21,Tuna,16.16,13.16,0.57,7.5
2025-02-21,Salmon,11.05,7.55,0.53,6.25
2025-02-21,Rice,16.74,10.3,0.78,1.8
2025-02-21,Nori,4.12,2.19,0.3,0.45
2025-02-21,Avocado,11.59,11.44,1.02,2.2
2025-02-21,Cucumber,12.86,10.82,0.87,1.4
2025-02-21,Soy Sauce,14.42,11.69,0.69,1.1
2025-02-21,Ginger,15.61,11.92,0.91,1.3
2025-02-21,Wasabi,18.41,16.51,0.92,3.5
2025-02-21,Tempura Batter,24.7,21.78,0.8,2.0
2025-02-21,Chicken,8.52,6.95,0.75,4.25
2025-02-21,Edamame,18.43,14.13,0.96,2.8
2025-02-21,Cream Cheese,16.22,15.22,1.04,3.75
2025-02-22,Tuna,15.3,12.05,0.62,7.5
2025-02-22,Salmon,8.76,8.19,0.96,6.25
2025-02-22,Rice,16.73,13.99,0.79,1.8
2025-02-22,Nori,13.13,9.12,0.83,0.45
2025-02-22,Avocado,15.27,10.54,1.12,2.2
2025-02-22,Cucumber,8.95,5.86,0.32,1.4
2025-02-22,Soy Sauce,9.25,12.56,0.9,1.1
2025-02-22,Ginger,17.63,14.85,0.22,1.3
2025-02-22,Wasabi,25.14,19.83,0.53,3.5
2025-02-22,Tempura Batter,9.99,10.96,1.04,2.0
2025-02-22,Chicken,10.86,6.52,1.31,4.25
2025-02-22,Edamame,12.59,11.72,1.42,2.8
2025-02-22,Cream Cheese,15.2,12.01,0.33,3.75
2025-02-23,Tuna,15.37,12.77,0.14,7.5
2025-02-23,Salmon,23.88,17.36,1.31,6.25
2025-02-23,Rice,22.01,15.48,0.28,1.8
2025-02-23,Nori,9.93,7.76,0.95,0.45
2025-02-23,Avocado,11.79,10.83,0.8,2.2
2025-02-23,Cucumber,16.31,11.62,0.82,1.4
2025-02-23,Soy Sauce,8.15,4.38,1.59,1.1
2025-02-23,Ginger,17.09,12.12,0.55,1.3
2025-02-23,Wasabi,15.77,14.26,0.68,3.5
2025-02-23,Tempura Batter,15.0,11.05,0.39,2.0
2025-02-23,Chicken,10.08,6.14,1.02,4.25
2025-02-23,Edamame,17.32,12.45,0.7,2.8
2025-02-23,Cream Cheese,15.43,13.13,0.67,3.75
2025-02-24,Tuna,20.89,13.36,1.17,7.5
2025-02-24,Salmon,18.74,14.19,0.0,6.25
2025-02-24,Rice,18.1,13.28,0.84,1.8
2025-02-24,Nori,12.95,11.83,0.58,0.45
2025-02-24,Avocado,13.67,8.67,1.55,2.2
2025-02-24,Cucumber,21.04,19.74,0.47,1.4
2025-02-24,Soy Sauce,9.96,9.0,0.3,1.1
2025-02-24,Ginger,14.69,9.94,0.44,1.3
2025-02-24,Wasabi,21.95,16.21,0.94,3.5
2025-02-24,Tempura Batter,17.19,16.92,0.52,2.0
2025-02-24,Chicken,16.2,12.76,1.51,4.25
2025-02-24,Edamame,9.93,8.0,0.76,2.8
2025-02-24,Cream Cheese,10.84,9.93,0.56,3.75
2025-02-25,Tuna,16.91,11.02,0.29,7.5
2025-02-25,Salmon,20.81,15.26,0.54,6.25
2025-02-25,Rice,17.19,13.04,1.01,1.8
2025-02-25,Nori,13.97,12.33,1.13,0.45
2025-02-25,Avocado,13.56,10.5,0.89,2.2
2025-02-25,Cucumber,22.28,15.42,0.43,1.4
2025-02-25,Soy Sauce,12.24,12.21,1.54,1.1
2025-02-25,Ginger,14.58,12.18,0.83,1.3
2025-02-25,Wasabi,13.95,12.41,1.39,3.5
2025-02-25,Tempura Batter,19.15,14.58,0.46,2.0
2025-02-25,Chicken,11.84,9.06,1.2,4.25
2025-02-25,Edamame,15.45,14.01,0.0,2.8
2025-02-25,Cream Cheese,9.79,8.11,0.88,3.75
2025-02-26,Tuna,8.39,7.31,1.58,7.5
2025-02-26,Salmon,25.04,17.47,1.03,6.25
2025-02-26,Rice,17.27,14.58,0.62,1.8
2025-02-26,Nori,21.21,15.49,1.19,0.45
2025-02-26,Avocado,12.42,8.64,0.41,2.2
2025-02-26,Cucumber,16.97,10.7,0.2,1.4
2025-02-26,Soy Sauce,24.77,20.67,0.57,1.1
2025-02-26,Ginger,13.9,12.27,0.53,1.3
2025-02-26,Wasabi,14.64,12.29,0.33,3.5
2025-02-26,Tempura Batter,11.49,11.11,0.16,2.0
2025-02-26,Chicken,13.21,6.87,1.0,4.25
2025-02-26,Edamame,17.41,14.38,1.05,2.8
2025-02-26,Cream Cheese,20.52,16.7,1.62,3.75
2025-02-27,Tuna,16.05,11.85,1.15,7.5
2025-02-27,Salmon,11.36,8.27,0.0,6.25
2025-02-27,Rice,13.92,11.48,0.63,1.8
2025-02-27,Nori,14.39,10.37,0.36,0.45
2025-02-27,Avocado,23.57,19.44,0.4,2.2
2025-02-27,Cucumber,19.58,14.59,0.98,1.4
2025-02-27,Soy Sauce,15.45,7.98,1.12,1.1
2025-02-27,Ginger,10.43,7.01,0.69,1.3
2025-02-27,Wasabi,12.64,12.03,0.83,3.5
2025-02-27,Tempura Batter,10.98,8.67,0.99,2.0
2025-02-27,Chicken,12.51,10.09,1.21,4.25
2025-02-27,Edamame,10.15,8.45,0.17,2.8
2025-02-27,Cream Cheese,11.97,8.71,1.12,3.75
2025-02-28,Tuna,12.99,8.78,0.85,7.5
2025-02-28,Salmon,9.82,6.47,1.4,6.25
2025-02-28,Rice,11.44,4.43,0.49,1.8
2025-02-28,Nori,8.68,5.4,1.22,0.45
2025-02-28,Avocado,14.5,10.88,1.86,2.2
2025-02-28,Cucumber,21.79,12.82,1.43,1.4
2025-02-28,Soy Sauce,15.79,12.21,0.64,1.1
2025-02-28,Ginger,17.12,13.0,0.6,1.3
2025-02-28,Wasabi,12.12,6.48,1.29,3.5
2025-02-28,Tempura Batter,9.67,6.33,1.31,2.0
2025-02-28,Chicken,17.31,15.69,1.29,4.25
2025-02-28,Edamame,15.84,12.06,0.34,2.8
2025-02-28,Cream Cheese,1.45,0.0,1.07,3.75
2025-03-01,Tuna,15.48,11.18,1.35,7.5
2025-03-01,Salmon,12.82,10.68,0.0,6.25
2025-03-01,Rice,6.13,5.81,1.08,1.8
2025-03-01,Nori,12.65,10.72,0.48,0.45
2025-03-01,Avocado,13.73,8.88,0.85,2.2
2025-03-01,Cucumber,14.58,15.97,1.07,1.4
2025-03-01,Soy Sauce,12.5,10.06,1.48,1.1
2025-03-01,Ginger,14.42,10.44,0.29,1.3
2025-03-01,Wasabi,11.96,12.14,0.77,3.5
2025-03-01,Tempura Batter,18.75,13.54,0.39,2.0
2025-03-01,Chicken,11.6,9.88,0.67,4.25
2025-03-01,Edamame,6.83,8.14,0.28,2.8
2025-03-01,Cream Cheese,14.51,11.8,1.08,3.75
2025-03-02,Tuna,17.47,15.37,0.01,7.5
2025-03-02,Salmon,16.59,13.61,0.67,6.25
2025-03-02,Rice,20.78,16.88,0.86,1.8
2025-03-02,Nori,17.35,12.66,0.46,0.45
2025-03-02,Avocado,11.01,8.48,0.21,2.2
2025-03-02,Cucumber,15.01,11.82,0.77,1.4
2025-03-02,Soy Sauce,16.86,10.55,1.27,1.1
2025-03-02,Ginger,14.8,11.61,1.49,1.3
2025-03-02,Wasabi,10.73,9.66,0.91,3.5
2025-03-02,Tempura Batter,17.63,13.66,1.21,2.0
2025-03-02,Chicken,9.25,9.07,0.51,4.25
2025-03-02,Edamame,15.48,14.33,0.0,2.8
2025-03-02,Cream Cheese,14.44,12.58,0.0,3.75
2025-03-03,Tuna,14.53,12.3,1.64,7.5
2025-03-03,Salmon,16.53,12.36,0.79,6.25
2025-03-03,Rice,11.63,9.61,1.34,1.8
2025-03-03,Nori,15.01,14.99,0.18,0.45
2025-03-03,Avocado,12.35,7.23,0.0,2.2
2025-03-03,Cucumber,18.94,15.15,0.87,1.4
2025-03-03,Soy Sauce,15.49,10.11,0.86,1.1
2025-03-03,Ginger,6.8,6.22,0.0,1.3
2025-03-03,Wasabi,22.65,16.8,1.34,3.5
2025-03-03,Tempura Batter,11.57,11.43,0.27,2.0
2025-03-03,Chicken,10.95,8.04,1.49,4.25
2025-03-03,Edamame,19.56,17.53,0.0,2.8
2025-03-03,Cream Cheese,12.71,7.33,0.92,3.75
2025-03-04,Tuna,12.73,10.58,0.42,7.5
2025-03-04,Salmon,14.33,7.18,1.66,6.25
2025-03-04,Rice,8.2,8.71,0.88,1.8
2025-03-04,Nori,15.67,11.41,1.23,0.45
2025-03-04,Avocado,12.88,7.32,0.62,2.2
2025-03-04,Cucumber,16.91,14.43,1.26,1.4
2025-03-04,Soy Sauce,7.03,2.55,0.38,1.1
2025-03-04,Ginger,17.78,12.29,0.4,1.3
2025-03-04,Wasabi,10.42,8.16,0.58,3.5
2025-03-04,Tempura Batter,11.01,7.8,0.88,2.0
2025-03-04,Chicken,15.21,13.85,0.33,4.25
2025-03-04,Edamame,14.04,11.53,0.69,2.8
2025-03-04,Cream Cheese,12.83,9.17,0.33,3.75
2025-03-05,Tuna,13.9,11.51,0.78,7.5
2025-03-05,Salmon,17.11,16.74,0.0,6.25
2025-03-05,Rice,10.32,9.62,0.0,1.8
2025-03-05,Nori,23.1,18.99,1.13,0.45
2025-03-05,Avocado,14.7,10.86,0.59,2.2
2025-03-05,Cucumber,18.64,15.26,0.78,1.4
2025-03-05,Soy Sauce,18.09,12.16,0.88,1.1
2025-03-05,Ginger,11.55,7.88,1.04,1.3
2025-03-05,Wasabi,14.32,11.42,0.27,3.5
2025-03-05,Tempura Batter,12.96,12.39,0.67,2.0
2025-03-05,Chicken,14.29,9.32,1.57,4.25
2025-03-05,Edamame,10.41,7.42,0.64,2.8
2025-03-05,Cream Cheese,17.05,13.86,0.61,3.75
2025-03-06,Tuna,14.95,12.38,1.59,7.5
2025-03-06,Salmon,12.34,8.83,1.05,6.25
2025-03-06,Rice,16.16,13.75,1.48,1.8
2025-03-06,Nori,4.46,3.64,1.13,0.45
2025-03-06,Avocado,9.6,8.48,0.57,2.2
2025-03-06,Cucumber,13.13,8.86,1.25,1.4
2025-03-06,Soy Sauce,17.46,12.35,0.11,1.1
2025-03-06,Ginger,18.0,12.3,1.29,1.3
2025-03-06,Wasabi,19.57,17.75,1.26,3.5
2025-03-06,Tempura Batter,14.48,10.29,1.46,2.0
2025-03-06,Chicken,8.11,8.82,1.72,4.25
2025-03-06,Edamame,16.74,13.95,0.72,2.8
2025-03-06,Cream Cheese,7.03,3.62,0.53,3.75
2025-03-07,Tuna,15.27,12.21,0.0,7.5
2025-03-07,Salmon,17.34,13.96,0.96,6.25
2025-03-07,Rice,14.36,11.27,0.89,1.8
2025-03-07,Nori,17.05,13.1,0.94,0.45
2025-03-07,Avocado,20.95,19.4,0.61,2.2
2025-03-07,Cucumber,21.46,18.77,1.27,1.4
2025-03-07,Soy Sauce,15.09,12.54,1.29,1.1
2025-03-07,Ginger,14.01,14.07,0.89,1.3
2025-03-07,Wasabi,13.56,8.02,1.68,3.5
2025-03-07,Tempura Batter,23.21,19.5,0.57,2.0
2025-03-07,Chicken,14.41,13.29,1.97,4.25
2025-03-07,Edamame,20.39,16.78,1.3,2.8
2025-03-07,Cream Cheese,10.82,10.03,0.0,3.75
2025-03-08,Tuna,14.92,12.33,1.06,7.5
2025-03-08,Salmon,16.0,12.05,1.21,6.25
2025-03-08,Rice,10.9,6.16,0.6,1.8
2025-03-08,Nori,19.11,14.07,1.31,0.45
2025-03-08,Avocado,15.87,12.52,1.25,2.2
2025-03-08,Cucumber,7.09,6.0,0.66,1.4
2025-03-08,Soy Sauce,9.13,6.67,0.64,1.1
2025-03-08,Ginger,15.23,12.35,1.33,1.3
2025-03-08,Wasabi,17.15,14.29,0.63,3.5
2025-03-08,Tempura Batter,14.75,11.81,2.06,2.0
2025-03-08,Chicken,7.32,6.17,0.26,4.25
2025-03-08,Edamame,16.54,13.08,0.51,2.8
2025-03-08,Cream Cheese,19.32,15.58,1.27,3.75
2025-03-09,Tuna,15.55,16.81,1.14,7.5
2025-03-09,Salmon,10.34,6.84,0.76,6.25
2025-03-09,Rice,12.47,11.88,1.32,1.8
2025-03-09,Nori,11.34,6.84,0.08,0.45
2025-03-09,Avocado,18.54,11.93,1.98,2.2
2025-03-09,Cucumber,7.12,5.53,0.54,1.4
2025-03-09,Soy Sauce,23.88,21.02,1.34,1.1
2025-03-09,Ginger,13.8,13.2,0.0,1.3
2025-03-09,Wasabi,17.18,9.55,0.93,3.5
2025-03-09,Tempura Batter,16.38,16.22,0.64,2.0
2025-03-09,Chicken,15.93,15.12,0.77,4.25
2025-03-09,Edamame,13.13,8.48,1.0,2.8
2025-03-09,Cream Cheese,19.48,14.73,0.69,3.75
2025-03-10,Tuna,17.83,16.01,1.11,7.5
2025-03-10,Salmon,5.62,4.12,1.96,6.25
2025-03-10,Rice,18.67,14.44,0.39,1.8
2025-03-10,Nori,10.09,7.62,0.77,0.45
2025-03-10,Avocado,24.7,19.66,0.85,2.2
2025-03-10,Cucumber,16.78,12.26,0.14,1.4
2025-03-10,Soy Sauce,8.8,4.31,0.84,1.1
2025-03-10,Ginger,5.56,6.75,1.25,1.3
2025-03-10,Wasabi,13.71,9.91,0.67,3.5
2025-03-10,Tempura Batter,13.68,11.86,0.76,2.0
2025-03-10,Chicken,16.76,14.31,0.63,4.25
2025-03-10,Edamame,18.78,14.43,0.23,2.8
2025-03-10,Cream Cheese,13.84,11.88,0.81,3.75
2025-03-11,Tuna,21.45,17.74,1.88,7.5
2025-03-11,Salmon,15.55,12.88,0.79,6.25
2025-03-11,Rice,16.22,12.57,0.3,1.8
2025-03-11,Nori,12.62,11.07,1.31,0.45
2025-03-11,Avocado,7.61,4.3,0.04,2.2
2025-03-11,Cucumber,15.93,13.73,0.0,1.4
2025-03-11,Soy Sauce,13.74,15.77,0.78,1.1
2025-03-11,Ginger,20.52,14.76,0.0,1.3
2025-03-11,Wasabi,15.1,9.94,1.38,3.5
2025-03-11,Tempura Batter,25.25,17.12,0.55,2.0
2025-03-11,Chicken,15.8,13.49,0.0,4.25
2025-03-11,Edamame,10.65,11.64,0.54,2.8
2025-03-11,Cream Cheese,10.01,6.13,0.41,3.75
2025-03-12,Tuna,9.59,4.86,0.5,7.5
2025-03-12,Salmon,11.32,10.27,1.37,6.25
2025-03-12,Rice,14.86,13.08,0.0,1.8
2025-03-12,Nori,29.0,22.04,1.52,0.45
2025-03-12,Avocado,11.19,9.19,1.0,2.2
2025-03-12,Cucumber,9.45,8.42,1.53,1.4
2025-03-12,Soy Sauce,12.54,11.78,1.28,1.1
2025-03-12,Ginger,8.75,9.7,0.23,1.3
2025-03-12,Wasabi,13.37,9.93,0.89,3.5
2025-03-12,Tempura Batter,19.44,16.91,0.57,2.0
2025-03-12,Chicken,21.94,16.98,0.69,4.25
2025-03-12,Edamame,15.22,13.17,0.22,2.8
2025-03-12,Cream Cheese,22.71,20.79,0.95,3.75
2025-03-13,Tuna,10.41,5.94,0.2,7.5
2025-03-13,Salmon,25.31,18.71,1.08,6.25
2025-03-13,Rice,15.08,12.46,0.78,1.8
2025-03-13,Nori,16.82,13.64,1.29,0.45
2025-03-13,Avocado,14.38,8.33,0.59,2.2
2025-03-13,Cucumber,12.74,9.02,1.01,1.4
2025-03-13,Soy Sauce,7.09,5.05,0.0,1.1
2025-03-13,Ginger,11.03,9.3,0.95,1.3
2025-03-13,Wasabi,10.75,8.85,1.45,3.5
2025-03-13,Tempura Batter,21.41,20.26,1.31,2.0
2025-03-13,Chicken,13.07,13.55,0.4,4.25
2025-03-13,Edamame,3.65,0.0,0.26,2.8
2025-03-13,Cream Cheese,20.68,12.54,1.6,3.75
2025-03-14,Tuna,9.91,8.93,1.45,7.5
2025-03-14,Salmon,12.96,7.98,2.17,6.25
2025-03-14,Rice,20.07,14.7,1.33,1.8
2025-03-14,Nori,13.35,9.77,0.32,0.45
2025-03-14,Avocado,17.99,17.16,1.15,2.2
2025-03-14,Cucumber,18.54,16.53,0.44,1.4
2025-03-14,Soy Sauce,12.54,11.32,0.88,1.1
2025-03-14,Ginger,9.64,8.33,1.07,1.3
2025-03-14,Wasabi,16.88,14.47,0.0,3.5
2025-03-14,Tempura Batter,18.79,16.68,1.83,2.0
2025-03-14,Chicken,14.74,11.47,0.58,4.25
2025-03-14,Edamame,22.93,12.97,0.63,2.8
2025-03-14,Cream Cheese,20.29,17.11,1.39,3.75
2025-03-15,Tuna,11.16,4.27,0.97,7.5
2025-03-15,Salmon,15.74,10.93,0.87,6.25
2025-03-15,Rice,5.56,7.41,1.71,1.8
2025-03-15,Nori,12.88,11.11,0.53,0.45
2025-03-15,Avocado,19.88,17.86,1.12,2.2
2025-03-15,Cucumber,11.15,10.66,1.25,1.4
2025-03-15,Soy Sauce,18.05,16.41,0.78,1.1
2025-03-15,Ginger,16.28,12.39,1.79,1.3
2025-03-15,Wasabi,13.04,10.7,0.71,3.5
2025-03-15,Tempura Batter,7.79,8.23,0.87,2.0
2025-03-15,Chicken,17.11,14.11,0.77,4.25
2025-03-15,Edamame,11.91,8.41,0.88,2.8
2025-03-15,Cream Cheese,17.55,13.9,1.0,3.75
2025-03-16,Tuna,21.42,17.28,1.04,7.5
2025-03-16,Salmon,10.14,5.03,0.65,6.25
2025-03-16,Rice,12.77,12.32,1.84,1.8
2025-03-16,Nori,8.08,2.1,1.01,0.45
2025-03-16,Avocado,11.45,4.38,1.06,2.2
2025-03-16,Cucumber,4.72,2.57,1.07,1.4
2025-03-16,Soy Sauce,21.03,18.85,0.0,1.1
2025-03-16,Ginger,21.83,17.84,0.0,1.3
2025-03-16,Wasabi,17.27,13.37,0.64,3.5
2025-03-16,Tempura Batter,10.47,8.69,0.64,2.0
2025-03-16,Chicken,18.0,13.42,0.0,4.25
2025-03-16,Edamame,17.0,13.02,0.88,2.8
2025-03-16,Cream Cheese,16.22,10.38,1.47,3.75
2025-03-17,Tuna,13.37,10.54,1.19,7.5
2025-03-17,Salmon,18.5,17.13,0.28,6.25
2025-03-17,Rice,13.85,13.1,0.0,1.8
2025-03-17,Nori,12.55,8.72,1.58,0.45
2025-03-17,Avocado,11.92,9.16,0.88,2.2
2025-03-17,Cucumber,10.95,9.41,0.97,1.4
2025-03-17,Soy Sauce,8.68,7.21,0.7,1.1
2025-03-17,Ginger,13.26,13.29,0.73,1.3
2025-03-17,Wasabi,8.47,6.84,1.19,3.5
2025-03-17,Tempura Batter,18.04,11.7,0.76,2.0
2025-03-17,Chicken,20.46,15.87,0.79,4.25
2025-03-17,Edamame,9.53,6.74,0.53,2.8
2025-03-17,Cream Cheese,13.03,9.71,0.08,3.75
2025-03-18,Tuna,9.48,8.5,0.67,7.5
2025-03-18,Salmon,10.52,8.93,0.87,6.25
2025-03-18,Rice,13.23,10.22,0.24,1.8
2025-03-18,Nori,15.77,8.69,0.45,0.45
2025-03-18,Avocado,7.26,3.57,0.45,2.2
2025-03-18,Cucumber,15.8,12.98,1.07,1.4
2025-03-18,Soy Sauce,14.15,11.6,1.37,1.1
2025-03-18,Ginger,3.48,3.13,0.39,1.3
2025-03-18,Wasabi,7.27,5.23,0.51,3.5
2025-03-18,Tempura Batter,18.72,15.9,0.69,2.0
2025-03-18,Chicken,11.38,10.48,1.25,4.25
2025-03-18,Edamame,17.42,16.84,1.61,2.8
2025-03-18,Cream Cheese,10.81,9.32,1.04,3.75
2025-03-19,Tuna,17.11,14.25,0.63,7.5
2025-03-19,Salmon,18.44,16.69,0.77,6.25
2025-03-19,Rice,19.1,18.78,0.57,1.8
2025-03-19,Nori,20.16,16.1,1.25,0.45
2025-03-19,Avocado,10.35,6.71,0.66,2.2
2025-03-19,Cucumber,25.71,21.09,0.79,1.4
2025-03-19,Soy Sauce,16.25,13.14,1.15,1.1
2025-03-19,Ginger,14.31,8.57,0.0,1.3
2025-03-19,Wasabi,14.17,12.82,0.82,3.5
2025-03-19,Tempura Batter,15.53,15.95,0.72,2.0
2025-03-19,Chicken,8.68,6.24,0.08,4.25
2025-03-19,Edamame,14.79,12.65,1.17,2.8
2025-03-19,Cream Cheese,19.94,16.91,1.25,3.75
2025-03-20,Tuna,18.69,17.53,1.52,7.5
2025-03-20,Salmon,12.9,11.85,0.95,6.25
2025-03-20,Rice,11.9,11.71,0.25,1.8
2025-03-20,Nori,22.11,18.55,1.54,0.45
2025-03-20,Avocado,11.73,10.33,0.0,2.2
2025-03-20,Cucumber,19.69,15.87,0.6,1.4
2025-03-20,Soy Sauce,14.08,8.83,0.71,1.1
2025-03-20,Ginger,13.13,11.33,0.6,1.3
2025-03-20,Wasabi,14.37,14.2,0.84,3.5
2025-03-20,Tempura Batter,18.65,15.82,1.33,2.0
2025-03-20,Chicken,22.17,17.36,0.53,4.25
2025-03-20,Edamame,15.55,11.86,0.57,2.8
2025-03-20,Cream Cheese,11.86,9.99,2.07,3.75
2025-03-21,Tuna,16.05,10.92,0.37,7.5
2025-03-21,Salmon,21.05,18.81,0.83,6.25
2025-03-21,Rice,9.9,4.67,1.47,1.8
2025-03-21,Nori,12.6,7.25,0.13,0.45
2025-03-21,Avocado,16.95,14.53,1.47,2.2
2025-03-21,Cucumber,17.86,13.0,1.42,1.4
2025-03-21,Soy Sauce,13.78,10.84,0.24,1.1
2025-03-21,Ginger,17.65,10.8,1.18,1.3
2025-03-21,Wasabi,14.08,7.82,0.99,3.5
2025-03-21,Tempura Batter,19.3,15.32,1.01,2.0
2025-03-21,Chicken,9.22,4.01,0.0,4.25
2025-03-21,Edamame,19.26,16.06,1.22,2.8
2025-03-21,Cream Cheese,17.72,12.63,0.81,3.75
2025-03-22,Tuna,16.93,13.12,1.74,7.5
2025-03-22,Salmon,14.77,14.4,0.52,6.25
2025-03-22,Rice,19.91,14.39,0.44,1.8
2025-03-22,Nori,24.31,20.96,1.01,0.45
2025-03-22,Avocado,12.21,6.98,0.58,2.2
2025-03-22,Cucumber,11.38,9.02,1.49,1.4
2025-03-22,Soy Sauce,15.08,13.86,0.53,1.1
2025-03-22,Ginger,20.17,17.64,1.08,1.3
2025-03-22,Wasabi,11.38,15.22,1.43,3.5
2025-03-22,Tempura Batter,10.87,8.59,1.57,2.0
2025-03-22,Chicken,21.77,17.79,1.16,4.25
2025-03-22,Edamame,21.77,15.91,1.58,2.8
2025-03-22,Cream Cheese,13.96,12.43,0.67,3.75
2025-03-23,Tuna,15.4,12.51,0.29,7.5
2025-03-23,Salmon,13.61,13.75,0.84,6.25
2025-03-23,Rice,15.83,12.6,1.23,1.8
2025-03-23,Nori,22.32,14.87,0.54,0.45
2025-03-23,Avocado,16.55,13.12,0.88,2.2
2025-03-23,Cucumber,7.57,6.94,0.8,1.4
2025-03-23,Soy Sauce,8.03,5.7,0.48,1.1
2025-03-23,Ginger,16.07,10.81,0.26,1.3
2025-03-23,Wasabi,17.34,15.48,0.58,3.5
2025-03-23,Tempura Batter,16.31,13.86,0.35,2.0
2025-03-23,Chicken,9.97,10.52,0.99,4.25
2025-03-23,Edamame,4.78,0.0,1.11,2.8
2025-03-23,Cream Cheese,25.77,18.41,1.27,3.75
2025-03-24,Tuna,16.84,9.49,0.2,7.5
2025-03-24,Salmon,11.09,4.39,1.1,6.25
2025-03-24,Rice,4.79,4.5,1.08,1.8
2025-03-24,Nori,10.07,8.52,1.78,0.45
2025-03-24,Avocado,23.89,20.59,0.72,2.2
2025-03-24,Cucumber,17.49,15.61,0.0,1.4
2025-03-24,Soy Sauce,3.81,0.95,1.24,1.1
2025-03-24,Ginger,16.68,12.06,1.25,1.3
2025-03-24,Wasabi,20.92,17.54,0.94,3.5
2025-03-24,Tempura Batter,14.34,11.85,0.01,2.0
2025-03-24,Chicken,18.92,16.69,0.58,4.25
2025-03-24,Edamame,10.15,9.83,0.76,2.8
2025-03-24,Cream Cheese,15.66,14.07,1.32,3.75
2025-03-25,Tuna,10.46,10.53,1.49,7.5
2025-03-25,Salmon,17.52,12.79,1.24,6.25
2025-03-25,Rice,10.17,8.22,1.32,1.8
2025-03-25,Nori,22.47,19.34,0.49,0.45
2025-03-25,Avocado,20.48,18.73,0.96,2.2
2025-03-25,Cucumber,13.83,10.29,0.33,1.4
2025-03-25,Soy Sauce,12.25,10.5,1.13,1.1
2025-03-25,Ginger,17.41,12.65,0.39,1.3
2025-03-25,Wasabi,15.42,11.17,1.23,3.5
2025-03-25,Tempura Batter,9.85,6.22,0.39,2.0
2025-03-25,Chicken,22.36,15.64,0.0,4.25
2025-03-25,Edamame,12.9,9.38,0.8,2.8
2025-03-25,Cream Cheese,18.92,15.76,0.54,3.75
2025-03-26,Tuna,8.54,7.92,0.43,7.5
2025-03-26,Salmon,13.51,9.74,0.72,6.25
2025-03-26,Rice,10.38,9.4,0.45,1.8
2025-03-26,Nori,11.25,9.74,1.14,0.45
2025-03-26,Avocado,18.12,17.47,1.36,2.2
2025-03-26,Cucumber,18.13,14.77,1.56,1.4
2025-03-26,Soy Sauce,15.12,11.32,0.86,1.1
2025-03-26,Ginger,16.12,12.2,0.82,1.3
2025-03-26,Wasabi,15.52,13.86,0.48,3.5
2025-03-26,Tempura Batter,11.57,9.3,1.31,2.0
2025-03-26,Chicken,14.46,10.15,0.93,4.25
2025-03-26,Edamame,15.85,10.23,1.17,2.8
2025-03-26,Cream Cheese,14.84,12.01,0.85,3.75
2025-03-27,Tuna,7.23,5.88,1.03,7.5
2025-03-27,Salmon,7.17,5.67,0.6,6.25
2025-03-27,Rice,27.96,23.61,1.35,1.8
2025-03-27,Nori,12.5,8.78,0.0,0.45
2025-03-27,Avocado,14.69,10.68,0.09,2.2
2025-03-27,Cucumber,17.52,13.57,0.5,1.4
2025-03-27,Soy Sauce,10.23,8.66,0.63,1.1
2025-03-27,Ginger,14.75,10.73,0.53,1.3
2025-03-27,Wasabi,24.6,18.41,0.92,3.5
2025-03-27,Tempura Batter,12.55,10.62,0.96,2.0
2025-03-27,Chicken,16.56,13.97,0.6,4.25
2025-03-27,Edamame,16.55,13.41,0.51,2.8
2025-03-27,Cream Cheese,14.24,12.45,0.42,3.75
2025-03-28,Tuna,13.83,11.98,0.43,7.5
2025-03-28,Salmon,18.4,16.18,1.72,6.25
2025-03-28,Rice,15.87,14.51,1.38,1.8
2025-03-28,Nori,16.08,9.13,0.91,0.45
2025-03-28,Avocado,17.23,14.17,0.93,2.2
2025-03-28,Cucumber,12.23,11.08,0.97,1.4
2025-03-28,Soy Sauce,16.72,16.1,1.57,1.1
2025-03-28,Ginger,16.53,14.4,0.57,1.3
2025-03-28,Wasabi,24.33,19.46,1.37,3.5
2025-03-28,Tempura Batter,15.11,11.0,0.97,2.0
2025-03-28,Chicken,14.52,11.3,1.36,4.25
2025-03-28,Edamame,20.9,18.4,0.14,2.8
2025-03-28,Cream Cheese,24.89,18.57,1.0,3.75
2025-03-29,Tuna,22.83,19.17,0.35,7.5
2025-03-29,Salmon,7.11,6.75,0.8,6.25
2025-03-29,Rice,11.98,10.14,0.75,1.8
2025-03-29,Nori,17.34,15.43,0.44,0.45
2025-03-29,Avocado,14.92,10.08,0.76,2.2
2025-03-29,Cucumber,19.23,13.12,2.22,1.4
2025-03-29,Soy Sauce,18.64,14.56,0.21,1.1
2025-03-29,Ginger,16.6,13.47,1.25,1.3
2025-03-29,Wasabi,13.83,10.43,1.1,3.5
2025-03-29,Tempura Batter,25.72,19.59,1.43,2.0
2025-03-29,Chicken,17.05,14.91,1.16,4.25
2025-03-29,Edamame,11.5,8.91,1.69,2.8
2025-03-29,Cream Cheese,17.61,14.15,0.98,3.75
2025-03-30,Tuna,10.31,11.62,0.17,7.5
2025-03-30,Salmon,15.63,14.47,0.75,6.25
2025-03-30,Rice,8.65,7.09,0.8,1.8
2025-03-30,Nori,20.94,15.7,0.43,0.45
2025-03-30,Avocado,13.38,13.23,0.83,2.2
2025-03-30,Cucumber,18.68,15.81,1.46,1.4
2025-03-30,Soy Sauce,18.83,15.35,0.68,1.1
2025-03-30,Ginger,9.95,9.86,0.15,1.3
2025-03-30,Wasabi,22.01,15.98,0.26,3.5
2025-03-30,Tempura Batter,12.12,12.27,0.31,2.0
2025-03-30,Chicken,15.0,13.04,0.0,4.25
2025-03-30,Edamame,21.78,18.88,0.25,2.8
2025-03-30,Cream Cheese,15.35,12.51,1.01,3.75
2025-03-31,Tuna,14.27,10.64,1.27,7.5
2025-03-31,Salmon,8.34,6.73,1.22,6.25
2025-03-31,Rice,12.63,9.79,0.56,1.8
2025-03-31,Nori,12.38,10.37,0.17,0.45
2025-03-31,Avocado,18.96,13.84,0.71,2.2
2025-03-31,Cucumber,17.82,15.8,0.52,1.4
2025-03-31,Soy Sauce,17.5,13.64,0.74,1.1
2025-03-31,Ginger,15.13,14.71,0.65,1.3
2025-03-31,Wasabi,20.78,15.86,1.22,3.5
2025-03-31,Tempura Batter,18.34,16.08,0.0,2.0
2025-03-31,Chicken,15.24,10.96,1.2,4.25
2025-03-31,Edamame,10.96,9.89,0.37,2.8
2025-03-31,Cream Cheese,9.03,9.83,0.54,3.75
2025-04-01,Tuna,15.0,12.19,0.63,7.5
2025-04-01,Salmon,11.1,9.24,0.52,6.25
2025-04-01,Rice,17.82,14.82,2.38,1.8
2025-04-01,Nori,14.55,10.67,0.64,0.45
2025-04-01,Avocado,16.79,10.66,1.3,2.2
2025-04-01,Cucumber,5.94,4.98,0.73,1.4
2025-04-01,Soy Sauce,9.91,9.93,0.86,1.1
2025-04-01,Ginger,7.74,4.49,1.16,1.3
2025-04-01,Wasabi,18.2,15.49,1.56,3.5
2025-04-01,Tempura Batter,18.02,13.33,0.43,2.0
2025-04-01,Chicken,21.08,18.09,1.59,4.25
2025-04-01,Edamame,20.95,17.43,1.0,2.8
2025-04-01,Cream Cheese,12.64,11.28,1.1,3.75
2025-04-02,Tuna,13.94,14.18,0.76,7.5
2025-04-02,Salmon,21.4,15.47,1.16,6.25
2025-04-02,Rice,6.82,5.93,0.63,1.8
2025-04-02,Nori,19.38,17.6,1.33,0.45
2025-04-02,Avocado,13.57,9.51,0.33,2.2
2025-04-02,Cucumber,11.96,11.22,1.52,1.4
2025-04-02,Soy Sauce,9.13,9.22,0.0,1.1
2025-04-02,Ginger,13.74,11.66,1.12,1.3
2025-04-02,Wasabi,16.39,11.06,0.61,3.5
2025-04-02,Tempura Batter,17.2,16.11,0.05,2.0
2025-04-02,Edamame,16.13,13.65,0.87,2.8
2025-04-02,Cream Cheese,13.74,14.11,1.08,3.75
2025-04-03,Tuna,9.03,7.18,0.0,7.5
2025-04-03,Salmon,14.24,14.62,0.2,6.25
2025-04-03,Rice,10.23,7.49,0.72,1.8
2025-04-03,Nori,18.04,15.25,1.28,0.45
2025-04-03,Avocado,14.63,13.52,0.47,2.2
2025-04-03,Cucumber,23.5,18.04,1.21,1.4
2025-04-03,Soy Sauce,19.75,15.82,0.97,1.1
2025-04-03,Ginger,18.6,12.2,0.57,1.3
2025-04-03,Wasabi,12.54,12.96,0.08,3.5
2025-04-03,Tempura Batter,23.49,19.26,0.69,2.0
2025-04-03,Chicken,12.6,12.31,0.59,4.25
2025-04-03,Edamame,8.58,6.17,1.14,2.8
2025-04-03,Cream Cheese,19.99,13.81,0.95,3.75
2025-04-04,Tuna,8.99,2.09,0.38,7.5
2025-04-04,Salmon,15.85,12.65,0.92,6.25
2025-04-04,Rice,15.32,12.19,0.14,1.8
2025-04-04,Nori,26.65,22.35,0.83,0.45
2025-04-04,Avocado,20.22,19.37,1.23,2.2
2025-04-04,Cucumber,13.58,9.78,1.01,1.4
2025-04-04,Soy Sauce,2.79,2.65,1.59,1.1
2025-04-04,Ginger,17.99,10.99,1.46,1.3
2025-04-04,Wasabi,13.5,11.12,1.62,3.5
2025-04-04,Tempura Batter,22.84,20.41,1.57,2.0
2025-04-04,Chicken,21.53,16.12,0.0,4.25
2025-04-04,Edamame,10.2,9.31,0.15,2.8
2025-04-04,Cream Cheese,22.67,19.64,0.23,3.75
2025-04-05,Tuna,18.05,16.01,0.47,7.5
2025-04-05,Salmon,20.61,20.27,0.92,6.25
2025-04-05,Rice,11.14,9.64,0.07,1.8
2025-04-05,Nori,13.49,12.24,1.1,0.45
2025-04-05,Avocado,14.19,11.81,0.37,2.2
2025-04-05,Cucumber,22.19,17.72,0.46,1.4
2025-04-05,Soy Sauce,5.79,6.56,1.37,1.1
2025-04-05,Ginger,20.73,15.64,0.74,1.3
2025-04-05,Wasabi,20.28,15.22,0.77,3.5
2025-04-05,Tempura Batter,11.61,10.57,1.01,2.0
2025-04-05,Chicken,16.42,14.24,0.66,4.25
2025-04-05,Edamame,15.71,11.13,0.11,2.8
2025-04-05,Cream Cheese,8.41,7.58,0.73,3.75
2025-04-06,Tuna,14.12,13.26,1.25,7.5
2025-04-06,Salmon,21.68,17.85,1.36,6.25
2025-04-06,Rice,9.56,8.34,1.06,1.8
2025-04-06,Nori,13.06,11.85,1.51,0.45
2025-04-06,Avocado,17.6,13.2,0.46,2.2
2025-04-06,Cucumber,21.41,18.72,1.31,1.4
2025-04-06,Soy Sauce,13.01,9.67,1.08,1.1
2025-04-06,Ginger,22.1,19.98,0.9,1.3
2025-04-06,Wasabi,14.54,14.37,0.0,3.5
2025-04-06,Tempura Batter,12.95,8.02,1.66,2.0
2025-04-06,Chicken,8.87,8.31,1.57,4.25
2025-04-06,Edamame,11.99,9.74,1.53,2.8
2025-04-06,Cream Cheese,22.05,17.18,0.0,3.75
2025-04-07,Tuna,12.21,6.97,0.96,7.5
2025-04-07,Salmon,11.2,8.89,1.36,6.25
2025-04-07,Rice,21.1,18.11,0.46,1.8
2025-04-07,Nori,16.58,10.9,1.46,0.45
2025-04-07,Avocado,14.72,12.78,1.34,2.2
2025-04-07,Cucumber,18.58,18.49,0.68,1.4
2025-04-07,Soy Sauce,19.77,16.62,0.56,1.1
2025-04-07,Ginger,16.48,12.74,0.24,1.3
2025-04-07,Wasabi,16.1,12.36,0.55,3.5
2025-04-07,Tempura Batter,10.81,8.88,0.31,2.0
2025-04-07,Chicken,16.44,15.4,0.89,4.25
2025-04-07,Edamame,12.09,10.5,1.49,2.8
2025-04-07,Cream Cheese,13.14,11.48,0.42,3.75
2025-04-08,Tuna,18.01,13.36,1.44,7.5
2025-04-08,Salmon,13.87,11.33,0.87,6.25
2025-04-08,Rice,14.12,12.67,1.53,1.8
2025-04-08,Nori,16.16,12.09,1.01,0.45
2025-04-08,Avocado,14.61,13.62,0.8,2.2
2025-04-08,Cucumber,27.3,21.12,0.88,1.4
2025-04-08,Soy Sauce,9.1,10.53,0.55,1.1
2025-04-08,Ginger,14.05,11.69,0.68,1.3
2025-04-08,Wasabi,15.49,14.49,0.94,3.5
2025-04-08,Tempura Batter,12.79,11.56,1.64,2.0
2025-04-08,Chicken,16.42,14.99,1.06,4.25
2025-04-08,Edamame,8.12,6.44,1.46,2.8
2025-04-08,Cream Cheese,16.95,13.41,1.29,3.75
2025-04-09,Tuna,16.91,14.45,1.27,7.5
2025-04-09,Salmon,6.91,5.24,0.75,6.25
2025-04-09,Rice,16.54,14.19,0.0,1.8
2025-04-09,Nori,7.17,4.3,0.56,0.45
2025-04-09,Avocado,9.21,8.36,0.87,2.2
2025-04-09,Cucumber,20.48,17.21,1.46,1.4
2025-04-09,Soy Sauce,14.39,10.5,1.48,1.1
2025-04-09,Ginger,14.42,11.37,0.61,1.3
2025-04-09,Wasabi,19.17,14.37,0.98,3.5
2025-04-09,Tempura Batter,11.08,11.08,0.78,2.0
2025-04-09,Chicken,14.7,11.23,0.86,4.25
2025-04-09,Edamame,19.9,18.29,0.01,2.8
2025-04-09,Cream Cheese,9.16,7.43,1.34,3.75
2025-04-10,Tuna,7.48,6.81,1.01,7.5
2025-04-10,Salmon,15.3,15.4,0.0,6.25
2025-04-10,Rice,13.17,8.85,0.87,1.8
2025-04-10,Nori,13.48,9.0,0.86,0.45
2025-04-10,Avocado,11.34,11.57,0.41,2.2
2025-04-10,Cucumber,22.16,19.83,0.32,1.4
2025-04-10,Soy Sauce,13.71,10.47,1.24,1.1
2025-04-10,Ginger,16.13,14.48,1.44,1.3
2025-04-10,Wasabi,17.37,15.26,0.74,3.5
2025-04-10,Tempura Batter,19.55,14.4,0.04,2.0
2025-04-10,Chicken,15.22,12.28,0.51,4.25
2025-04-10,Edamame,14.81,9.7,1.07,2.8
2025-04-10,Cream Cheese,22.29,20.43,0.87,3.75
2025-04-11,Tuna,18.03,13.24,1.48,7.5
2025-04-11,Salmon,13.18,12.37,0.44,6.25
2025-04-11,Rice,17.82,12.57,0.08,1.8
2025-04-11,Nori,11.83,7.32,0.15,0.45
2025-04-11,Avocado,12.77,7.5,0.69,2.2
2025-04-11,Cucumber,16.55,10.81,0.27,1.4
2025-04-11,Soy Sauce,13.2,6.94,0.92,1.1
2025-04-11,Ginger,17.1,14.72,0.75,1.3
2025-04-11,Wasabi,12.82,9.18,1.22,3.5
2025-04-11,Tempura Batter,17.91,12.78,1.13,2.0
2025-04-11,Chicken,10.52,7.81,0.58,4.25
2025-04-11,Edamame,18.94,15.01,0.86,2.8
2025-04-11,Cream Cheese,15.32,16.05,0.5,3.75
2025-04-12,Tuna,13.43,9.93,1.08,7.5
2025-04-12,Salmon,12.36,11.99,1.0,6.25
2025-04-12,Rice,12.57,12.51,0.65,1.8
2025-04-12,Nori,19.8,13.5,0.26,0.45
2025-04-12,Avocado,16.01,15.16,0.16,2.2
2025-04-12,Cucumber,11.36,7.15,0.86,1.4
2025-04-12,Soy Sauce,14.66,10.74,0.82,1.1
2025-04-12,Ginger,14.84,12.44,0.29,1.3
2025-04-12,Wasabi,24.57,18.77,1.6,3.5
2025-04-12,Tempura Batter,11.48,9.84,0.59,2.0
2025-04-12,Chicken,19.3,16.3,0.53,4.25
2025-04-12,Edamame,14.98,13.46,0.12,2.8
2025-04-12,Cream Cheese,14.48,12.52,0.79,3.75
2025-04-13,Tuna,2.48,1.26,0.78,7.5
2025-04-13,Salmon,5.97,5.93,0.82,6.25
2025-04-13,Rice,16.02,14.81,0.67,1.8
2025-04-13,Nori,10.92,11.04,1.39,0.45
2025-04-13,Avocado,13.92,11.27,0.99,2.2
2025-04-13,Cucumber,10.6,5.76,1.33,1.4
2025-04-13,Soy Sauce,16.49,12.56,0.64,1.1
2025-04-13,Ginger,16.81,15.45,0.78,1.3
2025-04-13,Wasabi,15.03,12.11,1.33,3.5
2025-04-13,Tempura Batter,23.53,20.75,1.04,2.0
2025-04-13,Chicken,13.85,8.79,0.54,4.25
2025-04-13,Edamame,24.24,24.58,1.87,2.8
2025-04-13,Cream Cheese,16.72,15.96,1.96,3.75
2025-04-14,Tuna,10.66,8.29,0.15,7.5
2025-04-14,Salmon,14.31,11.41,1.22,6.25
2025-04-14,Rice,23.73,21.75,0.0,1.8
2025-04-14,Nori,16.49,14.59,1.71,0.45
2025-04-14,Avocado,13.34,11.86,0.29,2.2
2025-04-14,Cucumber,16.94,14.49,1.53,1.4
2025-04-14,Soy Sauce,16.99,11.16,0.11,1.1
2025-04-14,Ginger,9.7,5.05,0.57,1.3
2025-04-14,Wasabi,11.92,10.95,0.26,3.5
2025-04-14,Tempura Batter,17.5,14.54,0.27,2.0
2025-04-14,Chicken,20.51,15.16,0.75,4.25
2025-04-14,Edamame,17.01,16.01,1.09,2.8
2025-04-14,Cream Cheese,14.06,12.65,1.83,3.75
2025-04-15,Tuna,14.75,12.93,0.81,7.5
2025-04-15,Salmon,9.21,8.52,0.58,6.25
2025-04-15,Rice,11.86,10.47,1.43,1.8
2025-04-15,Nori,10.07,8.94,0.21,0.45
2025-04-15,Avocado,11.93,6.87,0.93,2.2
2025-04-15,Cucumber,19.8,14.76,0.63,1.4
2025-04-15,Soy Sauce,19.64,17.89,0.25,1.1
2025-04-15,Ginger,16.78,13.49,0.87,1.3
2025-04-15,Wasabi,19.27,16.06,0.0,3.5
2025-04-15,Tempura Batter,20.97,17.44,1.05,2.0
2025-04-15,Chicken,16.77,6.33,0.0,4.25
2025-04-15,Edamame,11.7,9.84,1.85,2.8
2025-04-15,Cream Cheese,13.48,9.6,0.52,3.75
2025-04-16,Tuna,11.98,7.84,0.44,7.5
2025-04-16,Salmon,17.08,12.83,1.75,6.25
2025-04-16,Rice,9.65,6.95,0.74,1.8
2025-04-16,Nori,20.14,12.0,0.71,0.45
2025-04-16,Avocado,4.52,1.92,0.74,2.2
2025-04-16,Cucumber,12.6,11.04,0.14,1.4
2025-04-16,Soy Sauce,24.27,20.64,0.7,1.1
2025-04-16,Ginger,21.77,20.51,1.1,1.3
2025-04-16,Wasabi,11.51,7.0,0.23,3.5
2025-04-16,Tempura Batter,20.79,13.88,0.85,2.0
2025-04-16,Chicken,6.3,3.23,1.04,4.25
2025-04-16,Edamame,21.55,15.6,1.56,2.8
2025-04-16,Cream Cheese,13.16,11.48,0.24,3.75
2025-04-17,Tuna,13.79,9.84,0.13,7.5
2025-04-17,Salmon,12.42,8.29,0.48,6.25
2025-04-17,Rice,14.85,13.48,0.94,1.8
2025-04-17,Nori,8.11,8.91,1.28,0.45
2025-04-17,Avocado,11.72,9.22,0.45,2.2
2025-04-17,Cucumber,17.84,14.18,1.07,1.4
2025-04-17,Soy Sauce,12.7,9.8,1.01,1.1
2025-04-17,Ginger,21.79,18.18,0.3,1.3
2025-04-17,Wasabi,15.74,13.07,0.0,3.5
2025-04-17,Tempura Batter,7.49,4.62,0.81,2.0
2025-04-17,Chicken,15.59,10.82,0.33,4.25
2025-04-17,Edamame,7.8,6.46,0.5,2.8
2025-04-17,Cream Cheese,13.17,11.77,0.0,3.75
2025-04-18,Tuna,4.97,1.72,0.24,7.5
2025-04-18,Salmon,8.23,3.98,1.57,6.25
2025-04-18,Rice,15.16,11.62,0.94,1.8
2025-04-18,Nori,7.52,2.75,1.42,0.45
2025-04-18,Avocado,21.47,19.35,0.23,2.2
2025-04-18,Cucumber,21.43,17.43,1.24,1.4
2025-04-18,Soy Sauce,12.95,9.41,0.27,1.1
2025-04-18,Ginger,14.28,11.98,1.97,1.3
2025-04-18,Wasabi,12.89,14.19,0.8,3.5
2025-04-18,Tempura Batter,15.52,13.47,0.25,2.0
2025-04-18,Chicken,15.72,14.64,1.09,4.25
2025-04-18,Edamame,9.75,7.82,1.28,2.8
2025-04-18,Cream Cheese,17.02,13.96,0.79,3.75
2025-04-19,Tuna,13.78,12.36,0.04,7.5
2025-04-19,Salmon,20.34,14.28,1.1,6.25
2025-04-19,Rice,13.6,13.02,1.24,1.8
2025-04-19,Nori,18.45,13.93,1.32,0.45
2025-04-19,Avocado,19.11,18.34,0.16,2.2
2025-04-19,Cucumber,13.75,12.59,0.25,1.4
2025-04-19,Soy Sauce,17.86,16.88,0.79,1.1
2025-04-19,Ginger,8.6,5.47,1.39,1.3
2025-04-19,Wasabi,21.94,16.85,0.76,3.5
2025-04-19,Tempura Batter,20.31,16.45,0.58,2.0
2025-04-19,Chicken,18.3,13.53,0.14,4.25
2025-04-19,Edamame,10.47,7.76,0.19,2.8
2025-04-19,Cream Cheese,9.21,7.06,1.3,3.75
2025-04-20,Tuna,19.53,15.89,0.89,7.5
2025-04-20,Salmon,22.27,20.35,0.92,6.25
2025-04-20,Rice,10.07,9.64,1.39,1.8
2025-04-20,Nori,15.17,10.78,0.68,0.45
2025-04-20,Avocado,17.99,16.99,1.38,2.2
2025-04-20,Cucumber,14.99,15.58,0.54,1.4
2025-04-20,Soy Sauce,22.36,16.08,1.16,1.1
2025-04-20,Ginger,11.48,10.41,1.08,1.3
2025-04-20,Wasabi,12.53,10.3,0.69,3.5
2025-04-20,Tempura Batter,22.14,15.53,1.31,2.0
2025-04-20,Chicken,13.24,12.04,1.13,4.25
2025-04-20,Edamame,23.67,18.66,0.9,2.8
2025-04-20,Cream Cheese,13.73,10.04,1.38,3.75
2025-04-21,Tuna,15.72,12.93,0.46,7.5
2025-04-21,Salmon,23.58,22.36,0.31,6.25
2025-04-21,Rice,15.25,12.66,1.31,1.8
2025-04-21,Nori,16.8,16.23,0.42,0.45
2025-04-21,Avocado,13.07,8.5,1.01,2.2
2025-04-21,Cucumber,13.95,10.51,0.24,1.4
2025-04-21,Soy Sauce,9.43,9.03,0.87,1.1
2025-04-21,Ginger,13.6,12.57,1.01,1.3
2025-04-21,Wasabi,17.17,16.23,0.64,3.5
2025-04-21,Tempura Batter,17.04,14.05,0.11,2.0
2025-04-21,Chicken,12.29,10.24,0.71,4.25
2025-04-21,Edamame,17.62,11.49,0.7,2.8
2025-04-21,Cream Cheese,8.31,5.13,1.67,3.75
2025-04-22,Tuna,13.46,11.33,0.65,7.5
2025-04-22,Salmon,16.72,14.34,0.04,6.25
2025-04-22,Rice,12.18,9.31,1.07,1.8
2025-04-22,Nori,12.08,9.67,0.82,0.45
2025-04-22,Avocado,11.71,8.89,1.03,2.2
2025-04-22,Cucumber,10.87,7.25,0.25,1.4
2025-04-22,Soy Sauce,9.39,7.72,1.48,1.1
2025-04-22,Ginger,7.21,5.14,0.79,1.3
2025-04-22,Wasabi,23.56,16.67,0.59,3.5
2025-04-22,Tempura Batter,16.97,14.16,0.75,2.0
2025-04-22,Chicken,12.92,13.09,0.78,4.25
2025-04-22,Edamame,15.08,13.8,1.03,2.8
2025-04-22,Cream Cheese,8.27,5.09,1.47,3.75
2025-04-23,Tuna,12.17,11.13,0.09,7.5
2025-04-23,Salmon,18.42,13.56,0.77,6.25
2025-04-23,Rice,9.28,10.15,0.86,1.8
2025-04-23,Nori,10.98,9.24,1.61,0.45
2025-04-23,Avocado,4.46,4.79,0.92,2.2
2025-04-23,Cucumber,12.42,10.46,0.94,1.4
2025-04-23,Soy Sauce,14.08,13.02,0.5,1.1
2025-04-23,Ginger,15.53,12.2,1.04,1.3
2025-04-23,Wasabi,13.36,9.67,1.28,3.5
2025-04-23,Tempura Batter,14.98,12.19,0.68,2.0
2025-04-23,Chicken,10.65,9.53,0.65,4.25
2025-04-23,Edamame,15.02,13.8,0.76,2.8
2025-04-23,Cream Cheese,17.79,11.23,1.16,3.75
2025-04-24,Tuna,19.67,14.83,0.53,7.5
2025-04-24,Salmon,20.83,17.51,0.78,6.25
2025-04-24,Rice,9.34,7.14,0.0,1.8
2025-04-24,Nori,12.85,11.01,0.6,0.45
2025-04-24,Avocado,10.86,6.46,1.1,2.2
2025-04-24,Cucumber,25.08,18.76,0.88,1.4
2025-04-24,Soy Sauce,19.62,16.09,0.59,1.1
2025-04-24,Ginger,15.17,10.89,2.84,1.3
2025-04-24,Wasabi,20.16,16.67,1.04,3.5
2025-04-24,Tempura Batter,16.72,13.9,1.18,2.0
2025-04-24,Chicken,12.36,11.38,1.04,4.25
2025-04-24,Edamame,17.17,14.46,0.95,2.8
2025-04-24,Cream Cheese,18.74,15.84,0.58,3.75
2025-04-25,Tuna,11.66,9.16,0.0,7.5
2025-04-25,Salmon,14.93,11.21,0.64,6.25
2025-04-25,Rice,11.6,10.36,0.85,1.8
2025-04-25,Nori,15.48,9.93,0.75,0.45
2025-04-25,Avocado,14.46,11.82,0.99,2.2
2025-04-25,Cucumber,18.88,17.96,0.94,1.4
2025-04-25,Soy Sauce,11.17,5.72,0.75,1.1
2025-04-25,Ginger,6.47,6.02,1.21,1.3
2025-04-25,Wasabi,8.9,5.34,0.59,3.5
2025-04-25,Tempura Batter,12.87,11.22,0.32,2.0
2025-04-25,Chicken,14.19,10.05,0.65,4.25
2025-04-25,Edamame,16.2,13.68,1.11,2.8
2025-04-25,Cream Cheese,15.58,13.66,0.32,3.75
2025-04-26,Tuna,17.2,15.82,1.05,7.5
2025-04-26,Salmon,14.2,12.12,1.01,6.25
2025-04-26,Rice,21.72,17.47,0.86,1.8
2025-04-26,Nori,18.14,18.49,0.24,0.45
2025-04-26,Avocado,15.98,10.14,1.27,2.2
2025-04-26,Cucumber,7.26,5.13,0.14,1.4
2025-04-26,Soy Sauce,16.64,11.84,1.29,1.1
2025-04-26,Ginger,15.22,13.07,0.75,1.3
2025-04-26,Wasabi,22.43,14.73,0.21,3.5
2025-04-26,Tempura Batter,21.84,18.36,1.21,2.0
2025-04-26,Chicken,18.55,12.74,0.96,4.25
2025-04-26,Edamame,13.31,9.4,1.36,2.8
2025-04-26,Cream Cheese,10.85,12.0,0.74,3.75
2025-04-27,Tuna,15.3,12.39,0.55,7.5
2025-04-27,Salmon,15.55,17.29,0.85,6.25
2025-04-27,Rice,19.62,12.43,0.79,1.8
2025-04-27,Nori,17.03,13.78,0.85,0.45
2025-04-27,Avocado,19.83,19.05,0.47,2.2
2025-04-27,Cucumber,18.53,15.02,0.66,1.4
2025-04-27,Ginger,12.62,9.15,0.78,1.3
2025-04-27,Wasabi,16.24,13.88,0.2,3.5
2025-04-27,Tempura Batter,18.79,14.69,1.51,2.0
2025-04-27,Chicken,9.59,6.74,0.68,4.25
2025-04-27,Edamame,10.33,10.42,0.27,2.8
2025-04-27,Cream Cheese,15.08,13.08,0.39,3.75
2025-04-28,Tuna,25.47,17.72,0.77,7.5
2025-04-28,Salmon,9.78,5.99,0.0,6.25
2025-04-28,Rice,10.43,6.6,0.11,1.8
2025-04-28,Nori,10.85,10.82,0.83,0.45
2025-04-28,Avocado,18.27,16.49,0.79,2.2
2025-04-28,Cucumber,10.25,8.74,0.38,1.4
2025-04-28,Soy Sauce,15.32,15.14,0.63,1.1
2025-04-28,Ginger,18.46,13.64,1.02,1.3
2025-04-28,Wasabi,13.57,11.71,1.26,3.5
2025-04-28,Tempura Batter,9.83,8.53,1.48,2.0
2025-04-28,Chicken,17.23,13.44,1.1,4.25
2025-04-28,Edamame,11.75,11.62,0.93,2.8
2025-04-28,Cream Cheese,13.21,11.93,0.26,3.75
2025-04-29,Tuna,12.1,11.81,0.73,7.5
2025-04-29,Salmon,13.71,10.94,1.0,6.25
2025-04-29,Rice,16.06,14.49,1.23,1.8
2025-04-29,Nori,17.63,11.12,0.51,0.45
2025-04-29,Avocado,10.22,5.55,1.01,2.2
2025-04-29,Cucumber,20.43,16.81,1.97,1.4
2025-04-29,Soy Sauce,16.34,11.24,0.54,1.1
2025-04-29,Ginger,18.32,13.97,1.22,1.3
2025-04-29,Wasabi,11.63,15.11,0.77,3.5
2025-04-29,Tempura Batter,11.94,9.7,0.66,2.0
2025-04-29,Chicken,19.32,15.91,0.55,4.25
2025-04-29,Edamame,12.19,6.13,0.48,2.8
2025-04-29,Cream Cheese,18.75,11.48,0.49,3.75
2025-04-30,Tuna,14.36,10.9,0.0,7.5
2025-04-30,Salmon,7.15,5.11,0.58,6.25
2025-04-30,Rice,13.58,12.54,1.02,1.8
2025-04-30,Nori,6.23,3.37,0.98,0.45
2025-04-30,Avocado,15.99,13.31,0.47,2.2
2025-04-30,Cucumber,16.7,11.23,0.5,1.4
2025-04-30,Soy Sauce,21.19,15.91,0.0,1.1
2025-04-30,Ginger,12.53,11.49,0.05,1.3
2025-04-30,Wasabi,19.11,15.17,0.93,3.5
2025-04-30,Tempura Batter,11.08,7.66,0.14,2.0
2025-04-30,Chicken,13.99,12.31,1.33,4.25
2025-04-30,Edamame,14.01,10.55,0.92,2.8
2025-04-30,Cream Cheese,14.91,11.7,0.95,3.75
2025-05-01,Tuna,12.22,8.41,1.23,7.5
2025-05-01,Salmon,15.88,13.59,0.89,6.25
2025-05-01,Rice,13.31,10.54,0.21,1.8
2025-05-01,Nori,24.39,17.52,0.45,0.45
2025-05-01,Avocado,21.06,15.14,0.32,2.2
2025-05-01,Cucumber,9.4,3.37,0.79,1.4
2025-05-01,Soy Sauce,13.02,9.92,0.62,1.1
2025-05-01,Ginger,25.78,23.84,0.96,1.3
2025-05-01,Wasabi,22.74,17.17,1.35,3.5
2025-05-01,Tempura Batter,12.99,10.3,0.0,2.0
2025-05-01,Chicken,14.77,11.7,1.17,4.25
2025-05-01,Edamame,23.6,19.18,1.34,2.8
2025-05-01,Cream Cheese,17.5,11.93,0.81,3.75
2025-05-02,Tuna,21.17,16.56,1.0,7.5
2025-05-02,Salmon,11.02,5.84,0.99,6.25
2025-05-02,Rice,18.44,14.81,1.04,1.8
2025-05-02,Nori,19.25,17.2,1.03,0.45
2025-05-02,Avocado,13.04,8.89,0.93,2.2
2025-05-02,Cucumber,12.66,9.48,0.52,1.4
2025-05-02,Soy Sauce,14.2,10.49,0.93,1.1
2025-05-02,Ginger,8.06,4.32,0.65,1.3
2025-05-02,Wasabi,11.09,10.34,0.78,3.5
2025-05-02,Tempura Batter,15.45,9.91,0.0,2.0
2025-05-02,Chicken,9.08,8.14,0.93,4.25
2025-05-02,Edamame,20.7,16.69,0.25,2.8
2025-05-02,Cream Cheese,11.66,10.28,1.05,3.75
2025-05-03,Tuna,10.38,10.2,1.09,7.5
2025-05-03,Salmon,19.7,17.05,0.86,6.25
2025-05-03,Rice,4.86,5.97,0.0,1.8
2025-05-03,Nori,14.21,11.82,1.07,0.45
2025-05-03,Avocado,16.18,11.21,1.24,2.2
2025-05-03,Cucumber,11.7,10.71,0.0,1.4
2025-05-03,Soy Sauce,18.85,17.73,0.05,1.1
2025-05-03,Ginger,12.54,12.52,0.86,1.3
2025-05-03,Wasabi,15.5,10.65,1.22,3.5
2025-05-03,Tempura Batter,19.83,16.41,0.37,2.0
2025-05-03,Chicken,9.79,7.85,1.8,4.25
2025-05-03,Edamame,14.33,11.0,1.56,2.8
2025-05-03,Cream Cheese,14.52,13.02,1.17,3.75
2025-05-04,Tuna,13.86,10.29,1.06,7.5
2025-05-04,Salmon,13.4,10.02,1.6,6.25
2025-05-04,Rice,15.13,9.49,0.5,1.8
2025-05-04,Nori,20.5,19.21,0.6,0.45
2025-05-04,Avocado,24.14,18.03,1.21,2.2
2025-05-04,Cucumber,10.84,7.67,0.8,1.4
2025-05-04,Soy Sauce,12.97,8.58,0.41,1.1
2025-05-04,Ginger,6.6,6.84,1.66,1.3
2025-05-04,Wasabi,11.98,9.96,0.28,3.5
2025-05-04,Tempura Batter,17.71,17.47,0.2,2.0
2025-05-04,Chicken,13.67,10.71,1.13,4.25
2025-05-04,Edamame,15.39,9.3,0.47,2.8
2025-05-04,Cream Cheese,8.76,7.97,0.41,3.75
2025-05-05,Tuna,11.83,7.33,0.3,7.5
2025-05-05,Salmon,12.41,11.47,0.21,6.25
2025-05-05,Rice,22.63,16.43,1.43,1.8
2025-05-05,Nori,6.45,6.11,1.79,0.45
2025-05-05,Avocado,11.23,10.98,1.34,2.2
2025-05-05,Cucumber,16.41,12.27,0.0,1.4
2025-05-05,Soy Sauce,15.59,10.69,0.48,1.1
2025-05-05,Ginger,17.31,16.94,0.74,1.3
2025-05-05,Wasabi,19.28,18.58,0.94,3.5
2025-05-05,Tempura Batter,17.52,14.34,0.67,2.0
2025-05-05,Chicken,11.89,8.49,0.75,4.25
2025-05-05,Edamame,11.45,6.25,0.34,2.8
2025-05-05,Cream Cheese,8.17,6.36,0.35,3.75
2025-05-06,Tuna,11.48,10.97,1.02,7.5
2025-05-06,Salmon,20.74,17.52,0.08,6.25
2025-05-06,Rice,11.79,8.35,0.0,1.8
2025-05-06,Nori,6.77,7.07,0.86,0.45
2025-05-06,Avocado,21.13,20.65,1.21,2.2
2025-05-06,Cucumber,10.1,9.74,0.0,1.4
2025-05-06,Soy Sauce,24.46,20.64,0.98,1.1
2025-05-06,Ginger,14.95,12.25,0.97,1.3
2025-05-06,Wasabi,21.03,14.7,0.54,3.5
2025-05-06,Tempura Batter,15.33,12.51,1.31,2.0
2025-05-06,Chicken,26.72,21.6,1.2,4.25
2025-05-06,Edamame,21.17,15.63,2.01,2.8
2025-05-06,Cream Cheese,9.46,5.26,0.0,3.75
2025-05-07,Tuna,19.91,15.81,0.53,7.5
2025-05-07,Salmon,4.29,1.32,0.91,6.25
2025-05-07,Rice,13.5,11.75,0.35,1.8
2025-05-07,Nori,13.19,11.79,1.2,0.45
2025-05-07,Avocado,11.24,11.69,0.89,2.2
2025-05-07,Cucumber,19.89,13.66,1.26,1.4
2025-05-07,Soy Sauce,14.26,8.41,0.11,1.1
2025-05-07,Ginger,16.62,12.11,1.53,1.3
2025-05-07,Wasabi,25.11,19.56,0.73,3.5
2025-05-07,Tempura Batter,17.77,14.32,0.45,2.0
2025-05-07,Chicken,18.13,11.54,1.12,4.25
2025-05-07,Edamame,21.07,20.24,0.61,2.8
2025-05-07,Cream Cheese,18.15,13.66,0.0,3.75
2025-05-08,Tuna,19.79,15.2,0.11,7.5
2025-05-08,Salmon,20.16,15.01,0.95,6.25
2025-05-08,Rice,7.09,4.64,1.02,1.8
2025-05-08,Nori,13.37,8.54,1.16,0.45
2025-05-08,Avocado,15.57,12.54,0.9,2.2
2025-05-08,Cucumber,12.41,11.98,0.58,1.4
2025-05-08,Soy Sauce,18.13,12.29,1.15,1.1
2025-05-08,Ginger,18.08,17.89,0.62,1.3
2025-05-08,Wasabi,21.81,20.3,0.42,3.5
2025-05-08,Tempura Batter,17.95,10.91,0.46,2.0
2025-05-08,Chicken,18.01,14.23,0.0,4.25
2025-05-08,Edamame,13.83,11.94,1.14,2.8
2025-05-08,Cream Cheese,21.27,18.96,0.63,3.75
2025-05-09,Tuna,23.65,22.07,0.13,7.5
2025-05-09,Salmon,20.41,17.51,0.94,6.25
2025-05-09,Rice,21.12,20.93,0.7,1.8
2025-05-09,Nori,10.73,7.05,0.52,0.45
2025-05-09,Avocado,11.77,7.31,0.81,2.2
2025-05-09,Cucumber,7.61,6.99,0.9,1.4
2025-05-09,Soy Sauce,8.77,5.32,1.47,1.1
2025-05-09,Ginger,16.42,14.67,0.94,1.3
2025-05-09,Wasabi,10.27,6.99,0.64,3.5
2025-05-09,Tempura Batter,12.09,7.84,0.0,2.0
2025-05-09,Chicken,8.13,7.26,0.55,4.25
2025-05-09,Edamame,21.71,17.2,0.85,2.8
2025-05-09,Cream Cheese,15.21,12.23,1.49,3.75
2025-05-10,Tuna,9.28,4.74,0.55,7.5
2025-05-10,Salmon,18.03,14.01,1.17,6.25
2025-05-10,Rice,18.59,18.33,1.3,1.8
2025-05-10,Nori,13.82,11.74,1.82,0.45
2025-05-10,Avocado,16.97,14.81,1.28,2.2
2025-05-10,Cucumber,13.95,11.82,0.5,1.4
2025-05-10,Soy Sauce,14.99,13.22,0.88,1.1
2025-05-10,Ginger,18.77,15.55,1.79,1.3
2025-05-10,Wasabi,17.75,12.05,1.29,3.5
2025-05-10,Tempura Batter,25.05,18.1,0.0,2.0
2025-05-10,Chicken,15.84,13.06,0.86,4.25
2025-05-10,Edamame,12.32,10.41,0.25,2.8
2025-05-10,Cream Cheese,17.26,12.39,0.55,3.75
2025-05-11,Tuna,12.29,10.69,0.3,7.5
2025-05-11,Salmon,14.74,11.06,1.43,6.25
2025-05-11,Rice,10.17,7.23,1.39,1.8
2025-05-11,Nori,12.82,7.28,0.58,0.45
2025-05-11,Avocado,17.41,14.85,1.03,2.2
2025-05-11,Cucumber,21.19,18.44,1.3,1.4
2025-05-11,Soy Sauce,14.53,13.1,0.73,1.1
2025-05-11,Ginger,11.34,11.17,1.03,1.3
2025-05-11,Wasabi,19.26,14.63,1.51,3.5
2025-05-11,Tempura Batter,17.61,15.82,0.6,2.0
2025-05-11,Chicken,19.13,15.36,0.79,4.25
2025-05-11,Edamame,10.44,8.5,1.09,2.8
2025-05-11,Cream Cheese,2.52,4.2,1.15,3.75
2025-05-12,Tuna,13.8,9.87,1.59,7.5
2025-05-12,Salmon,7.61,7.95,0.66,6.25
2025-05-12,Rice,12.21,9.26,1.07,1.8
2025-05-12,Nori,16.4,13.31,1.33,0.45
2025-05-12,Avocado,17.32,14.68,1.12,2.2
2025-05-12,Cucumber,10.95,5.82,0.81,1.4
2025-05-12,Soy Sauce,9.36,7.2,1.32,1.1
2025-05-12,Ginger,12.75,8.93,1.24,1.3
2025-05-12,Wasabi,13.37,12.1,0.77,3.5
2025-05-12,Tempura Batter,8.39,6.36,0.25,2.0
2025-05-12,Chicken,12.27,11.81,0.84,4.25
2025-05-12,Edamame,21.92,16.53,0.18,2.8
2025-05-12,Cream Cheese,14.04,9.34,1.15,3.75
2025-05-13,Tuna,11.57,9.54,0.84,7.5
2025-05-13,Salmon,8.72,4.67,1.34,6.25
2025-05-13,Rice,10.61,10.44,1.51,1.8
2025-05-13,Nori,17.3,12.88,0.14,0.45
2025-05-13,Avocado,10.56,6.73,1.31,2.2
2025-05-13,Cucumber,10.28,7.48,0.01,1.4
2025-05-13,Soy Sauce,11.68,9.19,1.04,1.1
2025-05-13,Ginger,9.22,3.58,0.71,1.3
2025-05-13,Wasabi,21.57,17.18,1.23,3.5
2025-05-13,Tempura Batter,21.52,20.08,0.87,2.0
2025-05-13,Chicken,10.83,8.04,1.16,4.25
2025-05-13,Edamame,18.74,16.51,0.2,2.8
2025-05-13,Cream Cheese,13.59,12.29,0.51,3.75
2025-05-14,Tuna,18.66,14.69,1.22,7.5
2025-05-14,Salmon,15.67,10.65,0.81,6.25
2025-05-14,Rice,11.67,10.86,0.0,1.8
2025-05-14,Nori,9.18,5.74,0.35,0.45
2025-05-14,Avocado,7.58,5.42,0.94,2.2
2025-05-14,Cucumber,16.6,13.66,0.77,1.4
2025-05-14,Soy Sauce,14.11,9.85,0.71,1.1
2025-05-14,Ginger,16.77,11.69,1.2,1.3
2025-05-14,Wasabi,13.61,11.26,0.63,3.5
2025-05-14,Tempura Batter,9.11,3.91,0.46,2.0
2025-05-14,Chicken,18.5,15.42,1.5,4.25
2025-05-14,Edamame,18.94,14.12,0.5,2.8
2025-05-14,Cream Cheese,10.15,6.86,0.0,3.75
2025-05-15,Tuna,10.75,10.13,0.38,7.5
2025-05-15,Salmon,18.44,14.38,0.72,6.25
2025-05-15,Rice,15.2,13.28,2.01,1.8
2025-05-15,Nori,15.02,13.2,1.24,0.45
2025-05-15,Avocado,18.41,16.96,0.09,2.2
2025-05-15,Cucumber,8.78,7.12,0.77,1.4
2025-05-15,Soy Sauce,7.65,5.48,0.7,1.1
2025-05-15,Ginger,17.52,13.3,1.0,1.3
2025-05-15,Wasabi,24.36,19.17,0.91,3.5
2025-05-15,Tempura Batter,9.77,8.12,0.09,2.0
2025-05-15,Chicken,16.28,12.61,1.25,4.25
2025-05-15,Edamame,18.18,13.07,1.34,2.8
2025-05-15,Cream Cheese,9.85,7.89,0.79,3.75
2025-05-16,Tuna,11.69,9.18,0.95,7.5
2025-05-16,Salmon,14.51,11.51,0.33,6.25
2025-05-16,Rice,17.89,14.03,0.42,1.8
2025-05-16,Nori,12.29,6.83,1.67,0.45
2025-05-16,Avocado,15.22,12.94,1.32,2.2
2025-05-16,Cucumber,16.46,13.88,1.28,1.4
2025-05-16,Soy Sauce,10.38,8.76,0.98,1.1
2025-05-16,Ginger,16.73,12.46,1.4,1.3
2025-05-16,Wasabi,8.87,5.79,1.75,3.5
2025-05-16,Tempura Batter,11.18,9.61,0.0,2.0
2025-05-16,Chicken,16.57,12.41,1.09,4.25
2025-05-16,Edamame,10.83,7.85,0.91,2.8
2025-05-16,Cream Cheese,13.02,12.21,0.84,3.75
2025-05-17,Tuna,8.0,8.74,1.14,7.5
2025-05-17,Salmon,16.74,12.56,0.53,6.25
2025-05-17,Rice,19.55,14.51,1.68,1.8
2025-05-17,Nori,19.03,15.26,0.11,0.45
2025-05-17,Avocado,11.73,11.57,0.39,2.2
2025-05-17,Cucumber,20.77,19.82,0.0,1.4
2025-05-17,Soy Sauce,16.91,15.25,1.18,1.1
2025-05-17,Ginger,9.47,7.32,1.4,1.3
2025-05-17,Wasabi,9.37,6.71,0.95,3.5
2025-05-17,Tempura Batter,12.61,9.12,0.81,2.0
2025-05-17,Chicken,20.82,14.14,2.14,4.25
2025-05-17,Edamame,16.63,13.85,1.02,2.8
2025-05-17,Cream Cheese,10.9,11.07,0.78,3.75
2025-05-18,Tuna,16.4,16.33,0.31,7.5
2025-05-18,Salmon,13.42,9.67,1.99,6.25
2025-05-18,Rice,11.95,8.76,0.8,1.8
2025-05-18,Nori,13.7,10.8,0.57,0.45
2025-05-18,Avocado,27.47,22.97,0.57,2.2
2025-05-18,Cucumber,20.25,16.73,0.83,1.4
2025-05-18,Soy Sauce,13.77,11.27,0.19,1.1
2025-05-18,Ginger,9.05,5.31,0.7,1.3
2025-05-18,Wasabi,16.73,15.51,0.25,3.5
2025-05-18,Tempura Batter,17.51,15.1,1.23,2.0
2025-05-18,Chicken,18.89,12.13,1.18,4.25
2025-05-18,Edamame,18.24,13.64,0.66,2.8
2025-05-18,Cream Cheese,9.15,5.43,1.77,3.75
2025-05-19,Tuna,6.78,2.84,0.03,7.5
2025-05-19,Salmon,15.07,11.91,1.17,6.25
2025-05-19,Rice,18.59,12.84,1.38,1.8
2025-05-19,Nori,16.4,11.21,0.64,0.45
2025-05-19,Avocado,10.65,10.06,1.46,2.2
2025-05-19,Cucumber,8.96,10.8,1.07,1.4
2025-05-19,Soy Sauce,12.67,10.26,0.68,1.1
2025-05-19,Ginger,19.11,10.65,1.63,1.3
2025-05-19,Wasabi,18.28,14.8,1.36,3.5
2025-05-19,Tempura Batter,17.61,12.97,1.08,2.0
2025-05-19,Chicken,17.39,12.51,0.59,4.25
2025-05-19,Edamame,13.27,12.23,0.37,2.8
2025-05-19,Cream Cheese,5.8,1.88,1.17,3.75
2025-05-20,Tuna,17.14,16.34,1.02,7.5
2025-05-20,Salmon,16.47,12.0,0.47,6.25
2025-05-20,Rice,10.55,10.65,0.44,1.8
2025-05-20,Nori,15.36,12.01,0.0,0.45
2025-05-20,Avocado,13.27,9.95,1.5,2.2
2025-05-20,Cucumber,12.6,8.62,0.52,1.4
2025-05-20,Soy Sauce,11.46,10.22,0.28,1.1
2025-05-20,Ginger,15.2,10.1,0.42,1.3
2025-05-20,Wasabi,11.78,8.36,0.8,3.5
2025-05-20,Tempura Batter,15.23,11.73,0.3,2.0
2025-05-20,Chicken,13.38,8.4,0.73,4.25
2025-05-20,Edamame,19.83,14.39,1.22,2.8
2025-05-20,Cream Cheese,9.29,6.52,1.32,3.75
2025-05-21,Tuna,17.46,14.09,0.0,7.5
2025-05-21,Salmon,12.67,9.53,0.09,6.25
2025-05-21,Rice,17.94,15.17,0.0,1.8
2025-05-21,Nori,12.16,9.73,0.74,0.45
2025-05-21,Avocado,21.84,17.68,0.12,2.2
2025-05-21,Cucumber,8.51,6.04,0.86,1.4
2025-05-21,Soy Sauce,22.43,15.97,1.69,1.1
2025-05-21,Ginger,15.1,10.23,1.01,1.3
2025-05-21,Wasabi,6.86,7.64,0.87,3.5
2025-05-21,Tempura Batter,7.32,6.02,0.46,2.0
2025-05-21,Chicken,18.44,12.88,0.81,4.25
2025-05-21,Edamame,8.71,9.84,1.03,2.8
2025-05-21,Cream Cheese,14.01,12.11,1.38,3.75
2025-05-22,Tuna,8.87,7.24,0.68,7.5
2025-05-22,Salmon,13.85,9.75,1.03,6.25
2025-05-22,Rice,20.21,16.2,0.74,1.8
2025-05-22,Nori,14.55,10.64,0.7,0.45
2025-05-22,Avocado,16.21,12.19,0.87,2.2
2025-05-22,Cucumber,14.65,13.23,1.47,1.4
2025-05-22,Soy Sauce,11.45,7.57,0.56,1.1
2025-05-22,Ginger,21.1,16.33,0.8,1.3
2025-05-22,Wasabi,20.84,18.22,1.24,3.5
2025-05-22,Tempura Batter,12.91,9.1,0.33,2.0
2025-05-22,Chicken,14.98,12.08,1.24,4.25
2025-05-22,Edamame,18.46,9.32,0.11,2.8
2025-05-22,Cream Cheese,16.51,12.93,1.07,3.75
2025-05-23,Tuna,13.42,9.94,0.52,7.5
2025-05-23,Salmon,21.22,19.49,0.73,6.25
2025-05-23,Rice,10.75,9.35,0.1,1.8
2025-05-23,Nori,16.34,14.69,0.4,0.45
2025-05-23,Avocado,11.76,8.15,0.81,2.2
2025-05-23,Cucumber,13.58,12.11,1.02,1.4
2025-05-23,Soy Sauce,12.49,9.35,0.73,1.1
2025-05-23,Ginger,12.3,5.25,1.09,1.3
2025-05-23,Wasabi,16.4,12.72,1.83,3.5
2025-05-23,Tempura Batter,20.24,16.55,0.45,2.0
2025-05-23,Chicken,9.19,9.8,0.62,4.25
2025-05-23,Edamame,18.91,14.65,1.11,2.8
2025-05-23,Cream Cheese,14.04,9.94,1.21,3.75
2025-05-24,Tuna,6.7,3.09,1.84,7.5
2025-05-24,Salmon,8.79,10.83,0.39,6.25
2025-05-24,Rice,6.47,4.74,0.19,1.8
2025-05-24,Nori,20.28,15.72,0.97,0.45
2025-05-24,Avocado,18.77,16.9,0.84,2.2
2025-05-24,Cucumber,24.95,20.78,1.09,1.4
2025-05-24,Soy Sauce,11.1,8.93,0.3,1.1
2025-05-24,Ginger,18.61,18.72,1.26,1.3
2025-05-24,Wasabi,14.12,14.32,1.37,3.5
2025-05-24,Tempura Batter,11.32,10.97,0.98,2.0
2025-05-24,Chicken,11.3,8.71,0.55,4.25
2025-05-24,Edamame,9.11,8.48,1.2,2.8
2025-05-24,Cream Cheese,16.82,13.3,0.62,3.75
2025-05-25,Tuna,13.73,12.21,0.42,7.5
2025-05-25,Salmon,23.61,18.84,0.52,6.25
2025-05-25,Rice,5.61,6.02,0.48,1.8
2025-05-25,Nori,15.67,12.43,0.87,0.45
2025-05-25,Avocado,14.26,13.34,1.55,2.2
2025-05-25,Cucumber,14.8,11.21,0.47,1.4
2025-05-25,Soy Sauce,20.4,13.25,0.31,1.1
2025-05-25,Ginger,8.81,7.54,0.63,1.3
2025-05-25,Wasabi,10.83,9.91,0.78,3.5
2025-05-25,Tempura Batter,20.94,18.24,0.75,2.0
2025-05-25,Chicken,17.67,13.37,1.49,4.25
2025-05-25,Edamame,15.95,12.96,0.3,2.8
2025-05-25,Cream Cheese,16.27,14.96,0.36,3.75
2025-05-26,Tuna,18.86,12.77,1.16,7.5
2025-05-26,Salmon,12.89,11.85,1.56,6.25
2025-05-26,Rice,14.19,11.77,1.08,1.8
2025-05-26,Nori,11.7,10.21,0.47,0.45
2025-05-26,Avocado,10.11,9.36,0.18,2.2
2025-05-26,Cucumber,20.23,15.89,0.39,1.4
2025-05-26,Soy Sauce,19.17,15.55,0.64,1.1
2025-05-26,Ginger,10.78,7.1,1.73,1.3
2025-05-26,Wasabi,17.06,12.06,0.69,3.5
2025-05-26,Tempura Batter,18.39,15.69,0.0,2.0
2025-05-26,Chicken,12.38,9.11,0.0,4.25
2025-05-26,Edamame,14.45,11.39,0.51,2.8
2025-05-26,Cream Cheese,24.25,18.24,0.46,3.75
2025-05-27,Tuna,5.32,5.93,1.1,7.5
2025-05-27,Salmon,13.98,12.54,0.94,6.25
2025-05-27,Rice,11.67,7.08,0.61,1.8
2025-05-27,Nori,9.94,7.67,0.6,0.45
2025-05-27,Avocado,18.79,13.46,1.36,2.2
2025-05-27,Cucumber,15.26,12.64,0.52,1.4
2025-05-27,Soy Sauce,7.89,4.93,0.37,1.1
2025-05-27,Ginger,19.47,16.87,1.17,1.3
2025-05-27,Wasabi,11.72,10.07,1.1,3.5
2025-05-27,Tempura Batter,16.75,13.11,0.75,2.0
2025-05-27,Chicken,19.45,15.16,0.0,4.25
2025-05-27,Edamame,16.0,10.97,0.29,2.8
2025-05-27,Cream Cheese,7.95,5.23,1.06,3.75
2025-05-28,Tuna,15.74,10.16,1.72,7.5
2025-05-28,Salmon,6.53,4.3,0.0,6.25
2025-05-28,Rice,16.28,14.64,0.56,1.8
2025-05-28,Nori,16.94,16.59,0.01,0.45
2025-05-28,Avocado,8.43,2.89,1.32,2.2
2025-05-28,Cucumber,11.27,10.82,1.22,1.4
2025-05-28,Soy Sauce,25.55,23.02,0.2,1.1
2025-05-28,Ginger,17.7,16.97,0.62,1.3
2025-05-28,Wasabi,3.84,1.45,0.16,3.5
2025-05-28,Tempura Batter,18.08,17.04,1.19,2.0
2025-05-28,Chicken,14.83,11.58,1.06,4.25
2025-05-28,Edamame,13.49,11.79,0.39,2.8
2025-05-28,Cream Cheese,13.23,14.04,1.64,3.75
2025-05-29,Tuna,14.85,12.53,0.93,7.5
2025-05-29,Salmon,12.27,9.62,0.23,6.25
2025-05-29,Rice,16.34,13.5,0.89,1.8
2025-05-29,Nori,19.32,17.93,0.74,0.45
2025-05-29,Avocado,9.49,5.39,0.79,2.2
2025-05-29,Cucumber,14.75,12.07,0.51,1.4
2025-05-29,Soy Sauce,25.06,21.98,0.95,1.1
2025-05-29,Ginger,12.21,7.44,0.74,1.3
2025-05-29,Wasabi,18.59,13.78,0.75,3.5
2025-05-29,Tempura Batter,7.64,9.29,0.61,2.0
2025-05-29,Chicken,9.98,9.27,1.53,4.25
2025-05-29,Edamame,15.27,15.93,0.88,2.8
2025-05-29,Cream Cheese,12.46,8.73,0.4,3.75
2025-05-30,Tuna,14.77,9.84,1.21,7.5
2025-05-30,Salmon,20.6,18.04,0.07,6.25
2025-05-30,Rice,20.54,15.69,1.11,1.8
2025-05-30,Nori,9.88,9.02,1.07,0.45
2025-05-30,Avocado,10.84,8.46,2.25,2.2
2025-05-30,Cucumber,25.1,20.52,0.47,1.4
2025-05-30,Soy Sauce,13.54,9.11,1.55,1.1
2025-05-30,Ginger,12.04,9.95,0.84,1.3
2025-05-30,Wasabi,6.73,6.44,0.21,3.5
2025-05-30,Tempura Batter,17.73,14.18,1.37,2.0
2025-05-30,Chicken,5.02,5.05,1.03,4.25
2025-05-30,Edamame,9.91,8.51,1.31,2.8
2025-05-30,Cream Cheese,11.92,9.79,0.67,3.75
2025-05-31,Tuna,15.61,11.24,0.19,7.5
2025-05-31,Salmon,16.57,11.25,1.87,6.25
2025-05-31,Rice,10.24,6.57,0.7,1.8
2025-05-31,Nori,13.03,11.6,1.18,0.45
2025-05-31,Avocado,22.86,14.82,0.14,2.2
2025-05-31,Cucumber,12.12,5.01,0.77,1.4
2025-05-31,Soy Sauce,13.55,10.17,0.1,1.1
2025-05-31,Ginger,16.34,13.5,1.34,1.3
2025-05-31,Wasabi,20.31,15.43,0.9,3.5
2025-05-31,Tempura Batter,22.57,18.42,0.53,2.0
2025-05-31,Chicken,10.37,8.76,1.09,4.25
2025-05-31,Edamame,9.98,6.67,0.38,2.8
2025-05-31,Cream Cheese,7.8,6.99,0.79,3.75
2025-06-01,Tuna,16.7,15.06,0.0,7.5
2025-06-01,Salmon,29.85,24.62,1.27,6.25
2025-06-01,Rice,21.7,18.51,0.73,1.8
2025-06-01,Nori,23.12,17.42,1.11,0.45
2025-06-01,Avocado,16.05,15.53,0.67,2.2
2025-06-01,Cucumber,23.42,18.82,0.07,1.4
2025-06-01,Soy Sauce,15.96,9.88,1.03,1.1
2025-06-01,Ginger,16.15,12.73,0.76,1.3
2025-06-01,Wasabi,11.24,9.9,1.31,3.5
2025-06-01,Tempura Batter,17.36,12.95,1.07,2.0
2025-06-01,Chicken,21.54,17.63,1.21,4.25
2025-06-01,Edamame,13.77,12.67,0.69,2.8
2025-06-01,Cream Cheese,18.72,14.36,1.53,3.75
2025-06-02,Tuna,13.61,10.16,0.74,7.5
2025-06-02,Salmon,22.25,18.5,1.0,6.25
2025-06-02,Rice,14.41,11.86,0.08,1.8
2025-06-02,Nori,10.31,6.96,0.83,0.45
2025-06-02,Avocado,17.62,12.74,0.85,2.2
2025-06-02,Cucumber,13.19,10.61,0.92,1.4
2025-06-02,Soy Sauce,15.61,10.48,0.79,1.1
2025-06-02,Ginger,14.37,13.01,1.33,1.3
2025-06-02,Wasabi,18.03,17.76,1.0,3.5
2025-06-02,Tempura Batter,15.14,11.57,1.03,2.0
2025-06-02,Chicken,7.58,3.06,1.36,4.25
2025-06-02,Edamame,18.01,16.9,0.78,2.8
2025-06-02,Cream Cheese,9.01,9.84,0.49,3.75
2025-06-03,Tuna,11.33,7.66,0.0,7.5
2025-06-03,Salmon,10.04,8.08,1.19,6.25
2025-06-03,Rice,26.72,23.11,0.28,1.8
2025-06-03,Nori,13.6,9.28,0.13,0.45
2025-06-03,Avocado,19.93,16.39,0.74,2.2
2025-06-03,Cucumber,10.1,5.26,0.42,1.4
2025-06-03,Soy Sauce,15.3,12.61,0.01,1.1
2025-06-03,Ginger,11.66,11.08,0.47,1.3
2025-06-03,Wasabi,18.14,13.73,0.79,3.5
2025-06-03,Tempura Batter,10.17,8.46,0.47,2.0
2025-06-03,Chicken,6.6,3.45,0.0,4.25
2025-06-03,Edamame,12.39,12.3,0.2,2.8
2025-06-03,Cream Cheese,17.72,14.67,0.0,3.75
2025-06-04,Tuna,13.29,9.76,0.49,7.5
2025-06-04,Salmon,14.12,10.63,0.82,6.25
2025-06-04,Rice,11.08,8.03,0.66,1.8
2025-06-04,Nori,21.69,18.9,0.87,0.45
2025-06-04,Avocado,15.39,13.04,0.44,2.2
2025-06-04,Cucumber,17.77,13.84,1.84,1.4
2025-06-04,Soy Sauce,19.49,14.97,1.16,1.1
2025-06-04,Ginger,9.72,9.24,0.3,1.3
2025-06-04,Wasabi,20.6,14.75,1.17,3.5
2025-06-04,Tempura Batter,17.69,11.33,0.58,2.0
2025-06-04,Chicken,10.91,7.41,1.45,4.25
2025-06-04,Edamame,8.22,8.62,0.82,2.8
2025-06-04,Cream Cheese,12.16,15.09,1.29,3.75
2025-06-05,Tuna,10.98,6.53,0.0,7.5
2025-06-05,Salmon,10.34,6.1,1.41,6.25
2025-06-05,Rice,19.75,11.96,0.29,1.8
2025-06-05,Nori,10.25,7.86,0.63,0.45
2025-06-05,Avocado,14.65,13.13,1.08,2.2
2025-06-05,Cucumber,20.4,14.17,0.55,1.4
2025-06-05,Soy Sauce,17.56,13.35,0.8,1.1
2025-06-05,Ginger,10.03,11.15,0.84,1.3
2025-06-05,Wasabi,17.27,14.38,0.41,3.5
2025-06-05,Tempura Batter,9.19,5.28,0.82,2.0
2025-06-05,Chicken,17.66,17.56,0.56,4.25
2025-06-05,Edamame,11.77,6.71,1.42,2.8
2025-06-05,Cream Cheese,23.73,19.69,1.19,3.75
2025-06-06,Tuna,17.89,13.74,0.0,7.5
2025-06-06,Salmon,21.76,14.48,0.91,6.25
2025-06-06,Rice,15.49,12.1,0.73,1.8
2025-06-06,Nori,15.62,12.99,1.37,0.45
2025-06-06,Avocado,23.51,16.18,0.79,2.2
2025-06-06,Cucumber,16.65,13.15,0.9,1.4
2025-06-06,Soy Sauce,16.27,16.52,1.03,1.1
2025-06-06,Ginger,25.71,19.98,1.42,1.3
2025-06-06,Wasabi,17.18,15.37,0.43,3.5
2025-06-06,Tempura Batter,9.75,9.03,1.27,2.0
2025-06-06,Chicken,21.74,17.87,1.2,4.25
2025-06-06,Edamame,17.31,13.17,0.0,2.8
2025-06-06,Cream Cheese,15.41,13.26,0.78,3.75
2025-06-07,Tuna,14.47,12.9,0.26,7.5
2025-06-07,Salmon,9.12,9.02,0.22,6.25
2025-06-07,Rice,8.06,7.93,1.06,1.8
2025-06-07,Nori,7.67,8.4,0.6,0.45
2025-06-07,Avocado,13.47,7.55,0.87,2.2
2025-06-07,Cucumber,10.26,6.12,0.84,1.4
2025-06-07,Soy Sauce,17.19,11.05,0.31,1.1
2025-06-07,Ginger,18.32,16.14,0.79,1.3
2025-06-07,Wasabi,10.63,9.0,0.58,3.5
2025-06-07,Tempura Batter,8.09,4.4,0.86,2.0
2025-06-07,Chicken,10.33,6.01,1.53,4.25
2025-06-07,Edamame,10.77,9.34,1.36,2.8
2025-06-07,Cream Cheese,16.34,13.61,1.21,3.75
2025-06-08,Tuna,18.95,13.1,0.79,7.5
2025-06-08,Salmon,18.9,13.71,0.0,6.25
2025-06-08,Rice,18.53,16.54,1.05,1.8
2025-06-08,Nori,21.04,18.66,0.57,0.45
2025-06-08,Avocado,11.88,11.78,1.9,2.2
2025-06-08,Cucumber,18.12,11.83,0.63,1.4
2025-06-08,Soy Sauce,17.02,12.14,0.25,1.1
2025-06-08,Ginger,16.4,11.59,0.69,1.3
2025-06-08,Wasabi,15.3,10.07,1.5,3.5
2025-06-08,Tempura Batter,19.89,18.24,0.51,2.0
2025-06-08,Chicken,14.55,10.11,0.2,4.25
2025-06-08,Edamame,9.01,7.44,0.33,2.8
2025-06-08,Cream Cheese,20.17,15.54,0.56,3.75
2025-06-09,Tuna,9.15,11.22,0.57,7.5
2025-06-09,Salmon,18.95,16.98,0.25,6.25
2025-06-09,Rice,18.28,17.5,1.57,1.8
2025-06-09,Nori,26.33,23.55,1.42,0.45
2025-06-09,Avocado,4.9,5.32,0.4,2.2
2025-06-09,Cucumber,18.29,15.29,0.71,1.4
2025-06-09,Soy Sauce,9.58,6.84,0.48,1.1
2025-06-09,Ginger,9.3,8.31,0.9,1.3
2025-06-09,Wasabi,12.11,9.12,0.0,3.5
2025-06-09,Tempura Batter,17.49,14.01,0.68,2.0
2025-06-09,Chicken,17.51,12.65,0.08,4.25
2025-06-09,Edamame,12.66,12.27,0.84,2.8
2025-06-09,Cream Cheese,13.91,10.96,1.22,3.75
2025-06-10,Tuna,20.45,15.27,0.6,7.5
2025-06-10,Salmon,18.83,14.81,0.61,6.25
2025-06-10,Rice,15.2,12.47,1.5,1.8
2025-06-10,Nori,17.57,15.24,0.6,0.45
2025-06-10,Avocado,21.51,15.83,0.0,2.2
2025-06-10,Cucumber,20.24,14.63,0.71,1.4
2025-06-10,Soy Sauce,16.31,12.33,0.59,1.1
2025-06-10,Ginger,20.92,18.8,0.83,1.3
2025-06-10,Wasabi,18.94,19.67,0.91,3.5
2025-06-10,Tempura Batter,12.36,9.36,0.2,2.0
2025-06-10,Chicken,13.57,10.52,0.92,4.25
2025-06-10,Edamame,13.93,15.58,0.74,2.8
2025-06-10,Cream Cheese,14.17,11.3,0.82,3.75
2025-06-11,Tuna,8.59,8.68,0.91,7.5
2025-06-11,Salmon,11.83,8.02,0.33,6.25
2025-06-11,Rice,17.66,14.77,0.81,1.8
2025-06-11,Nori,13.2,11.01,0.68,0.45
2025-06-11,Avocado,16.66,16.73,0.48,2.2
2025-06-11,Cucumber,20.87,16.23,1.47,1.4
2025-06-11,Soy Sauce,12.13,11.76,0.25,1.1
2025-06-11,Ginger,15.33,10.81,0.67,1.3
2025-06-11,Wasabi,14.47,10.67,0.81,3.5
2025-06-11,Tempura Batter,11.23,10.24,1.27,2.0
2025-06-11,Chicken,17.08,16.19,0.6,4.25
2025-06-11,Edamame,15.39,14.67,0.98,2.8
2025-06-11,Cream Cheese,11.26,10.69,1.69,3.75
2025-06-12,Tuna,14.68,10.63,0.24,7.5
2025-06-12,Salmon,25.1,18.21,0.05,6.25
2025-06-12,Rice,17.0,11.34,0.57,1.8
2025-06-12,Nori,13.28,13.64,0.41,0.45
2025-06-12,Avocado,15.04,13.22,0.62,2.2
2025-06-12,Cucumber,10.25,5.94,0.13,1.4
2025-06-12,Soy Sauce,19.8,18.16,1.2,1.1
2025-06-12,Ginger,15.84,14.81,0.51,1.3
2025-06-12,Wasabi,12.39,10.17,0.15,3.5
2025-06-12,Tempura Batter,15.76,14.14,0.74,2.0
2025-06-12,Chicken,20.17,16.03,0.49,4.25
2025-06-12,Edamame,20.49,16.16,0.45,2.8
2025-06-12,Cream Cheese,14.94,9.94,1.19,3.75
2025-06-13,Tuna,6.98,5.99,1.15,7.5
2025-06-13,Salmon,11.91,7.3,1.77,6.25
2025-06-13,Rice,14.65,13.49,0.89,1.8
2025-06-13,Nori,19.34,16.14,1.04,0.45
2025-06-13,Avocado,10.36,8.8,1.25,2.2
2025-06-13,Cucumber,6.98,9.15,0.65,1.4
2025-06-13,Soy Sauce,18.37,13.26,1.62,1.1
2025-06-13,Ginger,16.66,12.34,0.86,1.3
2025-06-13,Wasabi,16.04,13.42,0.99,3.5
2025-06-13,Tempura Batter,16.04,9.08,0.0,2.0
2025-06-13,Chicken,17.92,14.28,0.99,4.25
2025-06-13,Edamame,6.91,7.27,1.1,2.8
2025-06-13,Cream Cheese,20.8,17.36,1.2,3.75
2025-06-14,Tuna,13.83,10.17,1.41,7.5
2025-06-14,Salmon,16.12,10.75,0.0,6.25
2025-06-14,Rice,13.64,9.55,1.75,1.8
2025-06-14,Nori,12.99,12.06,1.74,0.45
2025-06-14,Avocado,15.82,11.5,0.63,2.2
2025-06-14,Cucumber,14.44,12.57,1.93,1.4
2025-06-14,Soy Sauce,23.3,16.76,0.41,1.1
2025-06-14,Ginger,7.11,4.7,2.06,1.3
2025-06-14,Wasabi,15.82,10.71,0.29,3.5
2025-06-14,Tempura Batter,11.52,8.68,1.85,2.0
2025-06-14,Chicken,15.29,16.4,1.13,4.25
2025-06-14,Edamame,9.04,7.41,1.06,2.8
2025-06-14,Cream Cheese,23.29,17.59,0.97,3.75
2025-06-15,Tuna,19.07,13.38,0.01,7.5
2025-06-15,Salmon,20.84,19.31,0.93,6.25
2025-06-15,Rice,10.7,10.01,1.03,1.8
2025-06-15,Nori,15.74,12.95,0.72,0.45
2025-06-15,Avocado,25.49,18.1,1.43,2.2
2025-06-15,Cucumber,12.84,13.11,1.11,1.4
2025-06-15,Soy Sauce,19.23,14.69,0.23,1.1
2025-06-15,Ginger,21.52,15.4,0.31,1.3
2025-06-15,Wasabi,16.12,14.74,0.75,3.5
2025-06-15,Tempura Batter,10.5,8.21,0.63,2.0
2025-06-15,Chicken,18.43,13.65,1.41,4.25
2025-06-15,Edamame,13.11,9.39,0.25,2.8
2025-06-15,Cream Cheese,14.64,11.56,0.34,3.75
2025-06-16,Tuna,16.92,14.24,0.88,7.5
2025-06-16,Salmon,19.04,16.9,1.23,6.25
2025-06-16,Rice,23.53,17.77,0.71,1.8
2025-06-16,Nori,9.69,8.11,0.01,0.45
2025-06-16,Avocado,19.24,14.74,0.86,2.2
2025-06-16,Cucumber,8.76,6.5,1.49,1.4
2025-06-16,Soy Sauce,19.0,14.44,2.45,1.1
2025-06-16,Ginger,11.99,13.31,0.25,1.3
2025-06-16,Wasabi,16.26,13.22,0.71,3.5
2025-06-16,Tempura Batter,12.81,11.38,0.99,2.0
2025-06-16,Chicken,24.04,17.58,1.65,4.25
2025-06-16,Edamame,11.14,8.18,0.64,2.8
2025-06-16,Cream Cheese,17.2,14.37,0.69,3.75
2025-06-17,Tuna,21.02,17.82,0.86,7.5
2025-06-17,Salmon,18.01,13.65,1.14,6.25
2025-06-17,Rice,18.64,18.21,0.96,1.8
2025-06-17,Nori,13.99,11.59,1.18,0.45
2025-06-17,Avocado,19.0,17.19,1.64,2.2
2025-06-17,Cucumber,10.45,6.27,0.35,1.4
2025-06-17,Soy Sauce,12.55,9.43,0.6,1.1
2025-06-17,Ginger,4.77,0.55,1.19,1.3
2025-06-17,Wasabi,13.88,11.36,0.61,3.5
2025-06-17,Tempura Batter,4.52,5.15,1.2,2.0
2025-06-17,Chicken,20.45,16.26,0.99,4.25
2025-06-17,Edamame,19.56,15.13,0.41,2.8
2025-06-17,Cream Cheese,15.3,12.89,0.66,3.75
2025-06-18,Tuna,22.71,16.56,0.0,7.5
2025-06-18,Salmon,13.36,10.98,1.38,6.25
2025-06-18,Rice,3.22,6.2,1.21,1.8
2025-06-18,Nori,15.28,15.85,0.74,0.45
2025-06-18,Avocado,18.96,18.12,0.85,2.2
2025-06-18,Cucumber,14.18,14.03,0.52,1.4
2025-06-18,Soy Sauce,7.91,5.24,0.4,1.1
2025-06-18,Ginger,17.1,12.83,1.49,1.3
2025-06-18,Wasabi,24.74,21.33,0.64,3.5
2025-06-18,Tempura Batter,11.57,10.5,1.02,2.0
2025-06-18,Chicken,14.06,10.02,0.33,4.25
2025-06-18,Edamame,14.0,10.14,0.74,2.8
2025-06-18,Cream Cheese,7.29,4.32,0.4,3.75
2025-06-19,Tuna,21.67,16.73,0.0,7.5
2025-06-19,Salmon,18.98,15.21,0.06,6.25
2025-06-19,Rice,15.95,15.51,1.37,1.8
2025-06-19,Nori,9.38,9.42,1.86,0.45
2025-06-19,Avocado,7.2,5.81,0.5,2.2
2025-06-19,Cucumber,14.57,10.18,0.83,1.4
2025-06-19,Soy Sauce,19.76,16.02,0.0,1.1
2025-06-19,Ginger,17.67,14.2,0.49,1.3
2025-06-19,Wasabi,24.51,20.29,1.27,3.5
2025-06-19,Tempura Batter,18.07,15.91,1.12,2.0
2025-06-19,Chicken,15.15,13.26,0.19,4.25
2025-06-19,Edamame,16.27,12.1,0.81,2.8
2025-06-19,Cream Cheese,14.33,11.27,0.0,3.75
2025-06-20,Tuna,21.74,18.2,0.56,7.5
2025-06-20,Salmon,7.37,4.77,0.51,6.25
2025-06-20,Rice,14.43,9.54,0.84,1.8
2025-06-20,Nori,9.51,5.27,0.01,0.45
2025-06-20,Avocado,16.82,14.77,0.84,2.2
2025-06-20,Cucumber,14.6,11.9,0.9,1.4
2025-06-20,Soy Sauce,19.07,12.33,0.91,1.1
2025-06-20,Ginger,14.57,12.99,0.99,1.3
2025-06-20,Wasabi,13.21,7.91,0.06,3.5
2025-06-20,Tempura Batter,8.37,8.63,1.01,2.0
2025-06-20,Chicken,14.68,10.3,0.31,4.25
2025-06-20,Edamame,18.29,14.13,0.91,2.8
2025-06-20,Cream Cheese,15.4,12.12,0.34,3.75
2025-06-21,Tuna,11.79,7.7,0.62,7.5
2025-06-21,Salmon,19.92,13.81,0.57,6.25
2025-06-21,Rice,11.95,9.6,0.82,1.8
2025-06-21,Nori,17.4,14.46,1.84,0.45
2025-06-21,Avocado,18.25,13.68,0.78,2.2
2025-06-21,Cucumber,18.64,16.05,0.48,1.4
2025-06-21,Soy Sauce,18.51,15.62,0.92,1.1
2025-06-21,Ginger,19.21,15.93,0.73,1.3
2025-06-21,Wasabi,14.98,9.86,0.63,3.5
2025-06-21,Tempura Batter,15.37,11.8,0.94,2.0
2025-06-21,Chicken,18.92,16.05,1.49,4.25
2025-06-21,Edamame,14.75,11.0,0.71,2.8
2025-06-21,Cream Cheese,22.67,20.37,0.67,3.75
2025-06-22,Tuna,14.93,12.46,0.96,7.5
2025-06-22,Salmon,20.21,16.92,0.89,6.25
2025-06-22,Rice,13.07,11.08,0.85,1.8
2025-06-22,Nori,17.38,12.03,0.32,0.45
2025-06-22,Avocado,20.52,17.82,0.87,2.2
2025-06-22,Cucumber,11.86,7.74,0.32,1.4
2025-06-22,Soy Sauce,17.04,13.49,0.64,1.1
2025-06-22,Ginger,11.06,3.74,0.27,1.3
2025-06-22,Wasabi,14.63,13.09,1.32,3.5
2025-06-22,Tempura Batter,11.98,10.48,1.1,2.0
2025-06-22,Chicken,9.09,6.91,1.15,4.25
2025-06-22,Edamame,19.1,18.03,0.49,2.8
2025-06-22,Cream Cheese,12.41,13.41,1.48,3.75
2025-06-23,Tuna,10.13,8.0,0.93,7.5
2025-06-23,Salmon,13.28,12.2,1.66,6.25
2025-06-23,Rice,2.46,1.7,0.48,1.8
2025-06-23,Nori,13.64,8.2,0.0,0.45
2025-06-23,Avocado,20.67,18.23,0.12,2.2
2025-06-23,Cucumber,6.17,3.6,0.45,1.4
2025-06-23,Soy Sauce,15.04,12.95,1.28,1.1
2025-06-23,Ginger,13.58,11.43,1.29,1.3
2025-06-23,Wasabi,17.46,12.91,1.37,3.5
2025-06-23,Tempura Batter,13.9,10.82,1.22,2.0
2025-06-23,Chicken,4.99,2.2,0.69,4.25
2025-06-23,Edamame,14.89,13.5,1.35,2.8
2025-06-23,Cream Cheese,11.13,9.05,0.47,3.75
2025-06-24,Tuna,15.75,16.92,1.69,7.5
2025-06-24,Salmon,19.76,17.89,1.31,6.25
2025-06-24,Rice,18.83,12.52,1.28,1.8
2025-06-24,Nori,20.65,20.77,0.9,0.45
2025-06-24,Avocado,7.07,5.1,1.92,2.2
2025-06-24,Cucumber,18.84,13.87,1.06,1.4
2025-06-24,Soy Sauce,15.76,13.8,0.45,1.1
2025-06-24,Ginger,7.34,9.8,0.76,1.3
2025-06-24,Wasabi,14.72,12.96,0.73,3.5
2025-06-24,Tempura Batter,18.87,14.1,0.2,2.0
2025-06-24,Chicken,13.33,8.82,1.09,4.25
2025-06-24,Edamame,22.98,17.38,2.01,2.8
2025-06-24,Cream Cheese,16.99,10.83,0.34,3.75
2025-06-25,Tuna,25.49,21.58,1.07,7.5
2025-06-25,Salmon,16.25,15.96,0.26,6.25
2025-06-25,Rice,16.15,12.46,1.84,1.8
2025-06-25,Nori,14.28,8.2,0.67,0.45
2025-06-25,Avocado,13.55,10.88,0.65,2.2
2025-06-25,Cucumber,16.16,13.95,0.09,1.4
2025-06-25,Soy Sauce,14.84,10.93,0.1,1.1
2025-06-25,Ginger,19.69,14.33,1.54,1.3
2025-06-25,Wasabi,12.74,13.35,1.12,3.5
2025-06-25,Tempura Batter,17.48,15.87,0.76,2.0
2025-06-25,Chicken,20.51,13.93,0.67,4.25
2025-06-25,Edamame,19.2,15.57,0.9,2.8
2025-06-25,Cream Cheese,18.66,17.32,0.92,3.75
2025-06-26,Tuna,12.09,12.11,1.42,7.5
2025-06-26,Salmon,18.38,15.32,0.67,6.25
2025-06-26,Rice,16.42,12.0,0.83,1.8
2025-06-26,Nori,11.3,9.33,0.79,0.45
2025-06-26,Avocado,11.94,8.27,0.4,2.2
2025-06-26,Cucumber,17.57,8.18,1.77,1.4
2025-06-26,Soy Sauce,17.28,12.58,1.31,1.1
2025-06-26,Ginger,15.26,11.7,0.67,1.3
2025-06-26,Wasabi,22.56,17.02,1.58,3.5
2025-06-26,Tempura Batter,20.4,13.06,0.76,2.0
2025-06-26,Chicken,22.26,20.19,0.15,4.25
2025-06-26,Edamame,24.43,20.11,1.06,2.8
2025-06-26,Cream Cheese,11.87,10.56,0.42,3.75
2025-06-27,Tuna,15.25,12.55,0.0,7.5
2025-06-27,Salmon,20.94,18.78,1.42,6.25
2025-06-27,Rice,12.49,9.18,1.29,1.8
2025-06-27,Nori,17.8,15.34,1.05,0.45
2025-06-27,Avocado,17.41,14.7,0.24,2.2
2025-06-27,Cucumber,11.74,9.5,0.81,1.4
2025-06-27,Soy Sauce,23.18,18.37,0.39,1.1
2025-06-27,Ginger,22.19,19.35,1.14,1.3
2025-06-27,Wasabi,10.34,8.24,1.32,3.5
2025-06-27,Tempura Batter,11.59,8.48,1.04,2.0
2025-06-27,Chicken,7.35,7.91,1.25,4.25
2025-06-27,Edamame,27.37,23.45,1.13,2.8
2025-06-27,Cream Cheese,14.4,8.46,0.61,3.75
2025-06-28,Tuna,20.87,16.65,1.12,7.5
2025-06-28,Salmon,18.5,14.37,0.94,6.25
2025-06-28,Rice,17.42,15.88,0.68,1.8
2025-06-28,Nori,21.22,17.87,0.64,0.45
2025-06-28,Avocado,20.81,16.14,0.15,2.2
2025-06-28,Cucumber,18.19,14.92,1.16,1.4
2025-06-28,Soy Sauce,15.97,12.04,0.0,1.1
2025-06-28,Ginger,12.9,8.42,2.11,1.3
2025-06-28,Wasabi,15.08,13.47,0.87,3.5
2025-06-28,Tempura Batter,13.93,8.43,0.82,2.0
2025-06-28,Chicken,18.91,16.21,1.37,4.25
2025-06-28,Edamame,8.55,5.51,1.07,2.8
2025-06-28,Cream Cheese,14.65,10.93,0.97,3.75
2025-06-29,Tuna,20.44,16.2,1.0,7.5
2025-06-29,Salmon,15.81,15.52,0.42,6.25
2025-06-29,Rice,10.56,6.46,1.01,1.8
2025-06-29,Nori,21.24,17.54,0.48,0.45
2025-06-29,Avocado,11.79,12.54,0.6,2.2
2025-06-29,Cucumber,6.27,2.61,0.66,1.4
2025-06-29,Soy Sauce,12.61,11.47,0.47,1.1
2025-06-29,Ginger,14.9,14.77,1.05,1.3
2025-06-29,Wasabi,8.39,8.76,1.41,3.5
2025-06-29,Tempura Batter,19.24,17.32,0.53,2.0
2025-06-29,Chicken,12.38,11.0,0.48,4.25
2025-06-29,Edamame,20.95,13.8,0.62,2.8
2025-06-29,Cream Cheese,19.8,16.09,0.0,3.75
2025-06-30,Tuna,14.6,11.9,1.53,7.5
2025-06-30,Salmon,21.77,18.02,1.41,6.25
2025-06-30,Rice,16.65,11.41,0.85,1.8
2025-06-30,Nori,21.79,16.39,1.16,0.45
2025-06-30,Avocado,11.19,9.03,1.18,2.2
2025-06-30,Cucumber,18.89,15.57,0.64,1.4
2025-06-30,Soy Sauce,15.21,12.77,0.66,1.1
2025-06-30,Ginger,21.89,19.84,1.05,1.3
2025-06-30,Wasabi,13.16,12.61,0.17,3.5
2025-06-30,Tempura Batter,10.77,11.68,1.72,2.0
2025-06-30,Chicken,12.67,10.55,1.41,4.25
2025-06-30,Edamame,15.74,11.44,0.51,2.8
2025-06-30,Cream Cheese,17.12,12.18,0.37,3.75
2025-07-01,Tuna,12.28,14.11,1.43,7.5
2025-07-01,Salmon,12.6,9.77,0.75,6.25
2025-07-01,Rice,9.0,8.1,1.06,1.8
2025-07-01,Nori,15.5,14.27,1.07,0.45
2025-07-01,Avocado,16.48,14.23,0.15,2.2
2025-07-01,Cucumber,15.58,11.85,0.77,1.4
2025-07-01,Soy Sauce,13.56,9.63,1.43,1.1
2025-07-01,Ginger,11.32,8.92,2.17,1.3
2025-07-01,Wasabi,13.63,13.16,0.56,3.5
2025-07-01,Tempura Batter,12.73,8.97,0.95,2.0
2025-07-01,Chicken,16.17,9.45,0.84,4.25
2025-07-01,Edamame,10.73,10.18,0.35,2.8
2025-07-01,Cream Cheese,9.63,7.02,0.36,3.75
2025-07-02,Tuna,16.97,15.14,1.22,7.5
2025-07-02,Salmon,18.26,13.97,1.25,6.25
2025-07-02,Rice,21.28,19.97,1.22,1.8
2025-07-02,Nori,18.72,13.59,0.86,0.45
2025-07-02,Avocado,17.12,16.7,0.3,2.2
2025-07-02,Cucumber,12.57,9.72,0.82,1.4
2025-07-02,Soy Sauce,10.06,9.04,0.47,1.1
2025-07-02,Ginger,7.59,5.16,0.77,1.3
2025-07-02,Wasabi,17.1,13.76,1.7,3.5
2025-07-02,Tempura Batter,19.72,15.25,0.98,2.0
2025-07-02,Chicken,16.7,14.14,0.85,4.25
2025-07-02,Edamame,22.55,19.69,0.13,2.8
2025-07-02,Cream Cheese,19.54,14.79,0.88,3.75
2025-07-03,Tuna,10.06,4.49,0.91,7.5
2025-07-03,Salmon,16.14,10.76,0.0,6.25
2025-07-03,Rice,14.37,12.45,1.55,1.8
2025-07-03,Nori,14.24,12.97,1.37,0.45
2025-07-03,Avocado,6.18,2.16,0.17,2.2
2025-07-03,Cucumber,12.67,10.15,1.26,1.4
2025-07-03,Soy Sauce,20.25,20.81,1.02,1.1
2025-07-03,Ginger,22.66,20.81,0.48,1.3
2025-07-03,Wasabi,17.6,12.94,1.13,3.5
2025-07-03,Tempura Batter,11.96,10.57,1.46,2.0
2025-07-03,Chicken,8.07,8.9,0.07,4.25
2025-07-03,Edamame,15.68,9.7,0.21,2.8
2025-07-03,Cream Cheese,23.7,18.09,0.91,3.75
2025-07-04,Tuna,2.44,1.8,0.48,7.5
2025-07-04,Salmon,20.78,18.92,0.41,6.25
2025-07-04,Rice,12.93,12.75,0.79,1.8
2025-07-04,Nori,17.18,8.81,0.34,0.45
2025-07-04,Avocado,20.44,19.72,0.93,2.2
2025-07-04,Cucumber,17.28,14.0,0.84,1.4
2025-07-04,Soy Sauce,19.28,15.45,0.71,1.1
2025-07-04,Ginger,11.97,9.3,0.71,1.3
2025-07-04,Wasabi,14.36,11.21,0.1,3.5
2025-07-04,Tempura Batter,12.55,7.89,0.0,2.0
2025-07-04,Chicken,18.67,16.79,1.63,4.25
2025-07-04,Edamame,19.25,16.9,0.69,2.8
2025-07-04,Cream Cheese,23.92,18.37,1.29,3.75
2025-07-05,Tuna,17.4,16.58,0.9,7.5
2025-07-05,Salmon,9.69,8.92,0.88,6.25
2025-07-05,Rice,13.01,10.34,0.55,1.8
2025-07-05,Nori,13.38,6.98,0.88,0.45
2025-07-05,Avocado,9.6,6.23,1.56,2.2
2025-07-05,Cucumber,17.8,15.83,0.55,1.4
2025-07-05,Soy Sauce,9.69,8.17,0.47,1.1
2025-07-05,Ginger,8.24,6.13,0.97,1.3
2025-07-05,Wasabi,13.78,10.34,1.61,3.5
2025-07-05,Tempura Batter,22.21,19.34,1.24,2.0
2025-07-05,Chicken,13.36,11.33,0.24,4.25
2025-07-05,Edamame,17.52,12.35,0.16,2.8
2025-07-05,Cream Cheese,13.18,10.85,0.92,3.75
2025-07-06,Tuna,17.13,13.05,1.75,7.5
2025-07-06,Salmon,9.67,8.52,0.92,6.25
2025-07-06,Rice,17.89,17.81,0.97,1.8
2025-07-06,Nori,15.9,11.19,1.11,0.45
2025-07-06,Avocado,16.17,12.19,0.47,2.2
2025-07-06,Cucumber,20.97,15.2,0.85,1.4
2025-07-06,Soy Sauce,13.08,10.37,1.19,1.1
2025-07-06,Ginger,12.43,11.83,1.28,1.3
2025-07-06,Wasabi,11.92,8.07,0.0,3.5
2025-07-06,Tempura Batter,15.3,12.43,0.0,2.0
2025-07-06,Chicken,14.13,13.33,0.84,4.25
2025-07-06,Edamame,10.39,10.35,0.28,2.8
2025-07-06,Cream Cheese,13.1,8.14,1.22,3.75
2025-07-07,Tuna,22.75,20.78,0.53,7.5
2025-07-07,Salmon,14.83,12.54,0.51,6.25
2025-07-07,Rice,16.62,12.22,0.0,1.8
2025-07-07,Nori,9.91,9.71,0.72,0.45
2025-07-07,Avocado,18.96,13.73,0.58,2.2
2025-07-07,Cucumber,12.06,12.43,0.37,1.4
2025-07-07,Soy Sauce,13.11,12.83,1.42,1.1
2025-07-07,Ginger,15.28,14.09,0.06,1.3
2025-07-07,Wasabi,10.32,9.12,0.19,3.5
2025-07-07,Tempura Batter,8.91,6.37,1.17,2.0
2025-07-07,Chicken,13.05,9.16,0.64,4.25
2025-07-07,Edamame,15.88,14.45,0.94,2.8
2025-07-07,Cream Cheese,18.21,12.48,1.08,3.75
2025-07-08,Tuna,13.08,13.02,0.54,7.5
2025-07-08,Salmon,10.15,8.8,0.81,6.25
2025-07-08,Rice,16.52,12.96,1.43,1.8
2025-07-08,Nori,14.48,13.93,0.9,0.45
2025-07-08,Avocado,19.86,14.34,0.72,2.2
2025-07-08,Cucumber,16.58,11.42,0.89,1.4
2025-07-08,Soy Sauce,4.98,5.61,1.72,1.1
2025-07-08,Ginger,7.81,5.15,1.24,1.3
2025-07-08,Wasabi,5.78,4.94,0.18,3.5
2025-07-08,Tempura Batter,26.24,19.2,0.43,2.0
2025-07-08,Chicken,17.93,14.32,0.66,4.25
2025-07-08,Edamame,13.11,5.49,0.0,2.8
2025-07-08,Cream Cheese,14.55,12.85,1.3,3.75
2025-07-09,Tuna,16.43,15.38,0.4,7.5
2025-07-09,Salmon,9.19,5.8,1.16,6.25
2025-07-09,Rice,12.74,10.23,1.75,1.8
2025-07-09,Nori,21.44,15.74,0.0,0.45
2025-07-09,Avocado,17.69,14.19,0.17,2.2
2025-07-09,Cucumber,10.39,7.82,0.13,1.4
2025-07-09,Soy Sauce,10.88,8.81,1.09,1.1
2025-07-09,Ginger,11.28,9.17,1.31,1.3
2025-07-09,Wasabi,8.4,4.94,0.99,3.5
2025-07-09,Tempura Batter,15.66,13.67,0.27,2.0
2025-07-09,Chicken,19.37,18.08,0.24,4.25
2025-07-09,Edamame,13.6,12.08,1.33,2.8
2025-07-09,Cream Cheese,16.3,10.94,1.02,3.75
2025-07-10,Tuna,15.68,10.45,0.47,7.5
2025-07-10,Salmon,14.78,10.72,0.91,6.25
2025-07-10,Rice,9.23,9.31,0.79,1.8
2025-07-10,Nori,12.15,9.09,0.59,0.45
2025-07-10,Avocado,11.59,9.13,0.76,2.2
2025-07-10,Cucumber,18.63,14.78,1.85,1.4
2025-07-10,Soy Sauce,14.22,12.57,0.72,1.1
2025-07-10,Ginger,19.28,14.27,1.47,1.3
2025-07-10,Wasabi,13.49,7.93,0.78,3.5
2025-07-10,Tempura Batter,10.88,8.29,1.41,2.0
2025-07-10,Chicken,14.41,13.83,0.2,4.25
2025-07-10,Edamame,8.61,7.07,0.84,2.8
2025-07-10,Cream Cheese,9.64,7.5,1.5,3.75
2025-07-11,Tuna,24.57,18.47,0.0,7.5
2025-07-11,Salmon,21.88,18.69,0.84,6.25
2025-07-11,Rice,20.52,16.12,0.0,1.8
2025-07-11,Nori,11.82,9.55,0.13,0.45
2025-07-11,Avocado,21.87,15.99,0.79,2.2
2025-07-11,Cucumber,16.17,13.19,0.85,1.4
2025-07-11,Soy Sauce,15.94,16.47,1.04,1.1
2025-07-11,Ginger,13.62,12.05,0.55,1.3
2025-07-11,Wasabi,19.67,19.33,0.72,3.5
2025-07-11,Tempura Batter,18.98,18.52,0.57,2.0
2025-07-11,Chicken,15.99,12.17,0.76,4.25
2025-07-11,Edamame,12.31,8.42,0.75,2.8
2025-07-11,Cream Cheese,19.36,14.51,0.06,3.75
2025-07-12,Tuna,18.62,16.13,1.21,7.5
2025-07-12,Salmon,20.68,13.98,0.8,6.25
2025-07-12,Rice,12.36,10.39,0.28,1.8
2025-07-12,Nori,16.03,15.23,1.2,0.45
2025-07-12,Avocado,10.58,11.11,1.54,2.2
2025-07-12,Cucumber,2.84,0.0,0.92,1.4
2025-07-12,Soy Sauce,6.66,2.78,0.47,1.1
2025-07-12,Ginger,16.69,11.01,0.87,1.3
2025-07-12,Wasabi,13.26,10.6,1.69,3.5
2025-07-12,Tempura Batter,14.85,13.62,0.56,2.0
2025-07-12,Chicken,9.34,7.24,1.6,4.25
2025-07-12,Edamame,11.66,11.33,1.02,2.8
2025-07-12,Cream Cheese,14.55,10.43,0.68,3.75
2025-07-13,Tuna,18.96,17.78,0.22,7.5
2025-07-13,Salmon,14.74,15.75,0.71,6.25
2025-07-13,Rice,13.81,15.2,0.83,1.8
2025-07-13,Nori,5.33,6.02,0.27,0.45
2025-07-13,Avocado,12.85,11.27,1.35,2.2
2025-07-13,Cucumber,14.35,12.33,0.15,1.4
2025-07-13,Soy Sauce,20.01,12.9,0.45,1.1
2025-07-13,Ginger,10.54,9.66,1.39,1.3
2025-07-13,Wasabi,17.82,15.71,0.5,3.5
2025-07-13,Tempura Batter,10.65,8.22,1.31,2.0
2025-07-13,Chicken,17.74,12.17,0.44,4.25
2025-07-13,Edamame,10.96,2.75,0.91,2.8
2025-07-13,Cream Cheese,16.54,15.11,0.12,3.75
2025-07-14,Tuna,11.64,12.62,0.67,7.5
2025-07-14,Salmon,19.99,16.09,0.93,6.25
2025-07-14,Rice,22.73,18.97,0.0,1.8
2025-07-14,Nori,18.25,11.4,0.65,0.45
2025-07-14,Avocado,24.5,19.46,0.6,2.2
2025-07-14,Cucumber,11.36,7.68,1.44,1.4
2025-07-14,Soy Sauce,8.93,5.69,0.0,1.1
2025-07-14,Ginger,10.33,10.64,1.08,1.3
2025-07-14,Wasabi,14.56,9.24,0.53,3.5
2025-07-14,Tempura Batter,9.24,9.47,1.0,2.0
2025-07-14,Chicken,18.85,13.97,1.13,4.25
2025-07-14,Edamame,17.8,13.61,1.15,2.8
2025-07-14,Cream Cheese,15.58,15.63,0.57,3.75
2025-07-15,Tuna,9.17,5.51,1.61,7.5
2025-07-15,Salmon,17.37,15.59,1.05,6.25
2025-07-15,Rice,16.86,13.4,0.15,1.8
2025-07-15,Nori,17.9,17.26,0.62,0.45
2025-07-15,Avocado,18.09,15.84,0.84,2.2
2025-07-15,Cucumber,15.61,12.48,0.86,1.4
2025-07-15,Soy Sauce,16.01,12.86,0.35,1.1
2025-07-15,Ginger,10.8,5.8,1.32,1.3
2025-07-15,Wasabi,17.01,13.35,0.34,3.5
2025-07-15,Tempura Batter,4.75,2.25,0.0,2.0
2025-07-15,Chicken,18.35,12.74,0.49,4.25
2025-07-15,Edamame,10.75,9.77,0.82,2.8
2025-07-15,Cream Cheese,12.83,11.87,1.26,3.75
2025-07-16,Tuna,28.19,22.81,0.74,7.5
2025-07-16,Salmon,13.48,11.51,0.53,6.25
2025-07-16,Rice,20.84,15.83,0.22,1.8
2025-07-16,Nori,18.69,13.47,0.62,0.45
2025-07-16,Avocado,15.55,11.15,1.16,2.2
2025-07-16,Cucumber,17.22,13.72,0.99,1.4
2025-07-16,Soy Sauce,11.65,10.89,0.02,1.1
2025-07-16,Ginger,17.6,14.38,1.03,1.3
2025-07-16,Wasabi,11.89,8.68,0.84,3.5
2025-07-16,Tempura Batter,21.82,17.12,0.43,2.0
2025-07-16,Chicken,15.52,14.02,0.0,4.25
2025-07-16,Edamame,21.15,18.9,1.32,2.8
2025-07-16,Cream Cheese,10.74,9.35,0.53,3.75
2025-07-17,Salmon,13.1,10.01,0.38,6.25
2025-07-17,Rice,18.25,17.88,0.39,1.8
2025-07-17,Nori,18.08,10.31,1.18,0.45
2025-07-17,Avocado,13.23,8.59,1.06,2.2
2025-07-17,Cucumber,17.49,13.09,0.83,1.4
2025-07-17,Soy Sauce,12.58,12.68,1.52,1.1
2025-07-17,Ginger,10.74,10.21,0.55,1.3
2025-07-17,Wasabi,11.54,10.14,1.19,3.5
2025-07-17,Tempura Batter,14.98,15.9,0.54,2.0
2025-07-17,Chicken,12.88,10.23,1.65,4.25
2025-07-17,Edamame,14.87,8.75,0.73,2.8
2025-07-17,Cream Cheese,20.66,18.29,0.59,3.75
2025-07-18,Tuna,17.49,11.91,0.88,7.5
2025-07-18,Salmon,17.11,12.84,0.36,6.25
2025-07-18,Rice,15.09,13.35,1.54,1.8
2025-07-18,Nori,18.06,13.67,0.0,0.45
2025-07-18,Avocado,17.47,14.83,0.08,2.2
2025-07-18,Cucumber,12.34,12.38,1.11,1.4
2025-07-18,Soy Sauce,17.15,17.74,0.79,1.1
2025-07-18,Ginger,10.36,11.34,1.26,1.3
2025-07-18,Wasabi,21.56,14.5,1.05,3.5
2025-07-18,Tempura Batter,12.51,8.48,1.44,2.0
2025-07-18,Chicken,14.85,10.14,0.0,4.25
2025-07-18,Edamame,22.5,17.9,0.0,2.8
2025-07-18,Cream Cheese,12.56,13.53,0.49,3.75
2025-07-19,Tuna,17.44,14.72,1.43,7.5
2025-07-19,Salmon,15.18,12.25,1.35,6.25
2025-07-19,Rice,13.6,10.65,0.85,1.8
2025-07-19,Nori,17.05,11.73,0.47,0.45
2025-07-19,Avocado,9.56,8.68,0.0,2.2
2025-07-19,Cucumber,19.13,17.93,0.68,1.4
2025-07-19,Soy Sauce,20.95,18.23,1.06,1.1
2025-07-19,Ginger,12.11,6.32,0.74,1.3
2025-07-19,Wasabi,8.89,7.93,1.64,3.5
2025-07-19,Tempura Batter,10.66,9.66,0.58,2.0
2025-07-19,Chicken,15.49,12.18,1.02,4.25
2025-07-19,Edamame,17.23,12.94,0.66,2.8
2025-07-19,Cream Cheese,22.31,20.29,1.48,3.75
2025-07-20,Tuna,9.75,9.6,0.0,7.5
2025-07-20,Salmon,18.54,13.22,0.22,6.25
2025-07-20,Rice,12.26,8.49,0.8,1.8
2025-07-20,Nori,10.1,9.66,0.95,0.45
2025-07-20,Avocado,18.6,14.61,0.81,2.2
2025-07-20,Cucumber,11.41,7.78,0.92,1.4
2025-07-20,Soy Sauce,9.14,6.75,0.98,1.1
2025-07-20,Ginger,10.77,11.69,0.48,1.3
2025-07-20,Wasabi,13.29,9.17,2.1,3.5
2025-07-20,Tempura Batter,13.14,12.54,0.72,2.0
2025-07-20,Chicken,16.56,12.04,1.42,4.25
2025-07-20,Edamame,21.64,17.56,0.8,2.8
2025-07-20,Cream Cheese,20.24,17.93,0.83,3.75
2025-07-21,Tuna,9.76,11.03,1.44,7.5
2025-07-21,Salmon,12.96,14.7,1.3,6.25
2025-07-21,Rice,15.76,10.79,0.84,1.8
2025-07-21,Nori,9.62,6.57,0.35,0.45
2025-07-21,Avocado,11.84,7.11,1.0,2.2
2025-07-21,Cucumber,20.2,17.99,0.32,1.4
2025-07-21,Soy Sauce,15.89,14.56,0.64,1.1
2025-07-21,Ginger,16.85,14.1,0.56,1.3
2025-07-21,Wasabi,11.26,6.39,0.62,3.5
2025-07-21,Tempura Batter,18.44,14.47,1.35,2.0
2025-07-21,Chicken,13.36,11.06,0.25,4.25
2025-07-21,Edamame,13.51,9.83,0.39,2.8
2025-07-21,Cream Cheese,19.2,13.26,0.58,3.75
2025-07-22,Tuna,8.92,6.74,0.09,7.5
2025-07-22,Salmon,20.51,17.34,0.44,6.25
2025-07-22,Rice,10.4,9.76,1.31,1.8
2025-07-22,Nori,19.36,19.35,1.32,0.45
2025-07-22,Avocado,16.55,11.02,0.0,2.2
2025-07-22,Cucumber,15.09,12.9,1.13,1.4
2025-07-22,Soy Sauce,15.29,12.24,0.75,1.1
2025-07-22,Ginger,20.9,18.25,1.23,1.3
2025-07-22,Wasabi,19.29,14.51,0.29,3.5
2025-07-22,Tempura Batter,18.5,14.83,0.21,2.0
2025-07-22,Chicken,18.74,11.15,0.6,4.25
2025-07-22,Edamame,14.43,10.53,0.53,2.8
2025-07-22,Cream Cheese,14.66,12.56,1.0,3.75
2025-07-23,Tuna,18.66,11.75,0.82,7.5
2025-07-23,Salmon,16.17,11.11,0.1,6.25
2025-07-23,Rice,19.79,18.77,1.4,1.8
2025-07-23,Nori,19.77,17.83,0.59,0.45
2025-07-23,Avocado,15.81,11.56,0.3,2.2
2025-07-23,Cucumber,13.94,11.56,0.22,1.4
2025-07-23,Soy Sauce,11.08,7.82,0.86,1.1
2025-07-23,Ginger,12.1,8.94,0.48,1.3
2025-07-23,Wasabi,20.02,17.23,1.35,3.5
2025-07-23,Tempura Batter,8.87,5.23,1.1,2.0
2025-07-23,Chicken,13.37,11.45,0.72,4.25
2025-07-23,Edamame,15.55,14.97,1.15,2.8
2025-07-23,Cream Cheese,15.75,13.27,0.69,3.75
2025-07-24,Tuna,18.56,12.25,0.97,7.5
2025-07-24,Salmon,10.36,8.23,0.23,6.25
2025-07-24,Rice,5.12,4.44,0.86,1.8
2025-07-24,Nori,22.09,17.1,0.22,0.45
2025-07-24,Avocado,9.93,8.81,0.0,2.2
2025-07-24,Cucumber,15.94,11.33,0.67,1.4
2025-07-24,Soy Sauce,8.24,6.93,0.64,1.1
2025-07-24,Ginger,17.72,15.08,1.12,1.3
2025-07-24,Wasabi,15.15,11.67,0.33,3.5
2025-07-24,Tempura Batter,9.75,9.26,1.1,2.0
2025-07-24,Chicken,6.64,10.84,1.04,4.25
2025-07-24,Edamame,17.27,15.9,1.04,2.8
2025-07-24,Cream Cheese,9.93,11.16,1.78,3.75
2025-07-25,Tuna,14.59,11.19,0.49,7.5
2025-07-25,Salmon,14.14,10.82,0.28,6.25
2025-07-25,Rice,23.45,18.78,1.06,1.8
2025-07-25,Nori,12.91,11.43,1.32,0.45
2025-07-25,Avocado,16.64,14.44,0.26,2.2
2025-07-25,Cucumber,8.75,5.7,0.68,1.4
2025-07-25,Soy Sauce,21.73,16.74,0.82,1.1
2025-07-25,Ginger,12.37,11.68,1.33,1.3
2025-07-25,Wasabi,15.98,11.77,1.39,3.5
2025-07-25,Tempura Batter,11.08,9.74,2.03,2.0
2025-07-25,Chicken,16.82,14.38,1.42,4.25
2025-07-25,Edamame,14.42,10.77,0.52,2.8
2025-07-25,Cream Cheese,14.38,11.93,0.42,3.75
2025-07-26,Tuna,14.69,12.97,1.09,7.5
2025-07-26,Salmon,10.34,10.78,1.11,6.25
2025-07-26,Rice,22.06,14.55,0.81,1.8
2025-07-26,Nori,16.69,12.73,1.31,0.45
2025-07-26,Avocado,19.47,15.83,0.78,2.2
2025-07-26,Cucumber,18.22,15.37,0.16,1.4
2025-07-26,Soy Sauce,8.41,6.0,0.86,1.1
2025-07-26,Ginger,24.65,21.89,0.82,1.3
2025-07-26,Wasabi,14.62,10.38,0.94,3.5
2025-07-26,Tempura Batter,10.42,9.45,0.6,2.0
2025-07-26,Chicken,11.16,8.63,0.87,4.25
2025-07-26,Edamame,15.9,10.0,1.38,2.8
2025-07-26,Cream Cheese,12.15,11.08,0.79,3.75
2025-07-27,Tuna,14.34,11.47,0.6,7.5
2025-07-27,Salmon,10.87,7.8,0.62,6.25
2025-07-27,Rice,14.14,10.95,0.77,1.8
2025-07-27,Nori,14.49,12.29,0.98,0.45
2025-07-27,Avocado,9.95,9.13,0.36,2.2
2025-07-27,Cucumber,9.72,9.29,0.0,1.4
2025-07-27,Soy Sauce,19.56,14.01,1.08,1.1
2025-07-27,Ginger,9.63,10.07,0.9,1.3
2025-07-27,Wasabi,8.4,5.57,0.4,3.5
2025-07-27,Tempura Batter,8.84,2.88,0.17,2.0
2025-07-27,Chicken,13.32,10.58,0.56,4.25
2025-07-27,Edamame,15.38,13.86,0.99,2.8
2025-07-27,Cream Cheese,13.52,13.27,0.92,3.75
2025-07-28,Tuna,8.45,7.78,0.95,7.5
2025-07-28,Salmon,14.11,10.37,0.99,6.25
2025-07-28,Rice,10.77,6.29,0.94,1.8
2025-07-28,Nori,12.38,9.65,1.18,0.45
2025-07-28,Avocado,17.95,10.72,1.55,2.2
2025-07-28,Cucumber,15.01,12.47,0.71,1.4
2025-07-28,Soy Sauce,12.85,9.6,1.14,1.1
2025-07-28,Ginger,10.89,6.6,1.27,1.3
2025-07-28,Wasabi,17.03,14.29,1.07,3.5
2025-07-28,Tempura Batter,20.08,17.2,0.81,2.0
2025-07-28,Chicken,24.14,20.53,0.3,4.25
2025-07-28,Edamame,19.3,15.49,0.47,2.8
2025-07-28,Cream Cheese,11.06,7.58,0.77,3.75
2025-07-29,Tuna,9.85,7.02,0.72,7.5
2025-07-29,Salmon,15.73,11.75,0.0,6.25
2025-07-29,Rice,9.58,7.55,1.46,1.8
2025-07-29,Nori,24.48,21.47,0.82,0.45
2025-07-29,Cucumber,13.64,13.13,1.79,1.4
2025-07-29,Soy Sauce,21.67,18.08,1.3,1.1
2025-07-29,Ginger,16.85,12.2,0.15,1.3
2025-07-29,Wasabi,3.37,2.91,0.4,3.5
2025-07-29,Tempura Batter,13.32,9.43,0.67,2.0
2025-07-29,Chicken,12.52,11.89,0.16,4.25
2025-07-29,Edamame,14.08,12.16,0.8,2.8
2025-07-29,Cream Cheese,20.46,14.18,0.0,3.75
2025-07-30,Tuna,23.07,19.25,1.14,7.5
2025-07-30,Salmon,20.65,16.21,0.4,6.25
2025-07-30,Rice,18.58,16.33,0.95,1.8
2025-07-30,Nori,17.82,12.53,1.0,0.45
2025-07-30,Avocado,13.64,6.46,1.22,2.2
2025-07-30,Cucumber,10.52,9.8,1.27,1.4
2025-07-30,Soy Sauce,12.53,7.92,1.33,1.1
2025-07-30,Ginger,10.92,9.4,0.56,1.3
2025-07-30,Wasabi,11.5,8.04,0.99,3.5
2025-07-30,Tempura Batter,16.24,14.91,1.22,2.0
2025-07-30,Chicken,12.73,8.05,0.06,4.25
2025-07-30,Edamame,20.23,18.27,1.1,2.8
2025-07-30,Cream Cheese,15.17,14.71,1.22,3.75
2025-07-31,Tuna,12.18,9.8,0.46,7.5
2025-07-31,Salmon,19.12,18.46,1.02,6.25
2025-07-31,Rice,14.69,9.51,1.96,1.8
2025-07-31,Nori,12.76,9.48,0.61,0.45
2025-07-31,Avocado,18.65,16.15,1.25,2.2
2025-07-31,Cucumber,17.9,10.41,0.0,1.4
2025-07-31,Soy Sauce,16.49,13.51,0.78,1.1
2025-07-31,Ginger,16.26,13.14,0.91,1.3
2025-07-31,Wasabi,20.13,13.63,0.0,3.5
2025-07-31,Tempura Batter,27.51,19.39,0.0,2.0
2025-07-31,Chicken,17.93,12.19,1.26,4.25
2025-07-31,Edamame,22.45,18.7,0.0,2.8
2025-07-31,Cream Cheese,21.49,17.22,1.53,3.75
2025-08-01,Tuna,6.43,5.86,0.81,7.5
2025-08-01,Salmon,23.56,17.33,0.44,6.25
2025-08-01,Rice,19.12,10.37,0.52,1.8
2025-08-01,Nori,16.8,14.7,1.04,0.45
2025-08-01,Avocado,9.86,8.53,0.61,2.2
2025-08-01,Cucumber,12.21,9.82,1.06,1.4
2025-08-01,Soy Sauce,21.38,19.56,0.31,1.1
2025-08-01,Ginger,13.34,12.04,0.0,1.3
2025-08-01,Wasabi,19.42,16.26,0.89,3.5
2025-08-01,Tempura Batter,6.12,4.29,0.09,2.0
2025-08-01,Chicken,15.19,11.92,0.87,4.25
2025-08-01,Edamame,10.63,9.33,0.7,2.8
2025-08-01,Cream Cheese,15.27,13.43,0.33,3.75
2025-08-02,Tuna,10.1,8.42,0.57,7.5
2025-08-02,Salmon,9.72,7.61,1.42,6.25
2025-08-02,Rice,11.34,10.82,0.0,1.8
2025-08-02,Nori,24.62,19.35,0.94,0.45
2025-08-02,Avocado,20.71,16.65,0.76,2.2
2025-08-02,Cucumber,13.86,7.04,0.58,1.4
2025-08-02,Soy Sauce,13.55,10.47,0.83,1.1
2025-08-02,Ginger,18.22,14.3,0.51,1.3
2025-08-02,Wasabi,16.19,12.1,0.47,3.5
2025-08-02,Tempura Batter,20.75,17.79,1.6,2.0
2025-08-02,Chicken,10.74,6.43,0.35,4.25
2025-08-02,Edamame,14.27,9.46,0.69,2.8
2025-08-02,Cream Cheese,26.43,22.39,0.45,3.75
2025-08-03,Tuna,16.6,14.08,1.22,7.5
2025-08-03,Salmon,14.63,10.82,0.9,6.25
2025-08-03,Rice,17.4,12.31,0.0,1.8
2025-08-03,Nori,13.99,12.39,0.13,0.45
2025-08-03,Avocado,10.41,8.65,0.68,2.2
2025-08-03,Cucumber,17.43,13.35,0.6,1.4
2025-08-03,Soy Sauce,20.6,18.34,0.0,1.1
2025-08-03,Ginger,13.72,10.62,0.0,1.3
2025-08-03,Wasabi,19.63,16.83,0.22,3.5
2025-08-03,Tempura Batter,12.68,8.16,1.24,2.0
2025-08-03,Chicken,9.69,9.4,0.87,4.25
2025-08-03,Edamame,17.39,13.26,0.52,2.8
2025-08-03,Cream Cheese,14.55,11.51,1.28,3.75
2025-08-04,Tuna,23.52,17.32,1.45,7.5
2025-08-04,Salmon,24.28,19.25,0.51,6.25
2025-08-04,Rice,18.38,18.13,1.98,1.8
2025-08-04,Nori,12.87,8.1,1.52,0.45
2025-08-04,Avocado,12.74,13.84,0.33,2.2
2025-08-04,Cucumber,17.7,13.43,0.71,1.4
2025-08-04,Soy Sauce,12.36,12.3,1.69,1.1
2025-08-04,Ginger,15.07,10.49,1.5,1.3
2025-08-04,Wasabi,10.64,7.38,0.94,3.5
2025-08-04,Tempura Batter,15.82,10.97,0.47,2.0
2025-08-04,Chicken,14.48,12.22,1.96,4.25
2025-08-04,Edamame,13.84,9.35,1.7,2.8
2025-08-04,Cream Cheese,11.52,8.33,0.31,3.75
2025-08-05,Tuna,5.38,3.95,0.51,7.5
2025-08-05,Salmon,12.36,9.96,0.8,6.25
2025-08-05,Rice,10.92,7.21,1.41,1.8
2025-08-05,Nori,19.8,17.32,1.25,0.45
2025-08-05,Avocado,11.59,9.28,1.0,2.2
2025-08-05,Cucumber,11.13,10.66,1.22,1.4
2025-08-05,Soy Sauce,10.65,8.69,1.33,1.1
2025-08-05,Ginger,17.5,14.15,0.07,1.3
2025-08-05,Wasabi,11.14,7.35,1.12,3.5
2025-08-05,Tempura Batter,15.06,13.01,0.55,2.0
2025-08-05,Chicken,13.36,12.86,0.85,4.25
2025-08-05,Edamame,7.34,6.44,0.89,2.8
2025-08-05,Cream Cheese,18.02,14.33,0.24,3.75
2025-08-06,Tuna,7.5,4.52,0.0,7.5
2025-08-06,Salmon,16.62,15.78,1.92,6.25
2025-08-06,Rice,12.08,8.15,0.43,1.8
2025-08-06,Nori,14.7,11.33,1.23,0.45
2025-08-06,Avocado,20.53,16.08,1.32,2.2
2025-08-06,Cucumber,13.83,9.54,0.63,1.4
2025-08-06,Soy Sauce,19.18,15.94,1.11,1.1
2025-08-06,Ginger,17.69,13.17,0.4,1.3
2025-08-06,Wasabi,10.69,5.71,1.47,3.5
2025-08-06,Tempura Batter,16.16,11.54,0.0,2.0
2025-08-06,Chicken,12.68,9.51,0.0,4.25
2025-08-06,Edamame,9.2,5.88,0.5,2.8
2025-08-06,Cream Cheese,12.8,10.61,0.16,3.75
2025-08-07,Tuna,14.1,11.13,0.51,7.5
2025-08-07,Salmon,12.59,9.99,1.21,6.25
2025-08-07,Rice,10.77,11.62,0.2,1.8
2025-08-07,Nori,17.36,15.73,0.76,0.45
2025-08-07,Avocado,23.96,19.7,0.0,2.2
2025-08-07,Cucumber,21.08,17.78,0.98,1.4
2025-08-07,Soy Sauce,18.04,13.22,0.76,1.1
2025-08-07,Ginger,9.72,6.07,0.11,1.3
2025-08-07,Wasabi,21.54,19.27,0.77,3.5
2025-08-07,Tempura Batter,12.97,9.3,1.03,2.0
2025-08-07,Chicken,13.19,9.29,0.83,4.25
2025-08-07,Edamame,13.11,11.62,1.96,2.8
2025-08-07,Cream Cheese,21.19,16.73,1.36,3.75
2025-08-08,Tuna,15.5,13.2,0.0,7.5
2025-08-08,Salmon,14.45,7.12,1.38,6.25
2025-08-08,Rice,12.65,12.81,1.12,1.8
2025-08-08,Nori,15.28,10.89,0.24,0.45
2025-08-08,Avocado,14.81,10.04,1.76,2.2
2025-08-08,Cucumber,10.37,9.37,1.31,1.4
2025-08-08,Soy Sauce,7.58,6.96,0.93,1.1
2025-08-08,Ginger,21.65,20.34,0.62,1.3
2025-08-08,Wasabi,14.5,12.45,0.0,3.5
2025-08-08,Tempura Batter,18.58,15.21,0.98,2.0
2025-08-08,Chicken,17.46,11.43,0.55,4.25
2025-08-08,Edamame,14.02,7.69,0.0,2.8
2025-08-08,Cream Cheese,14.23,11.38,0.74,3.75
2025-08-09,Tuna,6.43,5.8,1.28,7.5
2025-08-09,Salmon,19.71,17.54,0.33,6.25
2025-08-09,Rice,9.74,4.86,1.3,1.8
2025-08-09,Nori,0.0,0.76,0.87,0.45
2025-08-09,Avocado,15.11,13.06,0.78,2.2
2025-08-09,Cucumber,14.06,11.01,0.35,1.4
2025-08-09,Soy Sauce,13.6,11.95,0.42,1.1
2025-08-09,Ginger,7.18,4.53,1.2,1.3
2025-08-09,Wasabi,12.99,10.7,1.43,3.5
2025-08-09,Tempura Batter,22.57,16.1,1.93,2.0
2025-08-09,Chicken,12.92,12.24,0.54,4.25
2025-08-09,Edamame,20.17,14.29,0.28,2.8
2025-08-09,Cream Cheese,14.44,13.02,0.73,3.75
2025-08-10,Tuna,15.12,11.35,1.82,7.5
2025-08-10,Salmon,16.04,13.9,0.5,6.25
2025-08-10,Rice,12.49,11.24,0.87,1.8
2025-08-10,Nori,4.93,2.36,0.73,0.45
2025-08-10,Avocado,9.59,7.36,1.36,2.2
2025-08-10,Cucumber,18.7,16.77,1.06,1.4
2025-08-10,Soy Sauce,8.41,6.01,0.92,1.1
2025-08-10,Ginger,23.49,18.11,0.9,1.3
2025-08-10,Wasabi,14.07,8.35,0.63,3.5
2025-08-10,Tempura Batter,16.55,13.79,1.8,2.0
2025-08-10,Chicken,14.39,9.56,0.76,4.25
2025-08-10,Edamame,20.52,14.28,0.0,2.8
2025-08-10,Cream Cheese,12.95,11.74,1.02,3.75
2025-08-11,Tuna,16.82,14.77,0.54,7.5
2025-08-11,Salmon,13.27,12.82,0.97,6.25
2025-08-11,Rice,13.2,8.73,0.14,1.8
2025-08-11,Nori,11.23,9.73,0.65,0.45
2025-08-11,Avocado,22.2,17.51,0.56,2.2
2025-08-11,Cucumber,14.85,10.08,0.22,1.4
2025-08-11,Soy Sauce,13.88,12.09,0.71,1.1
2025-08-11,Ginger,16.9,15.24,1.29,1.3
2025-08-11,Wasabi,25.01,20.8,0.76,3.5
2025-08-11,Tempura Batter,17.41,16.63,1.56,2.0
2025-08-11,Chicken,16.32,8.99,0.44,4.25
2025-08-11,Edamame,14.53,14.65,0.69,2.8
2025-08-11,Cream Cheese,7.8,7.68,1.4,3.75
2025-08-12,Tuna,8.62,7.09,0.37,7.5
2025-08-12,Salmon,21.59,16.56,1.44,6.25
2025-08-12,Rice,14.55,8.85,0.4,1.8
2025-08-12,Nori,10.58,8.98,0.47,0.45
2025-08-12,Avocado,12.96,11.64,0.92,2.2
2025-08-12,Cucumber,5.02,1.56,0.26,1.4
2025-08-12,Soy Sauce,11.03,9.32,1.27,1.1
2025-08-12,Ginger,16.69,14.02,0.44,1.3
2025-08-12,Wasabi,21.72,15.13,0.79,3.5
2025-08-12,Tempura Batter,7.2,5.61,1.08,2.0
2025-08-12,Chicken,11.51,10.23,0.35,4.25
2025-08-12,Edamame,12.3,12.37,0.78,2.8
2025-08-12,Cream Cheese,14.45,12.35,0.28,3.75
2025-08-13,Tuna,16.41,16.07,0.89,7.5
2025-08-13,Salmon,18.23,14.91,1.42,6.25
2025-08-13,Rice,8.88,7.46,0.57,1.8
2025-08-13,Nori,29.18,25.16,1.15,0.45
2025-08-13,Avocado,17.77,14.61,1.32,2.2
2025-08-13,Cucumber,8.07,4.52,1.01,1.4
2025-08-13,Soy Sauce,16.76,16.07,0.26,1.1
2025-08-13,Ginger,11.97,7.92,1.07,1.3
2025-08-13,Wasabi,15.03,8.2,0.94,3.5
2025-08-13,Tempura Batter,15.08,12.5,1.27,2.0
2025-08-13,Chicken,20.34,13.56,0.19,4.25
2025-08-13,Edamame,7.34,5.82,1.08,2.8
2025-08-13,Cream Cheese,15.83,10.29,0.0,3.75
2025-08-14,Tuna,17.67,16.33,1.39,7.5
2025-08-14,Salmon,19.35,17.48,1.04,6.25
2025-08-14,Rice,17.1,13.07,1.44,1.8
2025-08-14,Nori,19.92,15.89,1.13,0.45
2025-08-14,Avocado,9.84,6.92,0.25,2.2
2025-08-14,Cucumber,17.16,11.93,0.8,1.4
2025-08-14,Soy Sauce,2.88,1.98,1.09,1.1
2025-08-14,Ginger,14.41,9.84,0.2,1.3
2025-08-14,Wasabi,17.39,13.53,1.19,3.5
2025-08-14,Tempura Batter,13.94,9.38,1.55,2.0
2025-08-14,Chicken,6.01,2.91,0.0,4.25
2025-08-14,Edamame,10.0,8.56,0.77,2.8
2025-08-14,Cream Cheese,18.32,13.51,0.93,3.75
2025-08-15,Tuna,15.54,14.69,1.33,7.5
2025-08-15,Salmon,6.05,0.0,1.47,6.25
2025-08-15,Rice,22.46,15.0,0.0,1.8
2025-08-15,Nori,18.39,15.12,0.92,0.45
2025-08-15,Avocado,11.14,7.35,0.97,2.2
2025-08-15,Cucumber,12.1,9.24,0.14,1.4
2025-08-15,Soy Sauce,15.34,10.42,1.29,1.1
2025-08-15,Ginger,20.0,15.07,1.29,1.3
2025-08-15,Wasabi,13.1,9.43,1.34,3.5
2025-08-15,Tempura Batter,6.71,6.48,0.08,2.0
2025-08-15,Chicken,5.76,4.86,0.54,4.25
2025-08-15,Edamame,20.17,18.05,0.04,2.8
2025-08-15,Cream Cheese,15.29,12.66,0.41,3.75
2025-08-16,Tuna,14.78,9.65,0.1,7.5
2025-08-16,Salmon,9.27,5.34,0.49,6.25
2025-08-16,Rice,20.9,18.21,0.75,1.8
2025-08-16,Nori,14.8,15.15,0.97,0.45
2025-08-16,Avocado,15.59,10.54,0.48,2.2
2025-08-16,Cucumber,14.99,12.71,1.01,1.4
2025-08-16,Soy Sauce,14.52,11.0,1.68,1.1
2025-08-16,Ginger,14.66,10.86,1.94,1.3
2025-08-16,Wasabi,11.69,13.56,0.47,3.5
2025-08-16,Tempura Batter,12.03,7.19,0.75,2.0
2025-08-16,Chicken,20.48,16.25,1.1,4.25
2025-08-16,Edamame,11.12,7.11,1.48,2.8
2025-08-17,Tuna,18.27,12.39,1.16,7.5
2025-08-17,Salmon,18.26,13.62,1.18,6.25
2025-08-17,Rice,14.45,12.16,1.3,1.8
2025-08-17,Nori,11.88,9.03,0.22,0.45
2025-08-17,Avocado,20.39,14.93,0.33,2.2
2025-08-17,Cucumber,13.42,11.38,1.34,1.4
2025-08-17,Soy Sauce,19.71,17.67,0.0,1.1
2025-08-17,Ginger,19.7,16.61,0.82,1.3
2025-08-17,Wasabi,18.13,15.85,0.48,3.5
2025-08-17,Tempura Batter,14.56,10.58,1.24,2.0
2025-08-17,Chicken,22.34,18.53,0.73,4.25
2025-08-17,Edamame,16.6,15.54,1.51,2.8
2025-08-17,Cream Cheese,15.39,12.85,0.32,3.75
2025-08-18,Tuna,16.95,14.51,0.75,7.5
2025-08-18,Salmon,7.45,5.32,0.52,6.25
2025-08-18,Rice,16.14,13.67,0.0,1.8
2025-08-18,Nori,10.43,10.34,0.28,0.45
2025-08-18,Avocado,15.64,16.02,0.95,2.2
2025-08-18,Cucumber,11.57,9.97,0.31,1.4
2025-08-18,Soy Sauce,17.14,13.28,0.0,1.1
2025-08-18,Ginger,17.23,16.6,0.99,1.3
2025-08-18,Wasabi,9.36,7.28,0.16,3.5
2025-08-18,Tempura Batter,12.48,9.89,0.23,2.0
2025-08-18,Chicken,17.15,13.26,2.15,4.25
2025-08-18,Edamame,21.07,15.71,0.0,2.8
2025-08-18,Cream Cheese,6.57,4.17,1.69,3.75
2025-08-19,Tuna,23.52,21.9,0.51,7.5
2025-08-19,Salmon,16.78,14.18,0.71,6.25
2025-08-19,Rice,22.97,14.54,1.45,1.8
2025-08-19,Avocado,14.55,8.2,1.48,2.2
2025-08-19,Cucumber,15.93,14.42,0.56,1.4
2025-08-19,Soy Sauce,14.91,10.39,1.0,1.1
2025-08-19,Ginger,23.9,17.68,0.38,1.3
2025-08-19,Wasabi,17.83,13.9,0.75,3.5
2025-08-19,Tempura Batter,19.75,15.77,0.51,2.0
2025-08-19,Chicken,13.73,11.43,0.44,4.25
2025-08-19,Edamame,12.06,11.66,1.04,2.8
2025-08-19,Cream Cheese,20.72,17.62,1.27,3.75
2025-08-20,Tuna,13.58,12.62,1.8,7.5
2025-08-20,Salmon,5.33,2.31,0.42,6.25
2025-08-20,Rice,21.76,18.33,2.08,1.8
2025-08-20,Nori,13.62,12.14,0.0,0.45
2025-08-20,Avocado,17.76,16.43,0.59,2.2
2025-08-20,Cucumber,22.02,16.91,0.5,1.4
2025-08-20,Soy Sauce,9.67,10.18,0.0,1.1
2025-08-20,Ginger,19.8,15.05,0.98,1.3
2025-08-20,Wasabi,14.34,12.75,1.53,3.5
2025-08-20,Tempura Batter,6.93,4.86,0.88,2.0
2025-08-20,Chicken,14.99,12.0,0.54,4.25
2025-08-20,Edamame,14.73,14.16,0.73,2.8
2025-08-20,Cream Cheese,16.06,13.73,0.8,3.75
2025-08-21,Tuna,12.34,12.86,0.0,7.5
2025-08-21,Salmon,14.32,12.54,0.53,6.25
2025-08-21,Rice,15.3,14.28,0.0,1.8
2025-08-21,Nori,24.05,18.63,1.4,0.45
2025-08-21,Avocado,10.36,7.52,0.17,2.2
2025-08-21,Cucumber,14.06,11.76,0.26,1.4
2025-08-21,Soy Sauce,16.5,14.01,1.66,1.1
2025-08-21,Ginger,10.25,12.34,0.0,1.3
2025-08-21,Wasabi,22.66,20.38,0.92,3.5
2025-08-21,Tempura Batter,17.87,12.04,0.0,2.0
2025-08-21,Chicken,22.84,17.32,0.8,4.25
2025-08-21,Edamame,15.91,13.65,0.0,2.8
2025-08-21,Cream Cheese,17.81,14.32,0.93,3.75
2025-08-22,Tuna,15.72,13.93,1.55,7.5
2025-08-22,Salmon,16.12,12.03,0.66,6.25
2025-08-22,Rice,19.41,16.2,0.76,1.8
2025-08-22,Nori,16.38,16.83,0.66,0.45
2025-08-22,Avocado,13.3,9.55,0.96,2.2
2025-08-22,Cucumber,13.52,11.95,0.79,1.4
2025-08-22,Soy Sauce,15.94,13.29,1.35,1.1
2025-08-22,Ginger,17.49,14.45,0.0,1.3
2025-08-22,Wasabi,15.39,11.13,0.66,3.5
2025-08-22,Tempura Batter,15.76,13.21,0.92,2.0
2025-08-22,Chicken,22.18,17.6,0.15,4.25
2025-08-22,Edamame,9.25,5.37,1.38,2.8
2025-08-22,Cream Cheese,7.94,5.36,1.99,3.75
2025-08-23,Tuna,18.98,10.93,0.39,7.5
2025-08-23,Salmon,11.01,9.41,0.16,6.25
2025-08-23,Rice,7.79,5.23,0.87,1.8
2025-08-23,Nori,11.18,9.13,1.52,0.45
2025-08-23,Avocado,18.37,15.89,1.01,2.2
2025-08-23,Cucumber,8.99,5.45,0.77,1.4
2025-08-23,Soy Sauce,13.57,10.5,0.74,1.1
2025-08-23,Ginger,13.1,6.75,1.28,1.3
2025-08-23,Wasabi,9.93,10.45,0.0,3.5
2025-08-23,Tempura Batter,22.67,20.02,1.18,2.0
2025-08-23,Chicken,10.59,8.21,0.67,4.25
2025-08-23,Edamame,16.15,12.97,0.34,2.8
2025-08-23,Cream Cheese,11.11,8.27,0.0,3.75
2025-08-24,Tuna,11.4,8.71,1.0,7.5
2025-08-24,Salmon,20.06,18.01,0.82,6.25
2025-08-24,Rice,8.2,4.53,0.35,1.8
2025-08-24,Nori,14.72,10.77,1.06,0.45
2025-08-24,Avocado,10.79,6.19,0.78,2.2
2025-08-24,Cucumber,22.99,17.07,1.6,1.4
2025-08-24,Soy Sauce,10.11,6.3,0.01,1.1
2025-08-24,Ginger,23.09,17.21,1.29,1.3
2025-08-24,Wasabi,14.39,10.3,0.52,3.5
2025-08-24,Tempura Batter,14.87,12.06,0.0,2.0
2025-08-24,Chicken,16.3,8.76,0.76,4.25
2025-08-24,Edamame,15.62,12.64,0.59,2.8
2025-08-24,Cream Cheese,14.33,12.14,0.0,3.75
2025-08-25,Tuna,21.37,15.14,0.22,7.5
2025-08-25,Salmon,16.35,10.35,0.41,6.25
2025-08-25,Rice,25.2,13.55,1.12,1.8
2025-08-25,Nori,17.04,12.28,1.19,0.45
2025-08-25,Avocado,8.88,9.35,1.1,2.2
2025-08-25,Cucumber,17.38,14.98,1.62,1.4
2025-08-25,Soy Sauce,22.33,17.78,0.66,1.1
2025-08-25,Ginger,6.29,3.64,0.0,1.3
2025-08-25,Wasabi,6.87,2.57,1.39,3.5
2025-08-25,Tempura Batter,6.68,4.2,0.79,2.0
2025-08-25,Chicken,11.07,10.83,1.47,4.25
2025-08-25,Edamame,5.7,6.6,0.11,2.8
2025-08-25,Cream Cheese,16.39,13.93,0.41,3.75
2025-08-26,Tuna,17.78,14.11,0.0,7.5
2025-08-26,Salmon,19.43,14.07,0.74,6.25
2025-08-26,Rice,17.85,11.06,0.45,1.8
2025-08-26,Nori,15.0,11.34,0.82,0.45
2025-08-26,Avocado,14.09,10.91,1.58,2.2
2025-08-26,Cucumber,18.08,15.23,0.37,1.4
2025-08-26,Soy Sauce,13.98,9.08,0.0,1.1
2025-08-26,Ginger,24.55,21.61,0.11,1.3
2025-08-26,Wasabi,14.13,12.73,0.59,3.5
2025-08-26,Tempura Batter,8.48,5.96,0.0,2.0
2025-08-26,Chicken,10.95,9.6,0.55,4.25
2025-08-26,Edamame,12.01,8.94,1.24,2.8
2025-08-26,Cream Cheese,19.04,13.44,0.55,3.75
2025-08-27,Tuna,17.03,13.3,1.38,7.5
2025-08-27,Salmon,13.66,9.08,0.37,6.25
2025-08-27,Rice,12.0,9.72,1.03,1.8
2025-08-27,Nori,8.76,7.65,0.48,0.45
2025-08-27,Avocado,13.32,12.19,0.93,2.2
2025-08-27,Cucumber,14.88,10.57,0.83,1.4
2025-08-27,Soy Sauce,22.25,19.01,0.19,1.1
2025-08-27,Ginger,14.19,11.15,0.35,1.3
2025-08-27,Wasabi,20.45,18.07,0.48,3.5
2025-08-27,Tempura Batter,13.91,12.73,1.28,2.0
2025-08-27,Chicken,18.32,15.06,1.1,4.25
2025-08-27,Edamame,10.0,10.0,0.64,2.8
2025-08-27,Cream Cheese,8.92,9.99,0.27,3.75
2025-08-28,Tuna,7.97,7.08,1.47,7.5
2025-08-28,Salmon,18.98,14.05,1.05,6.25
2025-08-28,Rice,19.39,16.33,1.56,1.8
2025-08-28,Nori,9.94,7.07,0.29,0.45
2025-08-28,Avocado,20.81,16.97,1.39,2.2
2025-08-28,Cucumber,8.18,6.39,0.0,1.4
2025-08-28,Soy Sauce,15.59,13.45,1.18,1.1
2025-08-28,Ginger,10.87,12.13,0.0,1.3
2025-08-28,Wasabi,16.26,12.33,0.0,3.5
2025-08-28,Tempura Batter,12.63,11.67,0.24,2.0
2025-08-28,Chicken,12.63,9.38,0.45,4.25
2025-08-28,Edamame,7.29,4.06,0.62,2.8
2025-08-28,Cream Cheese,10.63,8.25,0.63,3.75
2025-08-29,Tuna,14.68,12.18,0.88,7.5
2025-08-29,Salmon,16.44,11.81,1.59,6.25
2025-08-29,Rice,13.7,11.94,0.08,1.8
2025-08-29,Nori,15.78,14.59,1.97,0.45
2025-08-29,Avocado,25.69,23.12,0.0,2.2
2025-08-29,Cucumber,21.81,14.62,0.14,1.4
2025-08-29,Soy Sauce,18.89,19.59,0.07,1.1
2025-08-29,Ginger,18.27,13.24,0.77,1.3
2025-08-29,Wasabi,19.01,13.8,1.41,3.5
2025-08-29,Tempura Batter,10.78,9.51,1.33,2.0
2025-08-29,Chicken,17.99,13.82,0.47,4.25
2025-08-29,Edamame,15.36,14.55,0.92,2.8
2025-08-29,Cream Cheese,15.68,12.45,1.19,3.75
2025-08-30,Tuna,12.27,7.92,0.81,7.5
2025-08-30,Salmon,9.19,8.83,1.74,6.25
2025-08-30,Rice,14.01,11.72,0.23,1.8
2025-08-30,Nori,21.38,16.35,1.21,0.45
2025-08-30,Avocado,16.26,11.76,0.39,2.2
2025-08-30,Cucumber,15.76,12.87,0.93,1.4
2025-08-30,Soy Sauce,11.49,4.75,1.61,1.1
2025-08-30,Ginger,11.55,7.4,0.06,1.3
2025-08-30,Wasabi,10.94,12.34,0.65,3.5
2025-08-30,Tempura Batter,15.36,10.05,1.63,2.0
2025-08-30,Chicken,24.08,18.76,0.84,4.25
2025-08-30,Edamame,17.32,13.55,0.21,2.8
2025-08-30,Cream Cheese,20.96,16.58,1.17,3.75
2025-08-31,Tuna,6.78,2.87,1.3,7.5
2025-08-31,Salmon,13.94,11.94,0.12,6.25
2025-08-31,Rice,9.57,6.26,0.68,1.8
2025-08-31,Nori,17.06,11.0,0.17,0.45
2025-08-31,Avocado,17.01,10.62,0.64,2.2
2025-08-31,Cucumber,14.91,12.27,1.15,1.4
2025-08-31,Soy Sauce,6.37,3.78,0.83,1.1
2025-08-31,Ginger,11.69,8.01,1.19,1.3
2025-08-31,Wasabi,20.37,13.81,0.58,3.5
2025-08-31,Tempura Batter,17.95,13.99,0.68,2.0
2025-08-31,Chicken,20.11,16.53,0.2,4.25
2025-08-31,Edamame,17.0,15.0,0.64,2.8
2025-08-31,Cream Cheese,15.48,11.01,1.34,3.75
2025-09-01,Tuna,13.93,11.36,0.0,7.5
2025-09-01,Salmon,10.27,9.16,0.96,6.25
2025-09-01,Rice,12.75,11.57,0.88,1.8
2025-09-01,Nori,9.65,11.73,1.35,0.45
2025-09-01,Avocado,18.57,16.04,0.98,2.2
2025-09-01,Cucumber,10.49,10.7,1.88,1.4
2025-09-01,Soy Sauce,19.88,15.0,0.66,1.1
2025-09-01,Ginger,16.76,16.5,0.68,1.3
2025-09-01,Wasabi,16.71,14.96,1.26,3.5
2025-09-01,Tempura Batter,16.63,13.22,0.44,2.0
2025-09-01,Chicken,20.48,13.62,0.89,4.25
2025-09-01,Edamame,18.63,14.22,0.23,2.8
2025-09-01,Cream Cheese,14.14,11.47,0.0,3.75
2025-09-02,Tuna,16.29,15.16,1.14,7.5
2025-09-02,Salmon,16.05,8.97,0.66,6.25
2025-09-02,Rice,22.34,19.68,0.77,1.8
2025-09-02,Nori,19.43,18.27,0.82,0.45
2025-09-02,Avocado,17.97,14.16,0.82,2.2
2025-09-02,Cucumber,16.32,11.62,0.89,1.4
2025-09-02,Soy Sauce,19.65,15.87,1.13,1.1
2025-09-02,Ginger,18.91,16.53,1.35,1.3
2025-09-02,Wasabi,11.57,11.37,0.64,3.5
2025-09-02,Tempura Batter,12.86,9.11,0.66,2.0
2025-09-02,Chicken,17.54,12.51,1.54,4.25
2025-09-02,Edamame,18.34,13.17,0.71,2.8
2025-09-02,Cream Cheese,6.39,5.75,0.7,3.75
2025-09-03,Tuna,17.8,15.18,1.39,7.5
2025-09-03,Salmon,20.55,19.33,1.86,6.25
2025-09-03,Rice,12.16,5.46,0.78,1.8
2025-09-03,Nori,14.05,11.07,0.0,0.45
2025-09-03,Avocado,19.62,18.01,0.52,2.2
2025-09-03,Cucumber,8.02,6.48,0.45,1.4
2025-09-03,Soy Sauce,11.58,8.93,0.24,1.1
2025-09-03,Ginger,21.07,18.38,0.99,1.3
2025-09-03,Wasabi,22.5,15.45,1.25,3.5
2025-09-03,Tempura Batter,11.86,11.01,0.97,2.0
2025-09-03,Chicken,19.53,16.25,0.83,4.25
2025-09-03,Edamame,12.11,12.85,0.87,2.8
2025-09-03,Cream Cheese,17.84,14.93,1.36,3.75
2025-09-04,Tuna,18.62,16.63,1.02,7.5
2025-09-04,Salmon,11.11,12.17,0.71,6.25
2025-09-04,Rice,11.14,7.88,1.14,1.8
2025-09-04,Nori,12.33,11.13,0.92,0.45
2025-09-04,Avocado,20.43,21.77,0.92,2.2
2025-09-04,Cucumber,11.97,9.82,0.75,1.4
2025-09-04,Soy Sauce,14.83,10.62,0.68,1.1
2025-09-04,Ginger,8.91,3.35,1.36,1.3
2025-09-04,Wasabi,12.67,9.57,1.41,3.5
2025-09-04,Tempura Batter,21.85,16.13,0.99,2.0
2025-09-04,Chicken,20.9,15.08,0.63,4.25
2025-09-04,Edamame,12.47,13.76,0.01,2.8
2025-09-04,Cream Cheese,18.31,14.0,0.61,3.75
2025-09-05,Tuna,11.86,9.57,0.9,7.5
2025-09-05,Salmon,6.68,2.75,0.82,6.25
2025-09-05,Rice,15.74,12.99,0.11,1.8
2025-09-05,Nori,13.65,7.61,0.48,0.45
2025-09-05,Avocado,16.07,15.23,0.79,2.2
2025-09-05,Cucumber,12.66,10.24,0.63,1.4
2025-09-05,Soy Sauce,24.63,17.78,0.92,1.1
2025-09-05,Ginger,10.69,10.35,0.1,1.3
2025-09-05,Wasabi,17.86,17.8,0.58,3.5
2025-09-05,Tempura Batter,10.42,12.62,0.17,2.0
2025-09-05,Chicken,8.31,6.65,0.93,4.25
2025-09-05,Edamame,17.78,16.11,0.57,2.8
2025-09-05,Cream Cheese,12.91,11.52,1.01,3.75
2025-09-06,Tuna,11.35,13.79,1.12,7.5
2025-09-06,Salmon,16.03,12.51,1.39,6.25
2025-09-06,Rice,5.34,4.85,0.76,1.8
2025-09-06,Nori,5.29,2.71,1.22,0.45
2025-09-06,Avocado,16.74,13.59,0.68,2.2
2025-09-06,Cucumber,12.32,10.29,0.91,1.4
2025-09-06,Soy Sauce,11.72,5.8,0.43,1.1
2025-09-06,Ginger,17.39,14.23,0.22,1.3
2025-09-06,Wasabi,22.33,17.17,0.01,3.5
2025-09-06,Tempura Batter,15.12,11.71,0.0,2.0
2025-09-06,Chicken,4.85,3.52,0.14,4.25
2025-09-06,Edamame,8.2,7.83,0.74,2.8
2025-09-06,Cream Cheese,13.66,8.43,0.89,3.75
2025-09-07,Tuna,14.8,15.18,0.49,7.5
2025-09-07,Salmon,16.45,12.54,0.48,6.25
2025-09-07,Rice,12.21,10.0,0.65,1.8
2025-09-07,Nori,24.28,20.66,0.82,0.45
2025-09-07,Avocado,7.49,6.96,0.69,2.2
2025-09-07,Cucumber,19.12,16.52,0.72,1.4
2025-09-07,Soy Sauce,8.54,9.02,1.02,1.1
2025-09-07,Ginger,14.87,10.98,0.88,1.3
2025-09-07,Wasabi,11.59,8.14,0.15,3.5
2025-09-07,Tempura Batter,15.74,12.87,1.57,2.0
2025-09-07,Chicken,8.88,8.53,0.59,4.25
2025-09-07,Edamame,11.84,14.44,1.24,2.8
2025-09-07,Cream Cheese,11.88,11.17,0.62,3.75
2025-09-08,Tuna,9.59,9.04,0.0,7.5
2025-09-08,Salmon,16.8,14.92,0.6,6.25
2025-09-08,Rice,18.49,15.38,0.02,1.8
2025-09-08,Nori,20.66,14.69,1.05,0.45
2025-09-08,Avocado,8.59,8.54,0.35,2.2
2025-09-08,Cucumber,18.26,12.41,0.42,1.4
2025-09-08,Soy Sauce,14.45,9.4,0.58,1.1
2025-09-08,Ginger,21.56,18.86,1.38,1.3
2025-09-08,Wasabi,17.95,13.53,0.71,3.5
2025-09-08,Tempura Batter,15.39,11.55,1.2,2.0
2025-09-08,Chicken,13.57,14.1,0.93,4.25
2025-09-08,Edamame,11.28,9.37,1.03,2.8
2025-09-08,Cream Cheese,21.33,18.79,1.79,3.75
2025-09-09,Tuna,13.08,7.61,1.02,7.5
2025-09-09,Salmon,18.6,12.83,0.48,6.25
2025-09-09,Rice,19.69,17.11,0.48,1.8
2025-09-09,Nori,12.86,6.69,1.37,0.45
2025-09-09,Avocado,14.18,10.09,0.86,2.2
2025-09-09,Cucumber,15.52,10.59,0.49,1.4
2025-09-09,Soy Sauce,6.75,3.23,0.83,1.1
2025-09-09,Ginger,10.84,9.63,0.02,1.3
2025-09-09,Wasabi,11.8,10.55,1.28,3.5
2025-09-09,Tempura Batter,16.1,14.07,1.06,2.0
2025-09-09,Chicken,14.03,11.57,0.77,4.25
2025-09-09,Edamame,23.37,19.09,0.65,2.8
2025-09-09,Cream Cheese,20.29,15.58,0.93,3.75
2025-09-10,Tuna,12.9,10.69,0.26,7.5
2025-09-10,Salmon,14.5,12.72,0.58,6.25
2025-09-10,Rice,20.87,14.5,0.99,1.8
2025-09-10,Nori,14.54,11.58,1.37,0.45
2025-09-10,Avocado,16.94,13.55,0.93,2.2
2025-09-10,Cucumber,10.07,6.29,0.36,1.4
2025-09-10,Soy Sauce,15.11,13.58,1.1,1.1
2025-09-10,Ginger,12.1,11.39,0.65,1.3
2025-09-10,Wasabi,19.28,20.82,0.88,3.5
2025-09-10,Tempura Batter,13.71,7.96,1.21,2.0
2025-09-10,Chicken,17.58,12.74,0.92,4.25
2025-09-10,Edamame,13.83,12.02,0.62,2.8
2025-09-10,Cream Cheese,13.16,10.14,0.0,3.75
2025-09-11,Tuna,23.01,16.12,0.58,7.5
2025-09-11,Salmon,19.43,16.7,0.5,6.25
2025-09-11,Rice,13.64,10.47,0.44,1.8
2025-09-11,Nori,16.39,14.42,0.26,0.45
2025-09-11,Avocado,13.53,11.92,0.64,2.2
2025-09-11,Cucumber,12.1,11.78,1.53,1.4
2025-09-11,Soy Sauce,16.99,15.25,0.79,1.1
2025-09-11,Ginger,17.96,14.54,1.74,1.3
2025-09-11,Wasabi,16.42,11.05,0.13,3.5
2025-09-11,Tempura Batter,13.65,7.28,0.58,2.0
2025-09-11,Chicken,10.23,7.33,1.43,4.25
2025-09-11,Edamame,11.86,8.95,0.0,2.8
2025-09-11,Cream Cheese,15.12,10.12,0.41,3.75
2025-09-12,Tuna,8.36,6.91,0.5,7.5
2025-09-12,Salmon,18.82,15.06,1.09,6.25
2025-09-12,Rice,13.87,12.11,0.41,1.8
2025-09-12,Nori,19.91,13.73,0.33,0.45
2025-09-12,Avocado,8.66,7.93,1.22,2.2
2025-09-12,Cucumber,15.94,11.83,0.55,1.4
2025-09-12,Soy Sauce,16.9,14.47,0.03,1.1
2025-09-12,Ginger,18.62,15.69,0.64,1.3
2025-09-12,Wasabi,13.24,13.13,1.02,3.5
2025-09-12,Tempura Batter,12.3,9.62,1.37,2.0
2025-09-12,Chicken,17.22,14.57,0.75,4.25
2025-09-12,Edamame,3.11,1.76,0.88,2.8
2025-09-12,Cream Cheese,9.29,8.94,1.04,3.75
2025-09-13,Tuna,18.78,17.23,1.24,7.5
2025-09-13,Salmon,15.95,14.9,0.44,6.25
2025-09-13,Rice,19.98,19.21,0.5,1.8
2025-09-13,Nori,21.73,19.86,1.48,0.45
2025-09-13,Avocado,11.19,7.91,1.34,2.2
2025-09-13,Cucumber,13.33,10.13,1.17,1.4
2025-09-13,Soy Sauce,15.87,8.39,1.32,1.1
2025-09-13,Ginger,13.1,10.57,1.76,1.3
2025-09-13,Wasabi,12.64,10.58,1.37,3.5
2025-09-13,Tempura Batter,9.24,6.4,0.84,2.0
2025-09-13,Chicken,9.05,9.19,0.83,4.25
2025-09-13,Edamame,16.39,14.75,0.21,2.8
2025-09-13,Cream Cheese,21.08,17.02,0.62,3.75
2025-09-14,Tuna,19.17,15.68,1.69,7.5
2025-09-14,Salmon,14.88,14.66,0.47,6.25
2025-09-14,Rice,13.18,9.56,0.65,1.8
2025-09-14,Nori,11.67,7.49,1.3,0.45
2025-09-14,Avocado,15.01,11.59,0.32,2.2
2025-09-14,Cucumber,11.95,9.91,1.08,1.4
2025-09-14,Soy Sauce,15.36,13.02,0.62,1.1
2025-09-14,Ginger,10.34,4.13,0.0,1.3
2025-09-14,Wasabi,16.76,13.69,0.67,3.5
2025-09-14,Tempura Batter,13.64,11.97,1.13,2.0
2025-09-14,Chicken,10.4,6.75,0.46,4.25
2025-09-14,Edamame,12.49,10.29,0.72,2.8
2025-09-14,Cream Cheese,16.94,14.01,1.27,3.75
2025-09-15,Tuna,19.8,16.18,1.14,7.5
2025-09-15,Salmon,20.27,20.1,1.34,6.25
2025-09-15,Rice,22.05,18.18,1.75,1.8
2025-09-15,Nori,21.42,19.1,0.67,0.45
2025-09-15,Avocado,15.87,14.12,2.16,2.2
2025-09-15,Cucumber,18.25,15.16,0.09,1.4
2025-09-15,Soy Sauce,13.64,13.01,1.18,1.1
2025-09-15,Ginger,7.76,1.99,0.59,1.3
2025-09-15,Wasabi,8.2,5.23,0.81,3.5
2025-09-15,Tempura Batter,17.5,11.74,0.99,2.0
2025-09-15,Chicken,17.69,15.18,1.01,4.25
2025-09-15,Edamame,10.28,6.77,0.42,2.8
2025-09-15,Cream Cheese,20.43,17.28,1.13,3.75
2025-09-16,Tuna,19.66,13.05,0.02,7.5
2025-09-16,Salmon,12.62,11.54,0.0,6.25
2025-09-16,Rice,13.24,7.9,0.78,1.8
2025-09-16,Nori,15.67,11.12,0.86,0.45
2025-09-16,Avocado,18.1,14.45,1.07,2.2
2025-09-16,Cucumber,15.3,10.2,0.19,1.4
2025-09-16,Soy Sauce,16.85,11.66,0.72,1.1
2025-09-16,Ginger,17.85,10.28,1.51,1.3
2025-09-16,Wasabi,13.63,12.57,0.0,3.5
2025-09-16,Tempura Batter,20.37,14.83,1.0,2.0
2025-09-16,Chicken,8.48,5.16,0.56,4.25
2025-09-16,Edamame,19.53,12.65,1.19,2.8
2025-09-16,Cream Cheese,17.21,14.3,1.01,3.75
2025-09-17,Tuna,13.22,9.11,0.7,7.5
2025-09-17,Salmon,13.34,8.71,0.0,6.25
2025-09-17,Rice,14.05,9.82,1.41,1.8
2025-09-17,Nori,15.54,13.89,0.77,0.45
2025-09-17,Avocado,19.29,13.17,0.0,2.2
2025-09-17,Cucumber,18.84,15.71,0.26,1.4
2025-09-17,Soy Sauce,8.77,6.38,1.15,1.1
2025-09-17,Ginger,14.14,9.99,0.4,1.3
2025-09-17,Wasabi,15.25,9.44,1.18,3.5
2025-09-17,Tempura Batter,12.11,10.77,1.27,2.0
2025-09-17,Chicken,19.78,15.51,0.71,4.25
2025-09-17,Edamame,10.59,7.62,1.5,2.8
2025-09-17,Cream Cheese,11.46,8.36,1.62,3.75
2025-09-18,Tuna,13.53,10.78,0.12,7.5
2025-09-18,Salmon,16.01,14.49,0.02,6.25
2025-09-18,Rice,11.6,8.19,0.01,1.8
2025-09-18,Nori,10.58,6.46,0.76,0.45
2025-09-18,Avocado,10.7,8.34,1.67,2.2
2025-09-18,Cucumber,19.91,17.13,1.21,1.4
2025-09-18,Soy Sauce,11.94,12.48,0.0,1.1
2025-09-18,Ginger,8.21,8.36,0.94,1.3
2025-09-18,Wasabi,13.65,9.8,1.02,3.5
2025-09-18,Tempura Batter,15.9,14.76,1.06,2.0
2025-09-18,Chicken,12.6,8.18,1.41,4.25
2025-09-18,Edamame,17.54,14.89,1.08,2.8
2025-09-18,Cream Cheese,5.35,5.87,1.03,3.75
2025-09-19,Tuna,17.77,17.23,0.81,7.5
2025-09-19,Salmon,15.53,13.76,0.63,6.25
2025-09-19,Rice,17.67,14.45,0.86,1.8
2025-09-19,Nori,11.01,8.07,0.6,0.45
2025-09-19,Avocado,12.54,10.62,0.79,2.2
2025-09-19,Cucumber,11.55,8.53,0.62,1.4
2025-09-19,Soy Sauce,7.37,8.27,1.27,1.1
2025-09-19,Ginger,16.38,14.99,1.14,1.3
2025-09-19,Wasabi,10.29,7.9,0.53,3.5
2025-09-19,Tempura Batter,15.18,10.89,0.6,2.0
2025-09-19,Chicken,15.13,10.64,0.83,4.25
2025-09-19,Edamame,13.11,9.63,1.3,2.8
2025-09-19,Cream Cheese,16.57,16.22,0.16,3.75
2025-09-20,Tuna,18.42,16.0,0.0,7.5
2025-09-20,Salmon,11.2,9.08,0.64,6.25
2025-09-20,Rice,16.2,15.06,1.27,1.8
2025-09-20,Nori,13.57,13.14,0.64,0.45
2025-09-20,Avocado,17.06,13.98,0.99,2.2
2025-09-20,Cucumber,13.76,9.65,0.6,1.4
2025-09-20,Soy Sauce,22.55,22.18,2.15,1.1
2025-09-20,Ginger,13.74,8.2,1.21,1.3
2025-09-20,Wasabi,12.56,8.36,0.55,3.5
2025-09-20,Tempura Batter,16.4,13.1,0.63,2.0
2025-09-20,Chicken,13.95,10.27,0.35,4.25
2025-09-20,Edamame,13.45,8.54,1.01,2.8
2025-09-20,Cream Cheese,7.77,6.77,0.0,3.75
2025-09-21,Tuna,20.02,15.64,0.26,7.5
2025-09-21,Salmon,21.57,14.6,0.03,6.25
2025-09-21,Rice,9.42,9.54,1.27,1.8
2025-09-21,Nori,13.82,11.62,0.91,0.45
2025-09-21,Avocado,11.97,9.77,0.94,2.2
2025-09-21,Cucumber,11.62,9.56,0.72,1.4
2025-09-21,Soy Sauce,16.57,12.37,1.09,1.1
2025-09-21,Ginger,11.82,6.0,0.83,1.3
2025-09-21,Wasabi,11.87,10.67,1.79,3.5
2025-09-21,Tempura Batter,28.17,21.44,0.86,2.0
2025-09-21,Chicken,19.36,13.38,0.68,4.25
2025-09-21,Edamame,17.62,14.17,1.76,2.8
2025-09-21,Cream Cheese,20.47,17.75,1.56,3.75
2025-09-22,Tuna,13.89,11.98,0.66,7.5
2025-09-22,Salmon,14.02,12.59,0.54,6.25
2025-09-22,Rice,7.58,6.23,0.92,1.8
2025-09-22,Nori,21.0,16.17,1.01,0.45
2025-09-22,Avocado,7.16,5.88,0.7,2.2
2025-09-22,Cucumber,17.74,15.85,0.19,1.4
2025-09-22,Soy Sauce,19.32,17.79,0.24,1.1
2025-09-22,Ginger,15.81,12.91,0.55,1.3
2025-09-22,Wasabi,13.15,12.0,0.54,3.5
2025-09-22,Tempura Batter,10.78,11.86,1.28,2.0
2025-09-22,Chicken,7.63,6.51,1.3,4.25
2025-09-22,Edamame,17.45,14.28,0.0,2.8
2025-09-22,Cream Cheese,12.14,9.58,0.73,3.75
2025-09-23,Tuna,23.55,16.57,1.11,7.5
2025-09-23,Salmon,15.29,9.86,0.51,6.25
2025-09-23,Rice,2.01,1.51,0.0,1.8
2025-09-23,Nori,13.11,10.46,0.0,0.45
2025-09-23,Avocado,8.73,8.58,0.74,2.2
2025-09-23,Cucumber,13.61,8.59,0.88,1.4
2025-09-23,Soy Sauce,20.51,18.42,1.87,1.1
2025-09-23,Ginger,13.95,12.01,2.0,1.3
2025-09-23,Wasabi,6.58,4.69,0.0,3.5
2025-09-23,Tempura Batter,3.51,4.65,1.11,2.0
2025-09-23,Chicken,9.17,6.68,1.25,4.25
2025-09-23,Edamame,17.68,13.85,1.41,2.8
2025-09-23,Cream Cheese,18.93,18.44,1.04,3.75
2025-09-24,Tuna,13.62,10.91,0.04,7.5
2025-09-24,Salmon,12.03,9.87,1.52,6.25
2025-09-24,Rice,5.61,7.38,0.8,1.8
2025-09-24,Nori,9.69,6.97,1.13,0.45
2025-09-24,Avocado,13.74,11.6,0.72,2.2
2025-09-24,Cucumber,16.08,15.39,1.16,1.4
2025-09-24,Soy Sauce,12.19,7.98,0.03,1.1
2025-09-24,Ginger,16.97,14.17,0.85,1.3
2025-09-24,Wasabi,17.19,15.84,0.79,3.5
2025-09-24,Tempura Batter,15.62,13.21,1.16,2.0
2025-09-24,Chicken,15.16,13.32,1.43,4.25
2025-09-24,Edamame,15.56,14.25,0.0,2.8
2025-09-24,Cream Cheese,15.02,11.12,0.0,3.75
2025-09-25,Tuna,10.64,8.8,0.08,7.5
2025-09-25,Salmon,11.19,7.91,0.56,6.25
2025-09-25,Rice,10.6,10.36,0.69,1.8
2025-09-25,Nori,11.9,5.98,1.67,0.45
2025-09-25,Avocado,10.86,10.11,1.23,2.2
2025-09-25,Cucumber,21.12,14.37,1.87,1.4
2025-09-25,Soy Sauce,9.21,3.89,0.69,1.1
2025-09-25,Ginger,18.75,14.2,1.17,1.3
2025-09-25,Wasabi,17.88,16.0,0.32,3.5
2025-09-25,Tempura Batter,18.0,16.75,1.73,2.0
2025-09-25,Chicken,11.18,8.94,0.7,4.25
2025-09-25,Edamame,5.76,5.84,1.26,2.8
2025-09-25,Cream Cheese,13.16,5.12,0.75,3.75
2025-09-26,Tuna,11.72,7.88,0.0,7.5
2025-09-26,Salmon,13.26,10.67,0.17,6.25
2025-09-26,Rice,15.52,9.47,0.89,1.8
2025-09-26,Nori,15.02,13.6,0.14,0.45
2025-09-26,Avocado,9.12,11.04,0.25,2.2
2025-09-26,Cucumber,5.91,6.99,1.12,1.4
2025-09-26,Soy Sauce,13.24,11.48,1.14,1.1
2025-09-26,Ginger,5.74,5.42,1.36,1.3
2025-09-26,Wasabi,25.49,21.13,1.04,3.5
2025-09-26,Tempura Batter,11.55,9.67,0.91,2.0
2025-09-26,Chicken,21.34,17.49,1.28,4.25
2025-09-26,Edamame,12.57,8.34,0.46,2.8
2025-09-26,Cream Cheese,16.79,12.56,0.53,3.75
2025-09-27,Tuna,11.66,7.93,0.73,7.5
2025-09-27,Salmon,16.86,12.54,1.45,6.25
2025-09-27,Rice,18.72,14.65,0.55,1.8
2025-09-27,Nori,14.52,10.61,0.62,0.45
2025-09-27,Avocado,15.17,13.8,1.76,2.2
2025-09-27,Cucumber,16.03,12.77,0.56,1.4
2025-09-27,Soy Sauce,20.15,19.65,0.45,1.1
2025-09-27,Ginger,18.89,15.41,0.51,1.3
2025-09-27,Wasabi,12.23,9.81,0.85,3.5
2025-09-27,Tempura Batter,22.42,18.21,1.31,2.0
2025-09-27,Chicken,14.29,10.26,0.02,4.25
2025-09-27,Edamame,15.96,12.73,1.71,2.8
2025-09-27,Cream Cheese,20.71,18.23,0.39,3.75
2025-09-28,Tuna,11.25,8.84,1.45,7.5
2025-09-28,Salmon,17.7,13.66,1.21,6.25
2025-09-28,Rice,9.61,8.02,1.06,1.8
2025-09-28,Nori,8.83,8.88,0.26,0.45
2025-09-28,Avocado,18.47,16.22,0.91,2.2
2025-09-28,Cucumber,11.63,7.87,0.67,1.4
2025-09-28,Soy Sauce,15.83,13.78,1.05,1.1
2025-09-28,Ginger,12.73,9.89,0.66,1.3
2025-09-28,Wasabi,15.66,12.1,0.55,3.5
2025-09-28,Tempura Batter,14.89,11.52,1.05,2.0
2025-09-28,Chicken,12.92,11.7,0.84,4.25
2025-09-28,Edamame,15.02,14.68,0.14,2.8
2025-09-28,Cream Cheese,11.97,9.35,0.0,3.75
2025-09-29,Tuna,16.93,14.3,0.0,7.5
2025-09-29,Salmon,9.95,7.55,0.0,6.25
2025-09-29,Rice,19.26,15.88,1.14,1.8
2025-09-29,Nori,11.71,7.88,0.47,0.45
2025-09-29,Avocado,14.94,11.23,0.76,2.2
2025-09-29,Cucumber,18.51,15.23,0.57,1.4
2025-09-29,Soy Sauce,20.48,15.37,0.84,1.1
2025-09-29,Ginger,19.87,17.34,0.74,1.3
2025-09-29,Wasabi,14.76,12.02,0.64,3.5
2025-09-29,Tempura Batter,10.15,9.14,0.86,2.0
2025-09-29,Chicken,21.42,16.79,0.99,4.25
2025-09-29,Edamame,20.04,17.0,0.31,2.8
2025-09-29,Cream Cheese,13.48,10.6,0.54,3.75
2025-09-30,Tuna,19.31,14.44,0.0,7.5
2025-09-30,Salmon,8.61,11.42,0.75,6.25
2025-09-30,Rice,18.14,11.59,1.54,1.8
2025-09-30,Nori,16.81,15.73,0.29,0.45
2025-09-30,Avocado,13.67,7.62,0.34,2.2
2025-09-30,Cucumber,11.66,10.46,0.17,1.4
2025-09-30,Soy Sauce,16.64,13.33,0.0,1.1
2025-09-30,Ginger,10.3,6.79,0.76,1.3
2025-09-30,Wasabi,14.61,10.4,0.08,3.5
2025-09-30,Tempura Batter,13.66,9.62,0.48,2.0
2025-09-30,Chicken,13.96,13.25,0.39,4.25
2025-09-30,Edamame,3.76,4.87,0.56,2.8
2025-09-30,Cream Cheese,16.57,13.8,1.38,3.75
2025-10-01,Tuna,9.19,10.43,0.97,7.5
2025-10-01,Salmon,10.94,7.69,0.0,6.25
2025-10-01,Rice,15.31,10.9,1.09,1.8
2025-10-01,Nori,13.89,11.0,0.55,0.45
2025-10-01,Avocado,15.06,10.81,0.43,2.2
2025-10-01,Cucumber,9.23,9.39,1.12,1.4
2025-10-01,Soy Sauce,11.19,10.72,1.21,1.1
2025-10-01,Ginger,13.0,11.6,1.22,1.3
2025-10-01,Wasabi,10.17,10.42,1.25,3.5
2025-10-01,Tempura Batter,17.35,8.42,0.55,2.0
2025-10-01,Chicken,10.12,3.72,0.74,4.25
2025-10-01,Edamame,16.46,12.81,0.09,2.8
2025-10-01,Cream Cheese,9.91,3.12,0.0,3.75
2025-10-02,Tuna,22.28,18.33,0.86,7.5
2025-10-02,Salmon,17.42,9.91,0.43,6.25
2025-10-02,Rice,13.36,9.12,0.44,1.8
2025-10-02,Nori,10.52,7.74,1.12,0.45
2025-10-02,Avocado,26.37,19.31,0.0,2.2
2025-10-02,Cucumber,16.89,15.96,0.31,1.4
2025-10-02,Soy Sauce,11.32,9.63,0.24,1.1
2025-10-02,Ginger,8.28,2.49,1.22,1.3
2025-10-02,Wasabi,12.69,11.73,1.39,3.5
2025-10-02,Tempura Batter,13.29,11.54,0.0,2.0
2025-10-02,Chicken,16.18,13.95,0.91,4.25
2025-10-02,Edamame,16.64,12.47,0.88,2.8
2025-10-02,Cream Cheese,14.59,10.58,1.25,3.75
2025-10-03,Tuna,18.64,17.98,1.33,7.5
2025-10-03,Salmon,10.38,5.45,0.48,6.25
2025-10-03,Rice,21.05,15.17,0.89,1.8
2025-10-03,Nori,14.61,11.81,0.56,0.45
2025-10-03,Avocado,19.28,16.5,0.0,2.2
2025-10-03,Cucumber,20.2,15.54,0.82,1.4
2025-10-03,Soy Sauce,9.53,8.85,0.41,1.1
2025-10-03,Ginger,12.11,12.8,1.01,1.3
2025-10-03,Wasabi,17.86,12.29,1.15,3.5
2025-10-03,Tempura Batter,8.73,9.11,0.39,2.0
2025-10-03,Chicken,21.11,17.52,1.1,4.25
2025-10-03,Edamame,13.45,9.48,0.04,2.8
2025-10-03,Cream Cheese,16.43,15.74,0.0,3.75
2025-10-04,Tuna,24.32,21.05,0.85,7.5
2025-10-04,Salmon,8.77,4.52,1.24,6.25
2025-10-04,Rice,15.98,11.2,1.39,1.8
2025-10-04,Nori,12.77,14.1,0.22,0.45
2025-10-04,Avocado,21.91,18.75,0.84,2.2
2025-10-04,Cucumber,10.4,8.67,1.4,1.4
2025-10-04,Soy Sauce,22.59,17.99,1.08,1.1
2025-10-04,Ginger,17.37,14.51,0.2,1.3
2025-10-04,Wasabi,11.95,6.32,0.78,3.5
2025-10-04,Tempura Batter,17.33,13.91,0.93,2.0
2025-10-04,Chicken,17.77,13.38,0.42,4.25
2025-10-04,Edamame,18.25,16.73,0.92,2.8
2025-10-04,Cream Cheese,9.93,7.27,0.47,3.75
2025-10-05,Tuna,16.57,12.1,0.84,7.5
2025-10-05,Salmon,24.44,19.84,0.69,6.25
2025-10-05,Rice,15.41,11.66,1.15,1.8
2025-10-05,Nori,11.34,7.06,0.2,0.45
2025-10-05,Avocado,19.36,14.16,0.95,2.2
2025-10-05,Cucumber,2.13,2.7,1.08,1.4
2025-10-05,Soy Sauce,6.4,2.18,1.29,1.1
2025-10-05,Ginger,19.06,16.54,1.02,1.3
2025-10-05,Wasabi,12.89,12.84,1.17,3.5
2025-10-05,Tempura Batter,21.94,17.56,0.55,2.0
2025-10-05,Chicken,20.56,14.96,1.38,4.25
2025-10-05,Edamame,15.92,16.11,1.0,2.8
2025-10-05,Cream Cheese,19.66,14.58,1.06,3.75
2025-10-06,Tuna,17.55,18.21,1.08,7.5
2025-10-06,Salmon,18.72,13.92,1.57,6.25
2025-10-06,Rice,14.46,8.45,1.21,1.8
2025-10-06,Nori,12.43,11.25,0.9,0.45
2025-10-06,Avocado,16.83,13.14,0.49,2.2
2025-10-06,Cucumber,16.63,14.44,1.41,1.4
2025-10-06,Soy Sauce,20.22,18.84,0.83,1.1
2025-10-06,Ginger,19.44,15.89,0.12,1.3
2025-10-06,Wasabi,17.25,15.46,0.9,3.5
2025-10-06,Tempura Batter,12.61,8.02,0.59,2.0
2025-10-06,Chicken,18.17,15.6,0.56,4.25
2025-10-06,Edamame,14.5,13.65,1.7,2.8
2025-10-06,Cream Cheese,14.61,12.74,0.6,3.75
2025-10-07,Tuna,17.06,12.07,0.35,7.5
2025-10-07,Salmon,13.43,10.52,1.57,6.25
2025-10-07,Rice,22.18,16.0,0.82,1.8
2025-10-07,Nori,23.27,17.73,1.15,0.45
2025-10-07,Avocado,16.92,15.11,1.71,2.2
2025-10-07,Cucumber,15.14,11.02,1.14,1.4
2025-10-07,Soy Sauce,9.41,6.51,0.9,1.1
2025-10-07,Ginger,14.47,11.55,1.55,1.3
2025-10-07,Wasabi,9.15,8.69,0.51,3.5
2025-10-07,Tempura Batter,19.66,14.98,1.1,2.0
2025-10-07,Chicken,19.16,15.65,0.54,4.25
2025-10-07,Edamame,8.7,8.22,0.69,2.8
2025-10-07,Cream Cheese,18.63,15.15,0.81,3.75
2025-10-08,Tuna,15.94,7.78,0.39,7.5
2025-10-08,Salmon,17.49,12.48,0.82,6.25
2025-10-08,Rice,13.39,8.77,0.13,1.8
2025-10-08,Nori,22.53,18.97,0.67,0.45
2025-10-08,Avocado,7.03,6.33,0.77,2.2
2025-10-08,Cucumber,23.04,19.57,0.97,1.4
2025-10-08,Soy Sauce,21.27,13.54,0.0,1.1
2025-10-08,Ginger,20.46,18.26,0.45,1.3
2025-10-08,Wasabi,14.51,11.68,1.08,3.5
2025-10-08,Tempura Batter,6.0,2.7,0.5,2.0
2025-10-08,Chicken,9.51,9.1,0.62,4.25
2025-10-08,Edamame,12.08,9.93,0.0,2.8
2025-10-08,Cream Cheese,13.81,12.39,0.0,3.75
2025-10-09,Tuna,11.26,9.81,0.82,7.5
2025-10-09,Salmon,9.85,9.75,0.36,6.25
2025-10-09,Rice,10.37,5.09,1.45,1.8
2025-10-09,Nori,19.5,17.68,1.45,0.45
2025-10-09,Avocado,14.98,13.63,0.49,2.2
2025-10-09,Cucumber,14.52,11.31,0.98,1.4
2025-10-09,Soy Sauce,14.3,11.99,1.48,1.1
2025-10-09,Ginger,14.2,11.54,0.69,1.3
2025-10-09,Wasabi,11.82,11.55,0.3,3.5
2025-10-09,Tempura Batter,21.48,21.78,0.94,2.0
2025-10-09,Chicken,18.4,13.37,0.98,4.25
2025-10-09,Edamame,23.04,19.56,1.47,2.8
2025-10-09,Cream Cheese,22.24,16.16,0.81,3.75
2025-10-10,Tuna,15.85,13.59,0.88,7.5
2025-10-10,Salmon,11.71,12.86,0.73,6.25
2025-10-10,Rice,15.86,15.56,0.31,1.8
2025-10-10,Nori,22.31,16.62,0.49,0.45
2025-10-10,Avocado,15.54,12.7,1.39,2.2
2025-10-10,Cucumber,12.11,9.87,1.47,1.4
2025-10-10,Soy Sauce,9.99,7.99,0.87,1.1
2025-10-10,Ginger,18.71,18.1,0.44,1.3
2025-10-10,Wasabi,18.86,14.37,0.91,3.5
2025-10-10,Tempura Batter,14.79,11.53,0.05,2.0
2025-10-10,Chicken,18.37,12.41,0.14,4.25
2025-10-10,Edamame,11.07,8.86,0.63,2.8
2025-10-10,Cream Cheese,20.5,19.37,0.23,3.75
2025-10-11,Tuna,16.79,15.08,1.19,7.5
2025-10-11,Salmon,15.13,11.21,0.02,6.25
2025-10-11,Rice,17.26,13.82,0.67,1.8
2025-10-11,Nori,10.5,7.07,1.16,0.45
2025-10-11,Avocado,11.85,9.88,1.2,2.2
2025-10-11,Cucumber,23.72,18.84,0.91,1.4
2025-10-11,Soy Sauce,13.97,11.03,0.14,1.1
2025-10-11,Ginger,16.62,11.38,0.82,1.3
2025-10-11,Wasabi,11.06,9.5,0.78,3.5
2025-10-11,Tempura Batter,8.24,7.06,1.57,2.0
2025-10-11,Chicken,9.25,7.86,0.95,4.25
2025-10-11,Edamame,13.41,10.23,1.23,2.8
2025-10-11,Cream Cheese,10.32,5.81,0.51,3.75
2025-10-12,Tuna,17.7,10.86,0.1,7.5
2025-10-12,Salmon,19.62,14.36,0.46,6.25
2025-10-12,Rice,11.59,9.33,0.46,1.8
2025-10-12,Nori,17.05,12.27,0.62,0.45
2025-10-12,Avocado,21.52,15.71,1.02,2.2
2025-10-12,Cucumber,15.91,14.1,0.0,1.4
2025-10-12,Soy Sauce,18.94,14.34,0.92,1.1
2025-10-12,Ginger,17.54,15.64,1.06,1.3
2025-10-12,Wasabi,22.22,17.89,1.47,3.5
2025-10-12,Tempura Batter,17.95,17.4,1.16,2.0
2025-10-12,Chicken,10.26,9.47,0.66,4.25
2025-10-12,Edamame,20.93,19.02,0.0,2.8
2025-10-12,Cream Cheese,10.18,6.22,0.42,3.75
2025-10-13,Tuna,4.02,3.83,0.88,7.5
2025-10-13,Salmon,17.23,15.12,1.12,6.25
2025-10-13,Rice,17.09,15.66,0.74,1.8
2025-10-13,Nori,13.68,9.6,0.49,0.45
2025-10-13,Avocado,10.25,7.15,1.36,2.2
2025-10-13,Cucumber,19.06,14.04,1.26,1.4
2025-10-13,Soy Sauce,13.97,12.17,0.37,1.1
2025-10-13,Ginger,11.03,5.65,0.63,1.3
2025-10-13,Wasabi,10.65,5.18,0.85,3.5
2025-10-13,Tempura Batter,18.35,15.87,0.4,2.0
2025-10-13,Chicken,17.84,13.78,0.66,4.25
2025-10-13,Edamame,22.15,17.25,1.08,2.8
2025-10-13,Cream Cheese,8.06,7.56,1.4,3.75
2025-10-14,Tuna,6.06,3.25,0.87,7.5
2025-10-14,Salmon,12.97,10.04,1.01,6.25
2025-10-14,Rice,14.41,9.65,1.09,1.8
2025-10-14,Nori,12.63,11.28,0.75,0.45
2025-10-14,Avocado,21.93,20.44,1.57,2.2
2025-10-14,Cucumber,6.26,4.98,0.53,1.4
2025-10-14,Soy Sauce,18.91,15.8,1.46,1.1
2025-10-14,Ginger,13.56,10.67,0.64,1.3
2025-10-14,Wasabi,20.87,20.11,0.55,3.5
2025-10-14,Tempura Batter,12.23,8.09,0.23,2.0
2025-10-14,Chicken,22.45,19.29,1.01,4.25
2025-10-14,Edamame,16.81,13.85,0.86,2.8
2025-10-14,Cream Cheese,16.38,12.34,0.39,3.75
2025-10-15,Tuna,12.67,8.03,0.8,7.5
2025-10-15,Salmon,6.02,3.97,1.56,6.25
2025-10-15,Rice,13.3,11.36,0.05,1.8
2025-10-15,Nori,10.4,9.73,1.01,0.45
2025-10-15,Avocado,14.47,12.2,0.42,2.2
2025-10-15,Cucumber,19.7,18.11,0.45,1.4
2025-10-15,Soy Sauce,13.82,11.03,1.04,1.1
2025-10-15,Ginger,20.43,15.72,2.01,1.3
2025-10-15,Wasabi,8.69,5.23,0.54,3.5
2025-10-15,Tempura Batter,23.39,20.04,0.0,2.0
2025-10-15,Chicken,17.27,13.74,1.18,4.25
2025-10-15,Edamame,12.76,9.11,0.66,2.8
2025-10-15,Cream Cheese,13.0,9.31,0.88,3.75
2025-10-16,Tuna,19.25,16.2,1.1,7.5
2025-10-16,Salmon,12.96,7.17,0.41,6.25
2025-10-16,Rice,19.14,15.61,0.87,1.8
2025-10-16,Nori,13.76,15.04,0.51,0.45
2025-10-16,Avocado,21.83,14.98,0.79,2.2
2025-10-16,Cucumber,4.62,2.25,0.77,1.4
2025-10-16,Soy Sauce,19.53,16.44,0.16,1.1
2025-10-16,Ginger,19.99,15.85,0.45,1.3
2025-10-16,Wasabi,16.79,14.88,0.65,3.5
2025-10-16,Tempura Batter,12.26,9.88,1.25,2.0
2025-10-16,Chicken,10.07,4.86,0.89,4.25
2025-10-16,Edamame,13.48,10.44,0.35,2.8
2025-10-16,Cream Cheese,6.71,5.47,0.0,3.75
2025-10-17,Tuna,6.34,6.59,1.41,7.5
2025-10-17,Salmon,9.78,6.86,1.36,6.25
2025-10-17,Rice,17.81,15.4,0.65,1.8
2025-10-17,Nori,19.95,12.72,1.01,0.45
2025-10-17,Avocado,22.21,14.67,0.94,2.2
2025-10-17,Cucumber,20.55,16.59,1.03,1.4
2025-10-17,Soy Sauce,8.89,8.15,0.54,1.1
2025-10-17,Ginger,20.2,15.53,1.47,1.3
2025-10-17,Wasabi,16.03,11.96,1.07,3.5
2025-10-17,Tempura Batter,13.93,11.57,0.06,2.0
2025-10-17,Chicken,14.18,11.39,1.37,4.25
2025-10-17,Edamame,20.22,16.93,1.83,2.8
2025-10-17,Cream Cheese,17.83,12.76,0.75,3.75
2025-10-18,Tuna,9.59,7.44,1.54,7.5
2025-10-18,Salmon,13.01,10.94,0.8,6.25
2025-10-18,Rice,15.83,10.44,1.74,1.8
2025-10-18,Nori,16.1,12.02,1.29,0.45
2025-10-18,Avocado,13.68,12.43,0.6,2.2
2025-10-18,Cucumber,17.44,13.65,0.0,1.4
2025-10-18,Soy Sauce,11.78,10.25,1.24,1.1
2025-10-18,Ginger,11.28,9.21,0.55,1.3
2025-10-18,Wasabi,20.1,15.17,1.05,3.5
2025-10-18,Tempura Batter,21.9,16.43,0.0,2.0
2025-10-18,Chicken,16.63,14.37,0.17,4.25
2025-10-18,Edamame,15.18,10.72,1.53,2.8
2025-10-18,Cream Cheese,10.86,6.62,1.78,3.75
2025-10-19,Tuna,15.42,19.32,1.89,7.5
2025-10-19,Salmon,14.23,15.84,0.42,6.25
2025-10-19,Rice,20.75,17.03,0.51,1.8
2025-10-19,Nori,16.36,12.27,0.51,0.45
2025-10-19,Avocado,16.29,11.49,0.45,2.2
2025-10-19,Cucumber,8.3,6.57,0.36,1.4
2025-10-19,Soy Sauce,9.13,9.58,0.92,1.1
2025-10-19,Ginger,16.85,15.47,0.47,1.3
2025-10-19,Wasabi,12.43,11.25,1.29,3.5
2025-10-19,Tempura Batter,10.39,8.45,0.42,2.0
2025-10-19,Chicken,18.57,16.03,1.8,4.25
2025-10-19,Edamame,18.73,13.42,0.64,2.8
2025-10-19,Cream Cheese,11.16,8.23,0.46,3.75
2025-10-20,Tuna,9.03,4.01,0.82,7.5
2025-10-20,Salmon,12.95,9.2,0.82,6.25
2025-10-20,Rice,21.5,17.64,0.72,1.8
2025-10-20,Nori,17.7,14.77,0.89,0.45
2025-10-20,Avocado,17.57,16.9,0.37,2.2
2025-10-20,Cucumber,12.78,10.32,1.38,1.4
2025-10-20,Soy Sauce,9.28,6.34,0.52,1.1
2025-10-20,Ginger,23.57,18.8,0.92,1.3
2025-10-20,Wasabi,16.24,15.88,1.81,3.5
2025-10-20,Tempura Batter,14.15,8.63,1.08,2.0
2025-10-20,Chicken,18.49,13.06,1.3,4.25
2025-10-20,Edamame,14.59,12.43,0.86,2.8
2025-10-20,Cream Cheese,15.3,11.59,1.31,3.75
2025-10-21,Tuna,17.24,13.87,0.47,7.5
2025-10-21,Salmon,12.91,13.3,0.4,6.25
2025-10-21,Rice,19.2,14.42,0.79,1.8
2025-10-21,Nori,16.54,12.8,1.14,0.45
2025-10-21,Avocado,12.23,11.19,0.99,2.2
2025-10-21,Cucumber,20.99,19.83,0.74,1.4
2025-10-21,Soy Sauce,18.28,10.46,0.32,1.1
2025-10-21,Ginger,13.63,11.36,0.17,1.3
2025-10-21,Wasabi,10.9,6.77,1.15,3.5
2025-10-21,Tempura Batter,15.58,9.76,0.0,2.0
2025-10-21,Chicken,8.32,6.97,0.8,4.25
2025-10-21,Edamame,12.79,10.2,1.04,2.8
2025-10-21,Cream Cheese,22.43,17.83,0.83,3.75
2025-10-22,Tuna,16.88,11.68,1.74,7.5
2025-10-22,Salmon,16.57,14.55,0.93,6.25
2025-10-22,Rice,16.21,14.32,1.23,1.8
2025-10-22,Nori,18.39,13.06,0.31,0.45
2025-10-22,Avocado,7.25,5.03,0.81,2.2
2025-10-22,Cucumber,6.58,4.8,1.44,1.4
2025-10-22,Soy Sauce,17.41,14.13,0.27,1.1
2025-10-22,Ginger,19.17,17.0,0.85,1.3
2025-10-22,Wasabi,16.97,13.63,1.55,3.5
2025-10-22,Tempura Batter,17.98,14.3,0.76,2.0
2025-10-22,Chicken,16.31,13.73,0.89,4.25
2025-10-22,Edamame,12.63,10.63,0.34,2.8
2025-10-22,Cream Cheese,13.24,10.92,1.71,3.75
2025-10-23,Tuna,18.7,15.97,0.59,7.5
2025-10-23,Salmon,21.34,14.46,1.2,6.25
2025-10-23,Rice,9.85,5.12,1.32,1.8
2025-10-23,Nori,23.3,20.8,0.87,0.45
2025-10-23,Avocado,15.27,13.8,0.37,2.2
2025-10-23,Cucumber,13.51,13.6,0.14,1.4
2025-10-23,Soy Sauce,19.26,15.26,1.42,1.1
2025-10-23,Ginger,16.87,13.85,1.44,1.3
2025-10-23,Wasabi,12.64,10.31,0.77,3.5
2025-10-23,Tempura Batter,16.67,13.8,0.06,2.0
2025-10-23,Chicken,13.87,10.93,0.86,4.25
2025-10-23,Edamame,14.21,10.2,0.0,2.8
2025-10-23,Cream Cheese,20.25,13.66,0.5,3.75
2025-10-24,Tuna,14.74,12.23,0.68,7.5
2025-10-24,Salmon,14.87,7.89,0.99,6.25
2025-10-24,Rice,10.75,9.32,0.83,1.8
2025-10-24,Nori,8.43,3.33,0.54,0.45
2025-10-24,Avocado,17.43,13.56,1.28,2.2
2025-10-24,Cucumber,18.46,13.97,1.31,1.4
2025-10-24,Soy Sauce,17.98,10.68,0.98,1.1
2025-10-24,Ginger,13.21,11.89,0.7,1.3
2025-10-24,Wasabi,16.8,13.61,1.71,3.5
2025-10-24,Tempura Batter,14.8,10.44,0.24,2.0
2025-10-24,Chicken,21.35,20.73,1.84,4.25
2025-10-24,Edamame,9.99,11.46,1.48,2.8
2025-10-24,Cream Cheese,14.42,12.33,1.12,3.75
2025-10-25,Tuna,18.49,14.66,1.37,7.5
2025-10-25,Salmon,17.31,13.01,0.54,6.25
2025-10-25,Rice,17.03,15.06,0.24,1.8
2025-10-25,Nori,13.62,11.17,1.26,0.45
2025-10-25,Avocado,11.37,6.19,0.49,2.2
2025-10-25,Cucumber,2.73,2.14,0.65,1.4
2025-10-25,Soy Sauce,16.51,13.78,0.2,1.1
2025-10-25,Ginger,9.5,8.89,0.93,1.3
2025-10-25,Wasabi,15.87,11.64,0.0,3.5
2025-10-25,Tempura Batter,16.92,9.86,1.12,2.0
2025-10-25,Chicken,11.84,10.82,1.35,4.25
2025-10-25,Edamame,18.83,18.13,0.27,2.8
2025-10-25,Cream Cheese,16.86,13.12,1.04,3.75
2025-10-26,Tuna,20.43,19.37,0.82,7.5
2025-10-26,Salmon,19.31,14.88,0.48,6.25
2025-10-26,Rice,11.65,9.57,1.65,1.8
2025-10-26,Nori,10.44,8.09,1.19,0.45
2025-10-26,Avocado,11.16,7.64,0.0,2.2
2025-10-26,Cucumber,15.88,12.77,0.88,1.4
2025-10-26,Soy Sauce,11.98,8.52,0.78,1.1
2025-10-26,Ginger,21.47,17.2,0.08,1.3
2025-10-26,Wasabi,10.44,8.67,0.89,3.5
2025-10-26,Tempura Batter,13.98,11.32,2.21,2.0
2025-10-26,Chicken,15.73,9.95,0.73,4.25
2025-10-26,Edamame,6.67,3.29,1.36,2.8
2025-10-26,Cream Cheese,18.05,14.53,0.81,3.75
2025-10-27,Tuna,14.81,10.02,0.58,7.5
2025-10-27,Salmon,13.26,9.44,0.65,6.25
2025-10-27,Rice,21.06,17.12,0.41,1.8
2025-10-27,Nori,9.27,7.42,1.97,0.45
2025-10-27,Avocado,15.57,11.05,0.15,2.2
2025-10-27,Cucumber,10.29,7.67,1.65,1.4
2025-10-27,Soy Sauce,8.58,6.84,1.25,1.1
2025-10-27,Ginger,22.25,18.37,1.14,1.3
2025-10-27,Wasabi,8.77,8.41,0.23,3.5
2025-10-27,Tempura Batter,11.96,8.51,0.19,2.0
2025-10-27,Chicken,15.37,13.0,0.52,4.25
2025-10-27,Edamame,16.62,15.54,1.52,2.8
2025-10-27,Cream Cheese,16.34,15.32,1.4,3.75
2025-10-28,Tuna,13.15,7.57,0.97,7.5
2025-10-28,Salmon,6.09,5.68,0.6,6.25
2025-10-28,Rice,18.13,15.47,0.7,1.8
2025-10-28,Nori,11.17,12.16,1.21,0.45
2025-10-28,Avocado,21.94,17.36,0.59,2.2
2025-10-28,Cucumber,9.3,8.46,0.23,1.4
2025-10-28,Soy Sauce,23.9,21.06,1.25,1.1
2025-10-28,Ginger,18.68,15.4,0.33,1.3
2025-10-28,Wasabi,14.91,14.07,1.1,3.5
2025-10-28,Tempura Batter,9.98,7.85,0.58,2.0
2025-10-28,Chicken,15.73,17.6,1.97,4.25
2025-10-28,Edamame,11.53,8.78,1.01,2.8
2025-10-28,Cream Cheese,18.0,13.31,1.11,3.75
2025-10-29,Tuna,24.61,20.15,0.74,7.5
2025-10-29,Salmon,11.63,9.79,1.45,6.25
2025-10-29,Rice,24.03,19.02,0.0,1.8
2025-10-29,Nori,6.0,3.01,0.72,0.45
2025-10-29,Avocado,17.58,12.08,1.4,2.2
2025-10-29,Cucumber,12.65,12.7,0.19,1.4
2025-10-29,Soy Sauce,16.1,12.27,0.19,1.1
2025-10-29,Ginger,14.14,14.64,0.0,1.3
2025-10-29,Wasabi,14.25,8.5,1.56,3.5
2025-10-29,Tempura Batter,5.58,5.62,1.18,2.0
2025-10-29,Chicken,15.97,10.24,1.17,4.25
2025-10-29,Edamame,17.02,15.67,1.02,2.8
2025-10-29,Cream Cheese,23.35,20.07,0.78,3.75
2025-10-30,Tuna,10.05,10.26,0.25,7.5
2025-10-30,Salmon,8.14,8.43,0.03,6.25
2025-10-30,Rice,3.64,2.21,1.14,1.8
2025-10-30,Nori,13.11,10.73,1.18,0.45
2025-10-30,Avocado,26.3,18.76,0.87,2.2
2025-10-30,Cucumber,13.05,10.87,1.1,1.4
2025-10-30,Soy Sauce,14.07,11.37,0.76,1.1
2025-10-30,Ginger,6.57,8.23,0.47,1.3
2025-10-30,Wasabi,23.65,17.83,1.27,3.5
2025-10-30,Tempura Batter,11.44,10.03,1.61,2.0
2025-10-30,Chicken,10.75,7.67,1.64,4.25
2025-10-30,Edamame,14.91,12.5,1.38,2.8
2025-10-30,Cream Cheese,15.68,12.29,1.56,3.75
2025-10-31,Tuna,5.54,1.82,0.42,7.5
2025-10-31,Salmon,14.4,11.17,0.46,6.25
2025-10-31,Rice,16.68,12.91,0.9,1.8
2025-10-31,Nori,15.21,12.45,0.75,0.45
2025-10-31,Avocado,13.43,12.32,1.44,2.2
2025-10-31,Cucumber,13.83,11.64,1.0,1.4
2025-10-31,Soy Sauce,17.03,11.54,1.25,1.1
2025-10-31,Ginger,17.25,12.37,0.92,1.3
2025-10-31,Wasabi,12.16,7.38,0.0,3.5
2025-10-31,Tempura Batter,4.4,0.0,1.02,2.0
2025-10-31,Chicken,19.29,13.51,0.79,4.25
2025-10-31,Edamame,15.08,10.49,0.44,2.8
2025-10-31,Cream Cheese,14.55,11.05,0.97,3.75
2025-11-01,Tuna,12.69,10.67,0.24,7.5
2025-11-01,Salmon,15.49,8.85,0.67,6.25
2025-11-01,Rice,12.77,12.76,2.08,1.8
2025-11-01,Nori,9.2,8.55,0.0,0.45
2025-11-01,Avocado,12.16,8.43,0.04,2.2
2025-11-01,Cucumber,21.43,16.55,0.74,1.4
2025-11-01,Soy Sauce,6.75,5.38,0.83,1.1
2025-11-01,Ginger,8.06,7.16,1.32,1.3
2025-11-01,Wasabi,15.87,12.62,1.06,3.5
2025-11-01,Tempura Batter,14.23,11.34,1.03,2.0
2025-11-01,Chicken,19.23,15.24,1.53,4.25
2025-11-01,Edamame,12.4,12.1,1.34,2.8
2025-11-01,Cream Cheese,12.48,11.02,1.16,3.75
2025-11-02,Tuna,13.93,13.48,1.14,7.5
2025-11-02,Salmon,23.14,19.5,0.67,6.25
2025-11-02,Rice,12.43,5.32,0.54,1.8
2025-11-02,Nori,9.59,6.37,1.3,0.45
2025-11-02,Avocado,18.6,16.94,0.75,2.2
2025-11-02,Cucumber,16.95,12.0,1.1,1.4
2025-11-02,Soy Sauce,17.91,13.08,0.12,1.1
2025-11-02,Ginger,17.13,13.68,0.77,1.3
2025-11-02,Wasabi,14.27,11.0,0.51,3.5
2025-11-02,Tempura Batter,28.63,22.91,1.35,2.0
2025-11-02,Chicken,10.97,9.88,0.69,4.25
2025-11-02,Edamame,12.56,12.46,1.04,2.8
2025-11-02,Cream Cheese,14.86,16.33,0.35,3.75
2025-11-03,Tuna,20.66,16.91,0.37,7.5
2025-11-03,Salmon,16.75,14.94,0.68,6.25
2025-11-03,Rice,10.48,7.44,1.31,1.8
2025-11-03,Nori,14.38,10.09,0.78,0.45
2025-11-03,Avocado,18.39,16.32,1.58,2.2
2025-11-03,Cucumber,18.21,14.73,0.94,1.4
2025-11-03,Soy Sauce,12.08,10.14,0.93,1.1
2025-11-03,Ginger,9.0,7.21,0.33,1.3
2025-11-03,Wasabi,18.46,14.29,1.43,3.5
2025-11-03,Tempura Batter,12.05,10.66,0.07,2.0
2025-11-03,Chicken,18.88,13.08,0.76,4.25
2025-11-03,Edamame,15.09,12.11,0.93,2.8
2025-11-03,Cream Cheese,22.83,15.99,1.05,3.75
2025-11-04,Tuna,16.78,14.26,0.75,7.5
2025-11-04,Salmon,13.78,11.51,0.86,6.25
2025-11-04,Rice,17.63,14.5,0.66,1.8
2025-11-04,Nori,13.58,12.5,1.2,0.45
2025-11-04,Avocado,11.04,10.35,1.03,2.2
2025-11-04,Cucumber,15.33,14.05,1.11,1.4
2025-11-04,Soy Sauce,21.49,14.54,0.68,1.1
2025-11-04,Ginger,13.57,11.78,1.05,1.3
2025-11-04,Wasabi,16.96,11.98,0.58,3.5
2025-11-04,Tempura Batter,16.41,13.89,0.0,2.0
2025-11-04,Chicken,14.02,14.51,0.72,4.25
2025-11-04,Edamame,14.41,11.42,0.82,2.8
2025-11-04,Cream Cheese,15.88,12.15,0.75,3.75
2025-11-05,Tuna,24.78,22.46,0.19,7.5
2025-11-05,Salmon,10.68,6.36,0.0,6.25
2025-11-05,Rice,7.45,7.16,1.03,1.8
2025-11-05,Nori,18.43,17.32,1.01,0.45
2025-11-05,Avocado,2.96,1.45,1.1,2.2
2025-11-05,Cucumber,15.74,10.75,0.0,1.4
2025-11-05,Soy Sauce,12.97,9.06,1.02,1.1
2025-11-05,Ginger,17.48,14.07,0.23,1.3
2025-11-05,Wasabi,16.52,8.88,0.17,3.5
2025-11-05,Tempura Batter,10.7,6.34,0.27,2.0
2025-11-05,Chicken,27.64,19.17,0.68,4.25
2025-11-05,Edamame,12.59,13.24,1.32,2.8
2025-11-05,Cream Cheese,3.37,3.05,0.86,3.75
2025-11-06,Tuna,14.22,14.19,0.53,7.5
2025-11-06,Salmon,7.72,5.35,0.4,6.25
2025-11-06,Rice,13.76,9.46,0.94,1.8
2025-11-06,Nori,16.99,14.24,1.16,0.45
2025-11-06,Avocado,13.88,11.86,1.09,2.2
2025-11-06,Cucumber,12.65,10.31,1.33,1.4
2025-11-06,Soy Sauce,18.3,15.9,1.24,1.1
2025-11-06,Ginger,9.3,6.89,0.42,1.3
2025-11-06,Wasabi,16.46,11.99,1.08,3.5
2025-11-06,Tempura Batter,16.95,13.68,0.72,2.0
2025-11-06,Chicken,16.71,16.8,0.47,4.25
2025-11-06,Edamame,19.7,13.65,0.63,2.8
2025-11-06,Cream Cheese,11.38,10.96,0.53,3.75
2025-11-07,Tuna,20.99,14.83,0.65,7.5
2025-11-07,Salmon,11.94,8.8,0.0,6.25
2025-11-07,Rice,17.48,16.94,0.96,1.8
2025-11-07,Nori,17.45,13.2,0.93,0.45
2025-11-07,Avocado,15.87,12.01,1.22,2.2
2025-11-07,Cucumber,19.98,19.19,0.0,1.4
2025-11-07,Soy Sauce,5.19,5.81,0.2,1.1
2025-11-07,Ginger,8.86,6.69,1.23,1.3
2025-11-07,Wasabi,16.26,14.51,0.53,3.5
2025-11-07,Tempura Batter,24.23,20.04,0.89,2.0
2025-11-07,Chicken,14.91,12.49,1.8,4.25
2025-11-07,Edamame,14.54,11.24,0.0,2.8
2025-11-07,Cream Cheese,11.35,9.45,1.04,3.75
2025-11-08,Tuna,12.0,8.9,0.5,7.5
2025-11-08,Salmon,8.31,7.6,0.71,6.25
2025-11-08,Rice,15.02,12.41,0.38,1.8
2025-11-08,Nori,13.8,11.45,0.28,0.45
2025-11-08,Avocado,18.95,12.33,0.73,2.2
2025-11-08,Cucumber,12.09,6.16,1.43,1.4
2025-11-08,Soy Sauce,20.65,17.73,0.41,1.1
2025-11-08,Ginger,13.71,8.43,1.6,1.3
2025-11-08,Wasabi,6.28,8.32,0.79,3.5
2025-11-08,Tempura Batter,9.97,8.38,0.68,2.0
2025-11-08,Chicken,15.08,13.64,0.87,4.25
2025-11-08,Edamame,9.88,11.5,1.07,2.8
2025-11-08,Cream Cheese,10.67,10.2,0.44,3.75
2025-11-09,Tuna,15.9,12.81,1.12,7.5
2025-11-09,Salmon,14.4,13.75,0.0,6.25
2025-11-09,Rice,16.75,12.48,0.7,1.8
2025-11-09,Nori,15.64,14.64,0.63,0.45
2025-11-09,Avocado,12.71,8.32,0.34,2.2
2025-11-09,Cucumber,22.24,20.24,1.2,1.4
2025-11-09,Soy Sauce,15.72,10.04,1.45,1.1
2025-11-09,Ginger,14.25,10.7,1.44,1.3
2025-11-09,Wasabi,14.38,13.22,0.84,3.5
2025-11-09,Tempura Batter,12.31,9.01,0.41,2.0
2025-11-09,Chicken,12.91,13.49,0.24,4.25
2025-11-09,Edamame,11.51,8.83,0.04,2.8
2025-11-09,Cream Cheese,13.02,8.47,1.25,3.75
2025-11-10,Tuna,3.69,1.87,1.44,7.5
2025-11-10,Salmon,17.36,13.54,1.08,6.25
2025-11-10,Rice,11.59,8.16,1.04,1.8
2025-11-10,Nori,14.64,12.43,0.78,0.45
2025-11-10,Avocado,11.67,7.44,0.08,2.2
2025-11-10,Cucumber,13.1,8.73,0.95,1.4
2025-11-10,Soy Sauce,9.64,10.06,0.78,1.1
2025-11-10,Ginger,13.44,9.48,0.54,1.3
2025-11-10,Wasabi,5.23,5.0,0.59,3.5
2025-11-10,Tempura Batter,13.11,12.44,0.42,2.0
2025-11-10,Chicken,20.39,15.17,0.94,4.25
2025-11-10,Edamame,12.62,10.86,1.07,2.8
2025-11-10,Cream Cheese,15.57,10.73,1.29,3.75
2025-11-11,Tuna,15.65,13.64,0.59,7.5
2025-11-11,Salmon,8.32,5.43,0.76,6.25
2025-11-11,Rice,14.22,6.49,1.08,1.8
2025-11-11,Nori,15.75,8.64,0.55,0.45
2025-11-11,Avocado,18.5,15.32,0.57,2.2
2025-11-11,Cucumber,16.53,10.65,1.24,1.4
2025-11-11,Soy Sauce,10.41,11.51,0.95,1.1
2025-11-11,Ginger,11.09,7.01,0.44,1.3
2025-11-11,Wasabi,11.29,9.56,1.31,3.5
2025-11-11,Tempura Batter,9.41,4.93,0.97,2.0
2025-11-11,Chicken,13.81,11.71,1.04,4.25
2025-11-11,Edamame,12.34,10.24,0.83,2.8
2025-11-11,Cream Cheese,18.85,18.88,1.05,3.75
2025-11-12,Tuna,13.99,11.43,0.04,7.5
2025-11-12,Salmon,8.66,4.98,0.17,6.25
2025-11-12,Rice,17.03,16.07,1.08,1.8
2025-11-12,Nori,11.45,9.7,0.34,0.45
2025-11-12,Avocado,18.18,13.75,0.64,2.2
2025-11-12,Cucumber,17.39,14.36,0.13,1.4
2025-11-12,Soy Sauce,15.91,13.51,0.0,1.1
2025-11-12,Ginger,10.05,10.44,0.18,1.3
2025-11-12,Wasabi,13.85,11.0,0.38,3.5
2025-11-12,Tempura Batter,16.88,14.11,0.59,2.0
2025-11-12,Chicken,17.58,12.17,0.0,4.25
2025-11-12,Edamame,18.96,17.2,0.41,2.8
2025-11-12,Cream Cheese,11.62,10.39,0.28,3.75
2025-11-13,Tuna,18.71,15.39,0.0,7.5
2025-11-13,Salmon,18.75,14.7,0.06,6.25
2025-11-13,Rice,16.96,12.72,0.0,1.8
2025-11-13,Nori,14.79,13.14,1.07,0.45
2025-11-13,Avocado,13.35,8.27,0.68,2.2
2025-11-13,Cucumber,11.1,9.54,1.24,1.4
2025-11-13,Soy Sauce,14.23,9.11,0.91,1.1
2025-11-13,Ginger,9.51,6.46,0.82,1.3
2025-11-13,Wasabi,9.34,6.33,1.07,3.5
2025-11-13,Tempura Batter,21.68,16.51,1.99,2.0
2025-11-13,Chicken,16.11,12.0,0.5,4.25
2025-11-13,Edamame,20.76,19.54,1.72,2.8
2025-11-13,Cream Cheese,20.27,18.84,1.32,3.75
2025-11-14,Tuna,16.0,13.83,0.73,7.5
2025-11-14,Salmon,16.78,13.06,1.55,6.25
2025-11-14,Rice,15.75,14.28,1.17,1.8
2025-11-14,Nori,7.24,5.01,0.65,0.45
2025-11-14,Avocado,21.17,14.63,0.91,2.2
2025-11-14,Cucumber,12.16,10.55,1.22,1.4
2025-11-14,Soy Sauce,13.21,11.22,1.28,1.1
2025-11-14,Ginger,17.76,16.68,0.05,1.3
2025-11-14,Wasabi,12.33,11.61,0.16,3.5
2025-11-14,Tempura Batter,12.93,7.84,1.13,2.0
2025-11-14,Chicken,23.55,21.83,1.46,4.25
2025-11-14,Edamame,15.86,13.97,0.73,2.8
2025-11-14,Cream Cheese,13.27,9.76,1.29,3.75
2025-11-15,Tuna,15.22,10.53,1.44,7.5
2025-11-15,Salmon,18.63,17.98,0.78,6.25
2025-11-15,Rice,15.66,14.84,0.15,1.8
2025-11-15,Nori,14.07,11.89,0.71,0.45
2025-11-15,Avocado,17.43,10.11,0.57,2.2
2025-11-15,Cucumber,18.38,14.34,0.0,1.4
2025-11-15,Soy Sauce,22.12,17.86,0.88,1.1
2025-11-15,Ginger,19.13,16.23,1.24,1.3
2025-11-15,Wasabi,9.13,4.5,0.89,3.5
2025-11-15,Tempura Batter,14.11,12.8,0.69,2.0
2025-11-15,Chicken,11.73,11.01,0.98,4.25
2025-11-15,Edamame,18.45,18.29,1.05,2.8
2025-11-15,Cream Cheese,12.25,10.32,0.84,3.75
2025-11-16,Tuna,15.73,12.36,0.23,7.5
2025-11-16,Salmon,19.52,16.36,1.1,6.25
2025-11-16,Rice,16.02,16.86,1.12,1.8
2025-11-16,Nori,16.38,11.34,0.4,0.45
2025-11-16,Avocado,16.63,15.74,1.0,2.2
2025-11-16,Cucumber,15.83,13.14,0.28,1.4
2025-11-16,Soy Sauce,15.37,10.53,1.54,1.1
2025-11-16,Ginger,23.87,19.82,0.93,1.3
2025-11-16,Wasabi,20.65,13.8,1.06,3.5
2025-11-16,Tempura Batter,14.8,12.35,0.72,2.0
2025-11-16,Chicken,15.04,13.55,0.49,4.25
2025-11-16,Edamame,13.84,11.74,1.1,2.8
2025-11-16,Cream Cheese,18.22,14.7,1.04,3.75
2025-11-17,Tuna,7.89,12.47,0.36,7.5
2025-11-17,Salmon,16.15,14.83,1.23,6.25
2025-11-17,Rice,18.12,15.65,0.5,1.8
2025-11-17,Nori,14.95,12.04,1.11,0.45
2025-11-17,Avocado,4.17,2.64,0.29,2.2
2025-11-17,Cucumber,3.94,1.93,0.05,1.4
2025-11-17,Soy Sauce,12.47,10.45,1.03,1.1
2025-11-17,Ginger,10.62,11.0,0.97,1.3
2025-11-17,Wasabi,26.83,21.68,1.14,3.5
2025-11-17,Tempura Batter,13.24,11.22,0.52,2.0
2025-11-17,Chicken,13.69,12.96,0.91,4.25
2025-11-17,Edamame,8.92,9.35,0.46,2.8
2025-11-17,Cream Cheese,20.28,17.0,0.0,3.75
2025-11-18,Tuna,14.11,9.31,0.65,7.5
2025-11-18,Salmon,16.3,14.1,0.89,6.25
2025-11-18,Rice,13.85,12.14,1.09,1.8
2025-11-18,Nori,21.9,18.13,0.85,0.45
2025-11-18,Avocado,13.5,8.63,0.54,2.2
2025-11-18,Cucumber,18.77,14.24,1.29,1.4
2025-11-18,Soy Sauce,20.96,16.02,0.17,1.1
2025-11-18,Ginger,8.82,8.56,0.08,1.3
2025-11-18,Wasabi,19.13,18.1,0.24,3.5
2025-11-18,Tempura Batter,13.28,11.78,1.93,2.0
2025-11-18,Chicken,14.8,10.91,0.41,4.25
2025-11-18,Edamame,6.89,5.35,0.44,2.8
2025-11-18,Cream Cheese,8.9,9.1,0.87,3.75
2025-11-19,Tuna,10.57,10.65,0.85,7.5
2025-11-19,Salmon,20.44,15.05,0.0,6.25
2025-11-19,Rice,9.33,9.08,0.47,1.8
2025-11-19,Nori,19.1,17.55,0.56,0.45
2025-11-19,Avocado,14.94,8.68,0.0,2.2
2025-11-19,Cucumber,11.04,9.77,0.0,1.4
2025-11-19,Soy Sauce,15.8,16.41,0.57,1.1
2025-11-19,Ginger,13.18,11.69,0.0,1.3
2025-11-19,Wasabi,12.8,11.33,1.2,3.5
2025-11-19,Tempura Batter,20.95,14.06,0.85,2.0
2025-11-19,Chicken,16.64,14.36,1.66,4.25
2025-11-19,Edamame,14.84,12.04,1.07,2.8
2025-11-19,Cream Cheese,11.42,9.42,1.07,3.75
2025-11-20,Tuna,19.12,14.93,0.76,7.5
2025-11-20,Salmon,18.0,13.08,0.25,6.25
2025-11-20,Rice,9.18,12.01,1.17,1.8
2025-11-20,Nori,10.36,8.87,0.74,0.45
2025-11-20,Avocado,22.26,14.48,0.02,2.2
2025-11-20,Cucumber,12.06,8.6,0.44,1.4
2025-11-20,Soy Sauce,18.01,15.34,1.24,1.1
2025-11-20,Ginger,15.1,11.01,0.32,1.3
2025-11-20,Wasabi,19.35,19.75,0.45,3.5
2025-11-20,Tempura Batter,10.92,6.32,1.07,2.0
2025-11-20,Chicken,12.12,7.13,0.45,4.25
2025-11-20,Edamame,17.79,13.55,0.68,2.8
2025-11-20,Cream Cheese,18.35,15.64,0.97,3.75
2025-11-21,Tuna,10.17,10.9,0.74,7.5
2025-11-21,Salmon,14.29,8.51,0.12,6.25
2025-11-21,Rice,19.54,16.9,1.0,1.8
2025-11-21,Nori,8.86,6.48,0.47,0.45
2025-11-21,Avocado,22.03,20.41,1.38,2.2
2025-11-21,Cucumber,21.95,16.67,0.5,1.4
2025-11-21,Soy Sauce,26.24,19.22,0.98,1.1
2025-11-21,Ginger,11.42,10.14,1.04,1.3
2025-11-21,Wasabi,15.63,12.26,0.13,3.5
2025-11-21,Tempura Batter,17.42,12.13,1.21,2.0
2025-11-21,Chicken,13.13,10.34,0.07,4.25
2025-11-21,Edamame,11.66,9.34,1.12,2.8
2025-11-21,Cream Cheese,10.1,9.17,1.18,3.75
2025-11-22,Tuna,11.63,10.31,1.21,7.5
2025-11-22,Salmon,16.42,13.84,0.62,6.25
2025-11-22,Rice,17.6,13.52,0.9,1.8
2025-11-22,Nori,14.27,12.48,0.53,0.45
2025-11-22,Avocado,12.39,11.31,0.26,2.2
2025-11-22,Cucumber,16.62,11.64,0.0,1.4
2025-11-22,Soy Sauce,13.98,10.43,1.34,1.1
2025-11-22,Ginger,21.68,19.2,1.79,1.3
2025-11-22,Wasabi,18.45,13.82,0.27,3.5
2025-11-22,Tempura Batter,18.61,13.81,0.46,2.0
2025-11-22,Chicken,4.88,1.58,0.69,4.25
2025-11-22,Edamame,19.3,17.38,0.45,2.8
2025-11-22,Cream Cheese,9.05,7.31,2.13,3.75
2025-11-23,Tuna,5.98,5.65,0.77,7.5
2025-11-23,Salmon,24.38,19.9,1.58,6.25
2025-11-23,Rice,10.68,10.46,0.58,1.8
2025-11-23,Nori,14.52,11.5,0.69,0.45
2025-11-23,Avocado,15.94,14.36,0.34,2.2
2025-11-23,Cucumber,10.59,7.18,0.85,1.4
2025-11-23,Soy Sauce,22.46,16.37,0.2,1.1
2025-11-23,Ginger,14.68,12.09,0.03,1.3
2025-11-23,Wasabi,16.02,9.89,0.48,3.5
2025-11-23,Tempura Batter,11.7,8.8,1.26,2.0
2025-11-23,Chicken,14.04,10.78,0.0,4.25
2025-11-23,Edamame,17.73,14.29,1.24,2.8
2025-11-23,Cream Cheese,6.92,4.53,1.28,3.75
2025-11-24,Tuna,12.87,9.77,0.6,7.5
2025-11-24,Salmon,15.79,10.46,0.09,6.25
2025-11-24,Rice,15.3,11.8,1.27,1.8
2025-11-24,Nori,16.45,11.51,0.77,0.45
2025-11-24,Avocado,15.64,12.48,1.13,2.2
2025-11-24,Cucumber,14.94,14.17,0.91,1.4
2025-11-24,Soy Sauce,20.09,14.16,0.3,1.1
2025-11-24,Ginger,16.46,14.15,0.9,1.3
2025-11-24,Wasabi,10.68,7.71,0.96,3.5
2025-11-24,Tempura Batter,14.02,8.12,0.03,2.0
2025-11-24,Chicken,12.29,14.15,0.67,4.25
2025-11-24,Edamame,18.34,13.92,0.75,2.8
2025-11-24,Cream Cheese,15.17,11.03,1.28,3.75
2025-11-25,Tuna,17.94,17.52,0.7,7.5
2025-11-25,Salmon,3.49,3.23,0.45,6.25
2025-11-25,Rice,17.5,15.46,0.66,1.8
2025-11-25,Nori,14.86,13.2,0.0,0.45
2025-11-25,Avocado,11.77,9.02,1.03,2.2
2025-11-25,Cucumber,15.08,11.17,1.26,1.4
2025-11-25,Soy Sauce,19.83,16.48,0.23,1.1
2025-11-25,Ginger,7.72,7.02,0.26,1.3
2025-11-25,Wasabi,19.17,12.4,0.91,3.5
2025-11-25,Tempura Batter,16.59,11.66,0.39,2.0
2025-11-25,Chicken,21.1,16.17,0.83,4.25
2025-11-25,Edamame,25.61,20.37,0.82,2.8
2025-11-25,Cream Cheese,13.56,11.43,0.73,3.75
2025-11-26,Tuna,13.95,11.59,0.69,7.5
2025-11-26,Salmon,9.09,7.23,0.0,6.25
2025-11-26,Rice,16.82,13.66,0.74,1.8
2025-11-26,Nori,16.82,15.54,0.44,0.45
2025-11-26,Avocado,11.12,6.08,1.1,2.2
2025-11-26,Cucumber,23.48,17.32,0.59,1.4
2025-11-26,Soy Sauce,8.56,9.16,0.25,1.1
2025-11-26,Ginger,9.58,10.7,0.26,1.3
2025-11-26,Wasabi,16.46,11.67,0.44,3.5
2025-11-26,Tempura Batter,19.24,12.51,0.0,2.0
2025-11-26,Chicken,20.11,16.34,1.43,4.25
2025-11-26,Edamame,17.54,15.87,0.8,2.8
2025-11-26,Cream Cheese,8.11,6.16,0.81,3.75
2025-11-27,Tuna,17.79,13.21,1.59,7.5
2025-11-27,Salmon,15.55,10.26,0.93,6.25
2025-11-27,Rice,9.47,6.77,0.86,1.8
2025-11-27,Nori,9.57,8.65,0.26,0.45
2025-11-27,Avocado,11.1,9.83,1.42,2.2
2025-11-27,Cucumber,5.42,2.2,1.06,1.4
2025-11-27,Soy Sauce,10.68,8.15,0.63,1.1
2025-11-27,Ginger,16.02,11.69,1.09,1.3
2025-11-27,Wasabi,9.59,9.6,0.88,3.5
2025-11-27,Tempura Batter,11.32,9.37,0.91,2.0
2025-11-27,Chicken,13.87,10.26,2.06,4.25
2025-11-27,Edamame,20.43,14.74,1.06,2.8
2025-11-27,Cream Cheese,16.36,12.31,1.04,3.75
2025-11-28,Tuna,18.57,15.45,0.15,7.5
2025-11-28,Salmon,10.05,6.13,0.24,6.25
2025-11-28,Rice,20.42,14.75,0.69,1.8
2025-11-28,Nori,20.36,16.85,0.81,0.45
2025-11-28,Avocado,13.63,12.29,0.32,2.2
2025-11-28,Cucumber,6.96,5.42,1.87,1.4
2025-11-28,Soy Sauce,6.67,6.03,0.4,1.1
2025-11-28,Ginger,12.5,8.97,0.49,1.3
2025-11-28,Wasabi,12.51,11.21,0.56,3.5
2025-11-28,Tempura Batter,14.49,11.76,1.79,2.0
2025-11-28,Chicken,14.47,11.89,0.0,4.25
2025-11-28,Edamame,12.01,12.96,1.08,2.8
2025-11-28,Cream Cheese,17.17,12.57,0.48,3.75
2025-11-29,Tuna,16.46,12.11,0.34,7.5
2025-11-29,Salmon,18.57,14.44,0.73,6.25
2025-11-29,Rice,22.35,18.31,0.0,1.8
2025-11-29,Nori,17.64,15.95,1.2,0.45
2025-11-29,Avocado,10.9,13.18,1.1,2.2
2025-11-29,Cucumber,13.19,11.11,0.59,1.4
2025-11-29,Soy Sauce,16.31,15.16,1.36,1.1
2025-11-29,Ginger,9.51,5.92,1.19,1.3
2025-11-29,Wasabi,18.36,14.99,0.7,3.5
2025-11-29,Tempura Batter,10.36,9.8,0.46,2.0
2025-11-29,Chicken,8.9,8.15,1.7,4.25
2025-11-29,Edamame,10.37,5.12,0.18,2.8
2025-11-29,Cream Cheese,8.83,7.91,0.24,3.75
2025-11-30,Tuna,19.87,15.69,0.68,7.5
2025-11-30,Salmon,25.8,22.83,0.83,6.25
2025-11-30,Rice,10.65,9.26,0.53,1.8
2025-11-30,Nori,19.55,15.41,1.45,0.45
2025-11-30,Avocado,13.31,9.13,0.95,2.2
2025-11-30,Cucumber,15.01,13.74,0.28,1.4
2025-11-30,Soy Sauce,18.9,14.16,0.49,1.1
2025-11-30,Ginger,19.83,14.44,0.62,1.3
2025-11-30,Wasabi,6.62,6.24,0.46,3.5
2025-11-30,Tempura Batter,13.14,10.22,0.79,2.0
2025-11-30,Chicken,15.27,10.91,0.42,4.25
2025-11-30,Edamame,21.94,17.06,1.23,2.8
2025-11-30,Cream Cheese,12.13,9.36,1.16,3.75
2025-12-01,Tuna,12.8,11.2,0.43,7.5
2025-12-01,Salmon,9.92,9.24,2.24,6.25
2025-12-01,Rice,5.23,4.19,1.1,1.8
2025-12-01,Nori,11.57,9.27,1.0,0.45
2025-12-01,Avocado,18.58,16.13,0.0,2.2
2025-12-01,Cucumber,7.0,5.21,1.05,1.4
2025-12-01,Soy Sauce,20.96,19.89,0.23,1.1
2025-12-01,Ginger,16.47,13.37,0.44,1.3
2025-12-01,Wasabi,9.11,7.13,1.06,3.5
2025-12-01,Tempura Batter,16.01,10.67,0.73,2.0
2025-12-01,Chicken,17.96,14.41,0.6,4.25
2025-12-01,Edamame,15.9,15.33,0.52,2.8
2025-12-01,Cream Cheese,14.11,10.34,1.12,3.75
2025-12-02,Tuna,9.83,8.74,0.84,7.5
2025-12-02,Salmon,10.87,5.85,0.69,6.25
2025-12-02,Rice,7.94,7.32,0.96,1.8
2025-12-02,Nori,14.61,13.14,0.74,0.45
2025-12-02,Avocado,9.97,7.48,1.54,2.2
2025-12-02,Cucumber,23.1,20.52,1.02,1.4
2025-12-02,Soy Sauce,13.13,13.57,0.23,1.1
2025-12-02,Ginger,6.64,2.74,1.77,1.3
2025-12-02,Wasabi,19.35,16.26,0.75,3.5
2025-12-02,Tempura Batter,15.71,10.59,0.91,2.0
2025-12-02,Chicken,13.04,12.25,1.1,4.25
2025-12-02,Edamame,15.19,11.4,1.3,2.8
2025-12-02,Cream Cheese,7.87,5.46,0.58,3.75
2025-12-03,Tuna,10.65,9.88,0.44,7.5
2025-12-03,Salmon,12.26,7.61,0.99,6.25
2025-12-03,Rice,12.38,13.23,1.77,1.8
2025-12-03,Nori,16.86,10.37,1.17,0.45
2025-12-03,Avocado,18.16,11.07,1.08,2.2
2025-12-03,Cucumber,13.3,11.09,1.32,1.4
2025-12-03,Soy Sauce,12.1,9.85,0.5,1.1
2025-12-03,Ginger,10.59,8.98,1.69,1.3
2025-12-03,Wasabi,19.5,16.03,0.53,3.5
2025-12-03,Tempura Batter,12.06,9.79,1.69,2.0
2025-12-03,Chicken,17.66,13.16,0.9,4.25
2025-12-03,Edamame,11.66,8.46,0.26,2.8
2025-12-03,Cream Cheese,18.28,16.78,0.51,3.75
2025-12-04,Tuna,16.86,15.25,0.69,7.5
2025-12-04,Salmon,3.8,1.45,1.1,6.25
2025-12-04,Rice,13.61,9.49,0.79,1.8
2025-12-04,Nori,17.88,16.35,0.68,0.45
2025-12-04,Avocado,8.94,6.12,0.59,2.2
2025-12-04,Cucumber,17.59,15.84,0.59,1.4
2025-12-04,Soy Sauce,12.35,9.3,1.79,1.1
2025-12-04,Ginger,2.9,0.0,1.39,1.3
2025-12-04,Wasabi,14.0,9.94,1.39,3.5
2025-12-04,Tempura Batter,12.59,10.9,1.27,2.0
2025-12-04,Chicken,16.86,13.98,1.11,4.25
2025-12-04,Edamame,18.74,15.84,0.95,2.8
2025-12-04,Cream Cheese,16.17,14.09,1.39,3.75
2025-12-05,Tuna,10.61,7.88,1.18,7.5
2025-12-05,Salmon,12.52,7.77,0.9,6.25
2025-12-05,Rice,21.53,17.3,0.72,1.8
2025-12-05,Nori,16.46,12.93,1.81,0.45
2025-12-05,Avocado,15.06,12.34,0.7,2.2
2025-12-05,Cucumber,13.49,12.76,0.61,1.4
2025-12-05,Soy Sauce,9.19,7.95,1.2,1.1
2025-12-05,Ginger,13.62,12.11,0.72,1.3
2025-12-05,Wasabi,14.12,11.02,0.05,3.5
2025-12-05,Tempura Batter,7.75,7.63,0.35,2.0
2025-12-05,Chicken,10.04,9.11,1.18,4.25
2025-12-05,Edamame,24.01,19.36,0.52,2.8
2025-12-05,Cream Cheese,15.71,12.84,0.5,3.75
2025-12-06,Tuna,24.31,17.3,0.06,7.5
2025-12-06,Salmon,19.58,17.76,0.67,6.25
2025-12-06,Rice,19.23,13.13,0.94,1.8
2025-12-06,Nori,18.36,13.65,1.31,0.45
2025-12-06,Avocado,19.08,14.04,0.5,2.2
2025-12-06,Cucumber,11.71,5.06,0.28,1.4
2025-12-06,Soy Sauce,12.2,9.86,0.55,1.1
2025-12-06,Ginger,13.02,9.1,1.04,1.3
2025-12-06,Wasabi,18.59,14.48,0.59,3.5
2025-12-06,Tempura Batter,15.57,10.33,0.54,2.0
2025-12-06,Chicken,14.69,9.83,0.79,4.25
2025-12-06,Edamame,11.99,9.98,1.36,2.8
2025-12-06,Cream Cheese,17.82,14.34,0.22,3.75
2025-12-07,Tuna,15.54,12.96,0.34,7.5
2025-12-07,Salmon,13.99,9.59,1.42,6.25
2025-12-07,Rice,8.91,7.77,1.15,1.8
2025-12-07,Nori,14.47,10.36,0.59,0.45
2025-12-07,Avocado,14.56,14.31,1.07,2.2
2025-12-07,Cucumber,8.45,3.6,0.78,1.4
2025-12-07,Soy Sauce,17.24,13.76,0.0,1.1
2025-12-07,Ginger,21.14,17.47,1.18,1.3
2025-12-07,Wasabi,12.28,8.8,0.15,3.5
2025-12-07,Tempura Batter,13.72,12.6,3.3,2.0
2025-12-07,Chicken,20.08,14.42,0.68,4.25
2025-12-07,Edamame,18.41,13.6,0.26,2.8
2025-12-07,Cream Cheese,14.25,9.31,0.69,3.75
2025-12-08,Tuna,10.75,9.01,0.19,7.5
2025-12-08,Salmon,3.77,4.16,0.82,6.25
2025-12-08,Rice,22.72,14.69,0.78,1.8
2025-12-08,Nori,9.82,6.88,1.15,0.45
2025-12-08,Avocado,20.99,16.12,1.09,2.2
2025-12-08,Cucumber,16.85,12.38,0.21,1.4
2025-12-08,Soy Sauce,11.15,3.97,0.78,1.1
2025-12-08,Ginger,11.53,14.14,1.57,1.3
2025-12-08,Wasabi,16.49,16.62,0.64,3.5
2025-12-08,Tempura Batter,13.54,13.06,1.04,2.0
2025-12-08,Chicken,19.83,16.18,0.02,4.25
2025-12-08,Edamame,10.61,7.85,0.68,2.8
2025-12-08,Cream Cheese,13.55,11.08,0.0,3.75
2025-12-09,Tuna,19.48,15.22,0.0,7.5
2025-12-09,Salmon,16.15,13.72,0.5,6.25
2025-12-09,Rice,14.02,7.93,0.79,1.8
2025-12-09,Nori,8.3,5.36,0.0,0.45
2025-12-09,Avocado,16.28,12.99,0.53,2.2
2025-12-09,Cucumber,12.37,8.24,0.76,1.4
2025-12-09,Soy Sauce,9.64,4.23,0.33,1.1
2025-12-09,Ginger,12.44,6.73,0.0,1.3
2025-12-09,Wasabi,10.81,10.32,0.35,3.5
2025-12-09,Tempura Batter,15.68,10.25,1.45,2.0
2025-12-09,Chicken,16.96,12.66,0.7,4.25
2025-12-09,Edamame,8.51,8.51,0.96,2.8
2025-12-09,Cream Cheese,17.58,15.6,1.39,3.75
2025-12-10,Tuna,13.63,10.46,0.69,7.5
2025-12-10,Salmon,20.93,16.95,0.77,6.25
2025-12-10,Rice,12.93,12.31,0.0,1.8
2025-12-10,Nori,12.49,9.87,1.07,0.45
2025-12-10,Avocado,13.41,11.35,0.0,2.2
2025-12-10,Cucumber,17.53,14.11,1.21,1.4
2025-12-10,Soy Sauce,17.4,12.11,0.52,1.1
2025-12-10,Ginger,15.32,11.84,1.13,1.3
2025-12-10,Wasabi,17.62,13.67,0.93,3.5
2025-12-10,Tempura Batter,16.03,11.23,0.0,2.0
2025-12-10,Chicken,15.67,9.48,0.46,4.25
2025-12-10,Edamame,17.46,11.69,0.74,2.8
2025-12-10,Cream Cheese,14.06,8.66,0.66,3.75
2025-12-11,Tuna,10.16,11.12,0.74,7.5
2025-12-11,Salmon,16.87,14.73,0.16,6.25
2025-12-11,Rice,11.85,10.08,0.67,1.8
2025-12-11,Nori,16.26,9.93,0.95,0.45
2025-12-11,Avocado,8.18,5.04,0.78,2.2
2025-12-11,Cucumber,19.47,16.78,0.71,1.4
2025-12-11,Soy Sauce,20.31,19.45,1.2,1.1
2025-12-11,Ginger,14.25,12.26,0.0,1.3
2025-12-11,Wasabi,21.36,17.43,1.1,3.5
2025-12-11,Tempura Batter,19.24,15.56,0.27,2.0
2025-12-11,Chicken,11.79,5.71,0.9,4.25
2025-12-11,Edamame,18.93,12.32,0.27,2.8
2025-12-11,Cream Cheese,1.28,1.91,0.53,3.75
2025-12-12,Tuna,18.25,12.47,1.22,7.5
2025-12-12,Salmon,10.35,1.75,0.59,6.25
2025-12-12,Rice,21.0,16.91,0.8,1.8
2025-12-12,Nori,11.83,11.05,0.16,0.45
2025-12-12,Avocado,11.56,11.34,1.62,2.2
2025-12-12,Cucumber,19.57,12.39,0.58,1.4
2025-12-12,Soy Sauce,13.82,9.64,0.67,1.1
2025-12-12,Ginger,21.77,15.89,1.35,1.3
2025-12-12,Wasabi,22.09,17.46,0.53,3.5
2025-12-12,Tempura Batter,20.95,16.56,0.49,2.0
2025-12-12,Chicken,12.85,10.04,1.36,4.25
2025-12-12,Edamame,15.46,12.47,0.72,2.8
2025-12-12,Cream Cheese,11.26,10.59,1.2,3.75
2025-12-13,Tuna,11.07,7.93,0.6,7.5
2025-12-13,Salmon,17.38,15.07,0.3,6.25
2025-12-13,Rice,17.31,15.96,0.88,1.8
2025-12-13,Nori,18.63,17.1,0.75,0.45
2025-12-13,Avocado,13.54,10.28,0.77,2.2
2025-12-13,Cucumber,17.44,15.68,1.44,1.4
2025-12-13,Soy Sauce,21.93,18.42,0.4,1.1
2025-12-13,Ginger,14.59,11.84,1.69,1.3
2025-12-13,Wasabi,17.35,11.59,0.86,3.5
2025-12-13,Tempura Batter,14.47,12.18,0.67,2.0
2025-12-13,Chicken,17.1,15.56,1.28,4.25
2025-12-13,Edamame,19.58,17.76,1.4,2.8
2025-12-13,Cream Cheese,20.93,16.19,0.48,3.75
2025-12-14,Tuna,14.28,11.52,1.85,7.5
2025-12-14,Salmon,14.59,11.96,0.23,6.25
2025-12-14,Rice,9.74,8.11,0.98,1.8
2025-12-14,Nori,7.97,6.3,0.0,0.45
2025-12-14,Avocado,20.82,17.61,0.96,2.2
2025-12-14,Cucumber,12.96,7.64,1.55,1.4
2025-12-14,Soy Sauce,14.31,12.27,1.08,1.1
2025-12-14,Ginger,19.68,14.94,1.13,1.3
2025-12-14,Wasabi,17.47,15.86,1.26,3.5
2025-12-14,Tempura Batter,8.16,10.18,0.57,2.0
2025-12-14,Chicken,13.27,9.78,1.22,4.25
2025-12-14,Edamame,19.79,12.77,0.54,2.8
2025-12-14,Cream Cheese,7.61,4.05,0.53,3.75
2025-12-15,Tuna,10.06,7.66,0.41,7.5
2025-12-15,Salmon,15.31,9.26,0.86,6.25
2025-12-15,Rice,17.13,10.94,0.65,1.8
2025-12-15,Nori,7.43,7.08,0.76,0.45
2025-12-15,Avocado,6.09,5.43,0.61,2.2
2025-12-15,Cucumber,22.11,16.53,1.13,1.4
2025-12-15,Soy Sauce,13.84,11.98,0.99,1.1
2025-12-15,Ginger,22.41,19.13,0.57,1.3
2025-12-15,Wasabi,13.84,11.37,1.07,3.5
2025-12-15,Tempura Batter,12.76,8.95,1.08,2.0
2025-12-15,Chicken,14.2,13.38,0.73,4.25
2025-12-15,Edamame,12.75,9.89,0.47,2.8
2025-12-15,Cream Cheese,20.35,16.97,0.0,3.75
2025-12-16,Tuna,12.09,6.68,0.71,7.5
2025-12-16,Salmon,15.7,10.44,0.72,6.25
2025-12-16,Rice,7.96,7.22,1.11,1.8
2025-12-16,Nori,24.8,20.12,0.61,0.45
2025-12-16,Avocado,14.19,11.09,0.0,2.2
2025-12-16,Cucumber,16.26,12.09,1.69,1.4
2025-12-16,Soy Sauce,23.22,16.36,1.64,1.1
2025-12-16,Ginger,20.63,17.58,0.97,1.3
2025-12-16,Wasabi,8.58,5.32,1.08,3.5
2025-12-16,Tempura Batter,10.78,10.87,1.59,2.0
2025-12-16,Chicken,20.07,13.62,1.17,4.25
2025-12-16,Edamame,22.8,17.47,0.46,2.8
2025-12-16,Cream Cheese,12.11,9.96,0.32,3.75
2025-12-17,Tuna,22.15,19.06,1.03,7.5
2025-12-17,Salmon,11.31,6.68,0.6,6.25
2025-12-17,Rice,18.67,17.04,1.47,1.8
2025-12-17,Nori,17.83,15.76,1.51,0.45
2025-12-17,Avocado,20.57,16.6,0.3,2.2
2025-12-17,Cucumber,18.33,15.2,0.82,1.4
2025-12-17,Soy Sauce,15.24,12.3,0.37,1.1
2025-12-17,Ginger,5.5,5.94,0.95,1.3
2025-12-17,Wasabi,6.76,2.3,1.05,3.5
2025-12-17,Tempura Batter,15.84,10.79,0.67,2.0
2025-12-17,Chicken,12.76,13.67,0.0,4.25
2025-12-17,Edamame,14.9,11.06,1.28,2.8
2025-12-17,Cream Cheese,14.78,11.29,1.19,3.75
2025-12-18,Tuna,15.66,11.49,0.24,7.5
2025-12-18,Salmon,7.31,5.37,1.19,6.25
2025-12-18,Rice,13.46,9.16,0.29,1.8
2025-12-18,Nori,13.15,9.67,0.47,0.45
2025-12-18,Avocado,7.79,10.01,1.22,2.2
2025-12-18,Cucumber,12.63,11.53,1.72,1.4
2025-12-18,Soy Sauce,10.81,8.84,0.32,1.1
2025-12-18,Ginger,22.28,16.42,1.47,1.3
2025-12-18,Wasabi,19.1,17.3,1.64,3.5
2025-12-18,Tempura Batter,11.13,11.22,0.59,2.0
2025-12-18,Chicken,15.01,13.3,0.87,4.25
2025-12-18,Edamame,17.97,14.15,1.13,2.8
2025-12-18,Cream Cheese,12.83,11.28,0.06,3.75
2025-12-19,Tuna,13.57,11.65,0.74,7.5
2025-12-19,Salmon,3.68,3.72,1.05,6.25
2025-12-19,Rice,8.08,5.46,0.38,1.8
2025-12-19,Nori,11.59,8.42,0.81,0.45
2025-12-19,Avocado,14.98,14.19,0.36,2.2
2025-12-19,Cucumber,19.04,16.49,0.98,1.4
2025-12-19,Soy Sauce,13.92,10.01,0.0,1.1
2025-12-19,Ginger,18.7,16.61,0.18,1.3
2025-12-19,Wasabi,10.22,7.75,0.74,3.5
2025-12-19,Tempura Batter,13.18,12.56,1.24,2.0
2025-12-19,Chicken,11.75,9.9,0.69,4.25
2025-12-19,Edamame,17.58,14.65,0.53,2.8
2025-12-19,Cream Cheese,16.14,10.71,1.33,3.75
2025-12-20,Tuna,16.76,13.46,1.96,7.5
2025-12-20,Salmon,17.22,13.85,0.7,6.25
2025-12-20,Rice,10.34,13.43,1.31,1.8
2025-12-20,Nori,8.48,6.91,0.1,0.45
2025-12-20,Avocado,11.37,9.05,1.24,2.2
2025-12-20,Cucumber,24.04,17.16,0.85,1.4
2025-12-20,Soy Sauce,15.68,11.12,0.37,1.1
2025-12-20,Ginger,10.4,8.14,0.78,1.3
2025-12-20,Wasabi,8.87,3.73,0.92,3.5
2025-12-20,Tempura Batter,15.05,15.19,0.47,2.0
2025-12-20,Chicken,11.73,9.14,0.78,4.25
2025-12-20,Edamame,18.68,15.48,0.43,2.8
2025-12-20,Cream Cheese,23.22,20.75,0.35,3.75
2025-12-21,Tuna,7.64,4.46,1.15,7.5
2025-12-21,Salmon,11.69,7.44,0.84,6.25
2025-12-21,Rice,9.16,4.91,0.67,1.8
2025-12-21,Nori,12.41,7.5,1.27,0.45
2025-12-21,Avocado,11.0,7.41,0.9,2.2
2025-12-21,Cucumber,13.7,11.73,0.73,1.4
2025-12-21,Soy Sauce,19.57,15.75,0.0,1.1
2025-12-21,Ginger,2.71,3.43,0.12,1.3
2025-12-21,Wasabi,11.07,8.98,0.77,3.5
2025-12-21,Tempura Batter,14.77,11.86,1.37,2.0
2025-12-21,Chicken,8.96,5.29,0.96,4.25
2025-12-21,Edamame,11.02,6.95,0.99,2.8
2025-12-21,Cream Cheese,9.99,11.83,1.28,3.75
2025-12-22,Tuna,16.71,12.91,0.0,7.5
2025-12-22,Salmon,10.01,9.87,1.45,6.25
2025-12-22,Rice,13.54,7.58,1.28,1.8
2025-12-22,Nori,18.16,12.89,0.33,0.45
2025-12-22,Avocado,13.78,8.94,0.33,2.2
2025-12-22,Cucumber,9.05,6.7,0.36,1.4
2025-12-22,Soy Sauce,24.01,19.46,0.51,1.1
2025-12-22,Ginger,11.67,7.99,1.39,1.3
2025-12-22,Wasabi,14.26,13.16,0.08,3.5
2025-12-22,Tempura Batter,14.12,10.49,0.56,2.0
2025-12-22,Chicken,20.09,16.03,0.92,4.25
2025-12-22,Edamame,14.25,14.03,0.55,2.8
2025-12-22,Cream Cheese,11.61,7.84,0.29,3.75
2025-12-23,Tuna,15.0,12.33,1.1,7.5
2025-12-23,Salmon,11.12,7.21,0.27,6.25
2025-12-23,Rice,10.86,8.14,1.4,1.8
2025-12-23,Nori,8.08,8.63,0.33,0.45
2025-12-23,Avocado,17.2,10.46,0.99,2.2
2025-12-23,Cucumber,11.7,8.99,1.59,1.4
2025-12-23,Soy Sauce,13.58,11.04,0.6,1.1
2025-12-23,Ginger,16.73,14.78,1.24,1.3
2025-12-23,Wasabi,20.48,16.25,0.69,3.5
2025-12-23,Tempura Batter,8.96,6.41,0.47,2.0
2025-12-23,Chicken,11.41,8.88,1.04,4.25
2025-12-23,Edamame,9.76,9.51,0.32,2.8
2025-12-23,Cream Cheese,22.86,18.76,0.32,3.75
2025-12-24,Tuna,19.68,17.16,1.94,7.5
2025-12-24,Salmon,17.18,13.05,1.22,6.25
2025-12-24,Rice,20.07,17.94,1.5,1.8
2025-12-24,Nori,11.78,9.5,0.8,0.45
2025-12-24,Avocado,18.02,15.68,1.63,2.2
2025-12-24,Cucumber,20.38,17.31,0.32,1.4
2025-12-24,Soy Sauce,14.81,16.0,1.17,1.1
2025-12-24,Ginger,14.22,8.7,0.11,1.3
2025-12-24,Wasabi,13.23,9.35,1.1,3.5
2025-12-24,Tempura Batter,11.83,9.5,1.28,2.0
2025-12-24,Chicken,18.32,16.03,0.5,4.25
2025-12-24,Edamame,10.03,6.52,1.21,2.8
2025-12-24,Cream Cheese,13.76,12.61,1.69,3.75
2025-12-25,Tuna,8.34,3.59,0.91,7.5
2025-12-25,Salmon,15.3,13.87,0.72,6.25
2025-12-25,Rice,16.0,13.17,0.0,1.8
2025-12-25,Nori,23.15,18.85,0.82,0.45
2025-12-25,Avocado,18.76,12.4,0.43,2.2
2025-12-25,Cucumber,12.83,8.13,1.03,1.4
2025-12-25,Soy Sauce,13.14,7.96,0.95,1.1
2025-12-25,Ginger,12.39,8.41,0.97,1.3
2025-12-25,Wasabi,15.42,11.65,1.11,3.5
2025-12-25,Tempura Batter,18.87,15.66,0.66,2.0
2025-12-25,Chicken,18.34,12.96,1.11,4.25
2025-12-25,Edamame,13.8,10.69,1.63,2.8
2025-12-25,Cream Cheese,18.3,15.0,1.37,3.75
2025-12-26,Tuna,13.49,9.83,1.74,7.5
2025-12-26,Salmon,20.86,14.61,0.76,6.25
2025-12-26,Rice,15.42,10.1,0.0,1.8
2025-12-26,Nori,17.78,12.72,1.08,0.45
2025-12-26,Avocado,3.9,3.59,0.74,2.2
2025-12-26,Cucumber,17.93,13.9,0.8,1.4
2025-12-26,Soy Sauce,18.79,14.92,0.74,1.1
2025-12-26,Ginger,15.86,14.15,1.12,1.3
2025-12-26,Wasabi,12.59,8.61,1.03,3.5
2025-12-26,Tempura Batter,15.07,10.8,1.57,2.0
2025-12-26,Chicken,12.83,7.92,1.34,4.25
2025-12-26,Edamame,15.77,11.17,0.67,2.8
2025-12-26,Cream Cheese,14.55,17.02,1.52,3.75
2025-12-27,Tuna,10.73,7.55,0.39,7.5
2025-12-27,Salmon,20.53,17.99,0.53,6.25
2025-12-27,Rice,20.94,16.48,0.63,1.8
2025-12-27,Nori,8.78,8.04,1.44,0.45
2025-12-27,Avocado,17.02,13.68,1.05,2.2
2025-12-27,Cucumber,6.56,4.21,0.65,1.4
2025-12-27,Soy Sauce,15.99,15.93,1.33,1.1
2025-12-27,Ginger,18.74,19.18,0.81,1.3
2025-12-27,Wasabi,18.74,14.0,0.0,3.5
2025-12-27,Tempura Batter,15.91,13.35,0.66,2.0
2025-12-27,Chicken,22.85,20.28,1.02,4.25
2025-12-27,Edamame,15.0,11.52,1.08,2.8
2025-12-27,Cream Cheese,17.02,15.57,0.88,3.75
2025-12-28,Tuna,12.46,12.75,0.32,7.5
2025-12-28,Salmon,17.64,15.56,2.11,6.25
2025-12-28,Rice,19.76,15.85,1.56,1.8
2025-12-28,Nori,18.46,15.09,0.09,0.45
2025-12-28,Avocado,20.45,14.66,0.5,2.2
2025-12-28,Cucumber,5.56,4.7,1.68,1.4
2025-12-28,Soy Sauce,18.24,12.32,0.81,1.1
2025-12-28,Ginger,17.28,10.01,0.61,1.3
2025-12-28,Wasabi,14.92,11.0,0.65,3.5
2025-12-28,Tempura Batter,19.0,15.11,1.04,2.0
2025-12-28,Chicken,9.21,9.53,0.38,4.25
2025-12-28,Edamame,12.61,9.02,0.39,2.8
2025-12-28,Cream Cheese,6.85,6.14,0.99,3.75
2025-12-29,Tuna,16.74,14.75,0.6,7.5
2025-12-29,Salmon,17.79,14.46,1.39,6.25
2025-12-29,Rice,12.71,11.37,1.34,1.8
2025-12-29,Nori,12.18,10.75,1.25,0.45
2025-12-29,Avocado,21.16,17.8,0.3,2.2
2025-12-29,Cucumber,21.89,18.14,0.91,1.4
2025-12-29,Soy Sauce,15.64,10.38,0.25,1.1
2025-12-29,Ginger,13.97,7.19,0.37,1.3
2025-12-29,Wasabi,21.6,15.84,0.91,3.5
2025-12-29,Tempura Batter,12.74,8.48,1.5,2.0
2025-12-29,Chicken,14.88,13.37,0.95,4.25
2025-12-29,Edamame,7.51,6.46,0.67,2.8
2025-12-29,Cream Cheese,12.84,12.25,0.92,3.75
2025-12-30,Tuna,16.66,14.09,0.0,7.5
2025-12-30,Salmon,19.05,12.42,1.03,6.25
2025-12-30,Rice,14.32,12.06,1.09,1.8
2025-12-30,Nori,17.25,12.83,0.25,0.45
2025-12-30,Avocado,14.56,12.49,0.99,2.2
2025-12-30,Cucumber,6.43,4.22,1.07,1.4
2025-12-30,Soy Sauce,17.75,14.81,0.0,1.1
2025-12-30,Ginger,20.73,14.57,0.38,1.3
2025-12-30,Wasabi,14.91,10.3,1.22,3.5
2025-12-30,Tempura Batter,21.42,16.39,0.03,2.0
2025-12-30,Chicken,14.34,10.08,0.76,4.25
2025-12-30,Edamame,16.2,13.46,0.58,2.8
2025-12-30,Cream Cheese,11.79,11.03,0.44,3.75
2025-12-31,Tuna,14.63,11.73,1.08,7.5
2025-12-31,Salmon,17.21,10.86,1.41,6.25
2025-12-31,Rice,13.39,9.99,1.41,1.8
2025-12-31,Nori,10.94,9.44,1.45,0.45
2025-12-31,Avocado,19.91,14.77,0.96,2.2
2025-12-31,Cucumber,11.3,10.98,0.87,1.4
2025-12-31,Soy Sauce,22.42,16.93,1.34,1.1
2025-12-31,Ginger,22.57,15.15,0.02,1.3
2025-12-31,Wasabi,14.05,12.92,1.58,3.5
2025-12-31,Tempura Batter,14.81,9.79,0.58,2.0
2025-12-31,Chicken,16.46,13.68,0.79,4.25
2025-12-31,Edamame,18.17,13.33,0.75,2.8
2025-12-31,Cream Cheese,20.64,15.57,0.59,3.75
