order_id,timestamp,table_id,menu_item,quantity,server,order_type,line_revenue
104366,2025-09-21 19:22:00,16,Dragon Roll,1,Mia,Dine-In,15.0
101130,2025-03-11 18:14:00,18,California Roll,4,Chris,Dine-In,34.0
102603,2025-06-08 17:01:00,14,Spicy Tuna Roll,4,Taylor,Dine-In,44.0
101748,2025-04-19 14:06:00,21,Salmon Roll,1,Taylor,Delivery,10.5
103287,2025-07-17 21:22:00,19,Dragon Roll,3,Sam,Dine-In,45.0
102835,2025-06-22 20:46:00,15,Salmon Nigiri,2,Chris,Dine-In,18.0
100085,2025-01-05 13:30:00,26,Spicy Tuna Roll,1,Alex,Dine-In,11.0
102996,2025-07-02 17:38:00,4,Spicy Tuna Roll,3,Taylor,Dine-In,33.0
101558,2025-04-07 21:27:00,28,California Roll,1,Chris,Takeout,8.5
101316,2025-03-24 17:49:00,10,Tuna Nigiri,1,Mia,Dine-In,10.0
100626,2025-02-08 13:57:00,15,Sashimi Platter,1,Sam,Delivery,24.0
105756,2025-12-15 17:53:00,19,Yellowtail Nigiri,2,Taylor,Dine-In,22.0
103149,2025-07-10 14:16:00,24,Miso Soup,2,Taylor,Dine-In,8.0
105477,2025-11-28 21:14:00,20,Yellowtail Nigiri,4,Alex,Takeout,44.0
102587,2025-06-07 19:07:00,19,Yellowtail Nigiri,4,Jordan,Dine-In,44.0
100324,2025-01-18 18:53:00,20,Miso Soup,3,Chris,Dine-In,12.0
104446,2025-09-25 20:26:00,5,Edamame,1,Chris,Dine-In,6.0
103266,2025-07-16 17:04:00,16,Yellowtail Nigiri,3,Mia,Dine-In,33.0
101570,2025-04-08 20:48:00,24,Spicy Tuna Roll,2,Mia,Dine-In,22.0
103728,2025-08-14 18:51:00,16,Salmon Nigiri,4,Alex,Dine-In,36.0
102092,2025-05-07 21:00:00,20,Edamame,2,Taylor,Takeout,12.0
105683,2025-12-10 18:50:00,23,Salmon Roll,1,Taylor,Dine-In,10.5
104589,2025-10-05 17:50:00,24,Salmon Roll,1,Mia,Takeout,10.5
100409,2025-01-24 17:46:00,4,Salmon Roll,1,Mia,Dine-In,10.5
105843,2025-12-20 20:54:00,26,California Roll,1,Chris,Dine-In,8.5
104765,2025-10-16 11:30:00,2,Salmon Nigiri,3,Jordan,Dine-In,27.0
105630,2025-12-07 17:06:00,9,Spicy Tuna Roll,1,Alex,Dine-In,11.0
100394,2025-01-23 19:16:00,29,Spicy Tuna Roll,2,Chris,Takeout,22.0
103683,2025-08-12 14:30:00,7,California Roll,1,Chris,Dine-In,8.5
105596,2025-12-04 19:36:00,14,Tempura Udon,1,Sam,Dine-In,14.0
105927,2025-12-27 13:27:00,11,Tuna Nigiri,3,Jordan,Takeout,30.0
101420,2025-03-30 17:30:00,19,Yellowtail Nigiri,2,Chris,Dine-In,22.0
102167,2025-05-11 20:44:00,1,California Roll,2,Sam,Dine-In,17.0
101884,2025-04-26 14:10:00,2,Edamame,1,Taylor,Dine-In,6.0
103967,2025-08-28 19:22:00,10,Gyoza,2,Jordan,Dine-In,16.0
102440,2025-05-30 12:15:00,13,Sashimi Platter,1,Sam,Dine-In,24.0
103076,2025-07-06 13:09:00,12,Salmon Roll,1,Taylor,Dine-In,10.5
104455,2025-09-26 17:46:00,26,Spicy Tuna Roll,3,Chris,Takeout,33.0
102035,2025-05-04 20:47:00,23,Dragon Roll,4,Taylor,Dine-In,60.0
102526,2025-06-04 17:03:00,4,Miso Soup,2,Jordan,Dine-In,8.0
104442,2025-09-25 19:39:00,21,California Roll,4,Mia,Takeout,34.0
100605,2025-02-06 19:44:00,20,Dragon Roll,1,Chris,Delivery,15.0
104939,2025-10-27 11:58:00,14,Salmon Roll,2,Sam,Dine-In,21.0
104007,2025-08-30 19:52:00,19,Spicy Tuna Roll,1,Taylor,Dine-In,11.0
104686,2025-10-12 13:05:00,10,California Roll,2,Chris,Delivery,17.0
104281,2025-09-16 17:42:00,19,Spicy Tuna Roll,1,Jordan,Takeout,11.0
104029,2025-09-01 19:31:00,16,Edamame,2,Mia,Dine-In,12.0
105970,2025-12-29 20:15:00,9,Miso Soup,3,Mia,Takeout,12.0
103488,2025-07-30 18:50:00,9,Dragon Roll,4,Alex,Dine-In,60.0
101515,2025-04-05 18:06:00,15,Gyoza,4,Chris,Dine-In,32.0
104392,2025-09-23 12:35:00,29,Gyoza,3,Taylor,Takeout,24.0
102978,2025-06-30 20:26:00,3,Edamame,1,Alex,Takeout,6.0
101195,2025-03-15 20:46:00,4,Sashimi Platter,1,Chris,Delivery,24.0
101322,2025-03-24 20:10:00,5,Miso Soup,1,Sam,Delivery,4.0
101863,2025-04-25 17:21:00,4,Tempura Udon,1,Chris,Takeout,14.0
102804,2025-06-21 12:06:00,12,Salmon Nigiri,3,Taylor,Dine-In,27.0
100812,2025-02-19 17:48:00,20,Tempura Udon,1,Chris,Dine-In,14.0
105726,2025-12-13 13:18:00,19,Salmon Nigiri,2,Alex,Delivery,18.0
100806,2025-02-18 20:43:00,2,Miso Soup,3,Alex,Dine-In,12.0
104297,2025-09-17 21:16:00,26,Dragon Roll,2,Mia,Dine-In,30.0
104959,2025-10-28 13:49:00,10,Chicken Teriyaki,4,Jordan,Dine-In,64.0
100080,2025-01-04 21:20:00,28,Miso Soup,1,Jordan,Dine-In,4.0
104636,2025-10-08 13:49:00,8,Matcha Cheesecake,1,Taylor,Dine-In,7.0
103941,2025-08-27 13:23:00,29,Chicken Teriyaki,2,Mia,Dine-In,32.0
101434,2025-03-30 21:11:00,15,Tuna Nigiri,1,Mia,Dine-In,10.0
106000,2025-12-31 20:43:00,22,Yellowtail Nigiri,2,Chris,Dine-In,22.0
101601,2025-04-10 21:08:00,23,Yellowtail Nigiri,1,Chris,Dine-In,11.0
100229,2025-01-13 14:02:00,22,Miso Soup,1,Mia,Dine-In,4.0
103845,2025-08-21 12:11:00,8,Spicy Tuna Roll,1,Sam,Dine-In,11.0
103318,2025-07-20 13:50:00,30,Gyoza,1,Sam,Dine-In,8.0
103297,2025-07-18 20:00:00,12,California Roll,1,Mia,Dine-In,8.5
104857,2025-10-22 17:46:00,15,Salmon Roll,2,Chris,Dine-In,21.0
103902,2025-08-25 13:01:00,24,Gyoza,2,Mia,Delivery,16.0
105006,2025-10-30 20:13:00,2,Yellowtail Nigiri,4,Alex,Delivery,44.0
103886,2025-08-24 17:28:00,5,Spicy Tuna Roll,2,Sam,Dine-In,22.0
104725,2025-10-13 20:29:00,9,Salmon Roll,1,Mia,Dine-In,10.5
101076,2025-03-07 19:04:00,7,California Roll,1,Taylor,Dine-In,8.5
105957,2025-12-28 19:14:00,27,Dragon Roll,2,Jordan,Delivery,30.0
102777,2025-06-19 18:33:00,5,Spicy Tuna Roll,4,Alex,Delivery,44.0
100682,2025-02-11 20:57:00,27,Edamame,2,Jordan,Dine-In,12.0
102550,2025-06-05 13:04:00,15,Spicy Tuna Roll,2,Sam,Takeout,22.0
103408,2025-07-25 19:12:00,30,Yellowtail Nigiri,2,Jordan,Dine-In,22.0
102099,2025-05-08 17:04:00,2,Miso Soup,3,Chris,Dine-In,12.0
105565,2025-12-03 17:14:00,28,Spicy Tuna Roll,2,Mia,Delivery,22.0
101222,2025-03-17 20:06:00,3,Miso Soup,1,Alex,Dine-In,4.0
101913,2025-04-28 12:22:00,18,Yellowtail Nigiri,4,Chris,Takeout,44.0
104559,2025-10-03 13:22:00,23,Matcha Cheesecake,2,Alex,Takeout,14.0
100038,2025-01-02 20:45:00,22,Miso Soup,2,Taylor,Dine-In,8.0
102365,2025-05-26 12:44:00,14,Tempura Udon,1,Mia,Dine-In,14.0
101216,2025-03-17 17:55:00,26,California Roll,1,Mia,Dine-In,8.5
102133,2025-05-10 13:24:00,29,Salmon Nigiri,3,Sam,Dine-In,27.0
105307,2025-11-18 18:10:00,30,Spicy Tuna Roll,1,Mia,Dine-In,11.0
100234,2025-01-13 20:05:00,2,Salmon Nigiri,1,Taylor,Dine-In,9.0
103312,2025-07-19 19:40:00,13,Yellowtail Nigiri,1,Alex,Dine-In,11.0
105009,2025-10-30 21:03:00,5,Salmon Roll,1,Jordan,Takeout,10.5
104105,2025-09-06 12:19:00,27,Tuna Nigiri,4,Sam,Delivery,40.0
105377,2025-11-22 20:12:00,10,Chicken Teriyaki,1,Taylor,Delivery,16.0
105385,2025-11-23 12:31:00,16,Chicken Teriyaki,1,Alex,Dine-In,16.0
104056,2025-09-03 19:17:00,29,Tuna Nigiri,1,Taylor,Dine-In,10.0
101644,2025-04-13 20:44:00,29,Hamachi Kama,1,Chris,Dine-In,18.0
102313,2025-05-21 19:10:00,16,Spicy Tuna Roll,1,Jordan,Delivery,11.0
104983,2025-10-29 17:35:00,30,California Roll,2,Alex,Dine-In,17.0
100697,2025-02-12 19:39:00,6,Yellowtail Nigiri,1,Chris,Dine-In,11.0
105958,2025-12-28 19:17:00,25,Gyoza,4,Chris,Dine-In,32.0
102551,2025-06-05 13:05:00,20,Dragon Roll,3,Taylor,Delivery,45.0
102930,2025-06-28 18:10:00,18,Tuna Nigiri,2,Alex,Delivery,20.0
100094,2025-01-05 19:56:00,3,California Roll,4,Taylor,Dine-In,34.0
101398,2025-03-28 21:27:00,11,Chicken Teriyaki,1,Chris,Dine-In,16.0
104087,2025-09-05 11:47:00,24,Salmon Nigiri,2,Chris,Takeout,18.0
105586,2025-12-04 13:01:00,17,Yellowtail Nigiri,2,Chris,Dine-In,22.0
102517,2025-06-04 12:06:00,30,California Roll,4,Alex,Dine-In,34.0
103575,2025-08-06 17:48:00,4,Matcha Cheesecake,2,Taylor,Takeout,14.0
105884,2025-12-24 17:27:00,2,Dragon Roll,1,Sam,Delivery,15.0
104783,2025-10-17 11:52:00,20,Salmon Roll,4,Alex,Dine-In,42.0
101499,2025-04-04 13:20:00,14,Dragon Roll,2,Sam,Dine-In,30.0
100325,2025-01-18 19:25:00,2,Spicy Tuna Roll,1,Taylor,Dine-In,11.0
105563,2025-12-03 17:02:00,3,Miso Soup,2,Jordan,Dine-In,8.0
100545,2025-02-02 19:28:00,17,Spicy Tuna Roll,2,Alex,Dine-In,22.0
105372,2025-11-22 19:18:00,26,Tuna Nigiri,1,Chris,Dine-In,10.0
100024,2025-01-02 17:01:00,5,Spicy Tuna Roll,2,Taylor,Dine-In,22.0
102132,2025-05-10 12:56:00,11,Salmon Nigiri,1,Chris,Dine-In,9.0
101818,2025-04-23 13:55:00,15,Tempura Udon,2,Chris,Takeout,28.0
102942,2025-06-29 12:57:00,25,Salmon Roll,1,Jordan,Dine-In,10.5
101722,2025-04-17 18:26:00,28,Gyoza,3,Chris,Takeout,24.0
102134,2025-05-10 13:31:00,14,Miso Soup,4,Mia,Dine-In,16.0
103600,2025-08-07 18:30:00,24,Salmon Roll,1,Jordan,Dine-In,10.5
100566,2025-02-04 17:51:00,12,Edamame,3,Jordan,Takeout,18.0
103996,2025-08-30 17:34:00,17,Yellowtail Nigiri,2,Alex,Dine-In,22.0
103840,2025-08-20 19:53:00,24,Dragon Roll,3,Chris,Dine-In,45.0
105257,2025-11-15 14:05:00,10,Salmon Roll,2,Sam,Dine-In,21.0
101865,2025-04-25 17:50:00,18,Edamame,1,Jordan,Dine-In,6.0
103904,2025-08-25 13:52:00,4,Sashimi Platter,1,Mia,Delivery,24.0
100157,2025-01-09 13:48:00,27,Miso Soup,1,Chris,Takeout,4.0
102481,2025-06-01 19:09:00,5,Edamame,2,Taylor,Takeout,12.0
103280,2025-07-17 18:57:00,10,California Roll,4,Chris,Takeout,34.0
103619,2025-08-08 20:35:00,1,California Roll,4,Mia,Dine-In,34.0
100178,2025-01-10 20:20:00,12,Edamame,1,Chris,Dine-In,6.0
101670,2025-04-15 12:38:00,9,California Roll,1,Alex,Takeout,8.5
100440,2025-01-26 18:04:00,12,Salmon Roll,3,Sam,Delivery,31.5
103719,2025-08-13 19:53:00,3,Gyoza,3,Jordan,Dine-In,24.0
101189,2025-03-15 17:04:00,25,Sashimi Platter,3,Taylor,Dine-In,72.0
100264,2025-01-15 18:58:00,26,Spicy Tuna Roll,3,Chris,Dine-In,33.0
101836,2025-04-24 13:01:00,26,Edamame,4,Alex,Takeout,24.0
104307,2025-09-18 13:37:00,22,Spicy Tuna Roll,1,Taylor,Dine-In,11.0
101449,2025-04-01 11:54:00,16,Miso Soup,1,Chris,Delivery,4.0
100222,2025-01-13 12:31:00,2,Spicy Tuna Roll,2,Mia,Dine-In,22.0
100255,2025-01-14 19:42:00,16,Yellowtail Nigiri,1,Jordan,Delivery,11.0
100309,2025-01-17 21:11:00,27,Tuna Nigiri,2,Mia,Delivery,20.0
101085,2025-03-08 13:26:00,30,Tuna Nigiri,1,Alex,Dine-In,10.0
104569,2025-10-04 11:43:00,11,Gyoza,2,Alex,Takeout,16.0
100748,2025-02-15 13:13:00,8,Spicy Tuna Roll,1,Sam,Dine-In,11.0
100032,2025-01-02 20:00:00,24,Salmon Roll,3,Chris,Dine-In,31.5
100554,2025-02-03 18:25:00,26,Spicy Tuna Roll,1,Sam,Dine-In,11.0
102032,2025-05-04 19:27:00,10,Chicken Teriyaki,1,Jordan,Dine-In,16.0
104420,2025-09-24 13:53:00,15,Matcha Cheesecake,2,Alex,Dine-In,14.0
102875,2025-06-25 14:23:00,27,Spicy Tuna Roll,1,Jordan,Takeout,11.0
101965,2025-05-01 11:52:00,18,Dragon Roll,3,Alex,Takeout,45.0
102345,2025-05-24 20:58:00,23,Matcha Cheesecake,1,Taylor,Delivery,7.0
105557,2025-12-02 20:09:00,18,Spicy Tuna Roll,3,Chris,Takeout,33.0
105780,2025-12-16 19:55:00,2,Gyoza,2,Sam,Dine-In,16.0
100168,2025-01-10 12:45:00,27,California Roll,2,Chris,Delivery,17.0
100764,2025-02-16 14:00:00,7,Sashimi Platter,1,Chris,Dine-In,24.0
102329,2025-05-23 13:21:00,17,Dragon Roll,2,Sam,Dine-In,30.0
101262,2025-03-20 18:42:00,21,Tuna Nigiri,3,Sam,Dine-In,30.0
100320,2025-01-18 17:39:00,16,Salmon Roll,1,Chris,Dine-In,10.5
104317,2025-09-19 12:30:00,16,California Roll,4,Taylor,Takeout,34.0
102790,2025-06-19 21:06:00,18,Spicy Tuna Roll,1,Alex,Delivery,11.0
100297,2025-01-17 12:22:00,13,Salmon Nigiri,4,Sam,Dine-In,36.0
103873,2025-08-23 14:11:00,22,Salmon Roll,3,Sam,Takeout,31.5
100531,2025-02-01 20:06:00,22,Salmon Nigiri,2,Alex,Takeout,18.0
103741,2025-08-15 14:08:00,12,California Roll,4,Taylor,Dine-In,34.0
102878,2025-06-25 18:26:00,14,Salmon Roll,4,Alex,Dine-In,42.0
105577,2025-12-03 20:23:00,14,Edamame,4,Chris,Takeout,24.0
104084,2025-09-04 21:17:00,17,Miso Soup,4,Alex,Takeout,16.0
100347,2025-01-19 19:09:00,6,Dragon Roll,2,Mia,Takeout,30.0
100081,2025-01-04 21:20:00,24,Dragon Roll,2,Jordan,Takeout,30.0
102781,2025-06-19 19:20:00,6,Edamame,2,Sam,Takeout,12.0
102848,2025-06-23 19:15:00,17,Miso Soup,2,Mia,Dine-In,8.0
103971,2025-08-29 11:57:00,28,Salmon Roll,2,Jordan,Dine-In,21.0
105807,2025-12-18 13:27:00,27,Matcha Cheesecake,1,Chris,Dine-In,7.0
101358,2025-03-26 19:21:00,16,Chicken Teriyaki,3,Chris,Takeout,48.0
105358,2025-11-22 12:16:00,12,Salmon Roll,1,Jordan,Takeout,10.5
101040,2025-03-05 11:48:00,8,Spicy Tuna Roll,2,Taylor,Takeout,22.0
100866,2025-02-23 11:35:00,14,Salmon Nigiri,2,Taylor,Delivery,18.0
102143,2025-05-10 18:29:00,2,Edamame,1,Jordan,Takeout,6.0
105641,2025-12-08 12:26:00,19,Edamame,4,Alex,Dine-In,24.0
101731,2025-04-17 21:00:00,17,Spicy Tuna Roll,1,Jordan,Takeout,11.0
102695,2025-06-14 13:26:00,5,Miso Soup,3,Chris,Takeout,12.0
105347,2025-11-20 21:15:00,28,Yellowtail Nigiri,4,Mia,Dine-In,44.0
104360,2025-09-21 13:47:00,13,Spicy Tuna Roll,2,Alex,Takeout,22.0
104052,2025-09-03 18:24:00,28,Spicy Tuna Roll,3,Sam,Dine-In,33.0
100158,2025-01-09 14:25:00,17,Yellowtail Nigiri,1,Chris,Dine-In,11.0
100577,2025-02-05 12:43:00,29,Spicy Tuna Roll,1,Mia,Delivery,11.0
100326,2025-01-18 19:26:00,17,Spicy Tuna Roll,2,Chris,Dine-In,22.0
104212,2025-09-12 19:32:00,26,Salmon Roll,3,Sam,Dine-In,31.5
105963,2025-12-29 17:32:00,10,California Roll,1,Jordan,Delivery,8.5
103253,2025-07-15 18:47:00,18,Gyoza,2,Chris,Takeout,16.0
104837,2025-10-20 21:12:00,5,Matcha Cheesecake,1,Mia,Dine-In,7.0
105440,2025-11-26 13:45:00,11,Yellowtail Nigiri,2,Jordan,Dine-In,22.0
104670,2025-10-10 18:34:00,9,Gyoza,3,Mia,Dine-In,24.0
100961,2025-02-28 20:34:00,27,Dragon Roll,1,Chris,Dine-In,15.0
102722,2025-06-16 14:13:00,4,Yellowtail Nigiri,1,Chris,Dine-In,11.0
100707,2025-02-13 17:35:00,14,Edamame,1,Jordan,Dine-In,6.0
103298,2025-07-18 20:10:00,13,California Roll,2,Taylor,Dine-In,17.0
100402,2025-01-24 11:34:00,20,Tuna Nigiri,2,Alex,Dine-In,20.0
105514,2025-11-30 18:46:00,26,Yellowtail Nigiri,1,Jordan,Dine-In,11.0
102651,2025-06-10 20:40:00,13,Tuna Nigiri,2,Taylor,Takeout,20.0
104762,2025-10-15 20:54:00,7,Salmon Nigiri,1,Sam,Takeout,9.0
102374,2025-05-26 19:45:00,14,Yellowtail Nigiri,1,Jordan,Dine-In,11.0
103820,2025-08-19 19:02:00,4,Salmon Roll,2,Alex,Dine-In,21.0
104970,2025-10-28 19:04:00,17,Sashimi Platter,4,Mia,Dine-In,96.0
105744,2025-12-14 21:12:00,23,California Roll,1,Taylor,Takeout,8.5
101648,2025-04-13 21:09:00,10,California Roll,4,Chris,Takeout,34.0
103810,2025-08-18 21:26:00,21,Spicy Tuna Roll,1,Mia,Delivery,11.0
105745,2025-12-14 21:17:00,27,Tuna Nigiri,2,Alex,Takeout,20.0
102933,2025-06-28 19:25:00,18,Edamame,1,Taylor,Takeout,6.0
102390,2025-05-27 18:20:00,4,Yellowtail Nigiri,1,Alex,Dine-In,11.0
104828,2025-10-20 17:39:00,10,Tuna Nigiri,4,Taylor,Takeout,40.0
102229,2025-05-16 13:12:00,11,Tempura Udon,1,Mia,Delivery,14.0
100539,2025-02-02 17:21:00,9,Spicy Tuna Roll,4,Mia,Delivery,44.0
102376,2025-05-26 19:54:00,29,Sashimi Platter,2,Mia,Dine-In,48.0
105629,2025-12-07 13:23:00,13,Tempura Udon,4,Chris,Dine-In,56.0
101236,2025-03-18 20:26:00,21,Tuna Nigiri,1,Chris,Delivery,10.0
101685,2025-04-16 12:20:00,17,Edamame,4,Mia,Takeout,24.0
101756,2025-04-19 20:31:00,21,California Roll,3,Alex,Dine-In,25.5
101213,2025-03-17 13:48:00,26,Spicy Tuna Roll,3,Mia,Dine-In,33.0
104386,2025-09-22 20:07:00,17,Spicy Tuna Roll,1,Mia,Delivery,11.0
100978,2025-03-01 19:27:00,23,Miso Soup,2,Taylor,Dine-In,8.0
102043,2025-05-05 17:35:00,30,Tuna Nigiri,1,Taylor,Dine-In,10.0
104900,2025-10-25 11:34:00,18,Miso Soup,2,Jordan,Dine-In,8.0
105560,2025-12-02 21:17:00,14,Salmon Roll,4,Chris,Dine-In,42.0
102837,2025-06-22 20:59:00,1,Gyoza,1,Jordan,Takeout,8.0
104417,2025-09-24 12:54:00,16,Spicy Tuna Roll,2,Alex,Dine-In,22.0
100051,2025-01-03 18:19:00,21,Tempura Udon,2,Chris,Takeout,28.0
104059,2025-09-03 20:53:00,6,Yellowtail Nigiri,1,Sam,Takeout,11.0
101320,2025-03-24 19:21:00,24,Tempura Udon,1,Chris,Dine-In,14.0
101469,2025-04-02 17:46:00,13,California Roll,1,Chris,Takeout,8.5
102338,2025-05-24 13:17:00,30,Gyoza,2,Chris,Takeout,16.0
102766,2025-06-19 13:04:00,15,Miso Soup,3,Chris,Takeout,12.0
103544,2025-08-04 11:48:00,23,Edamame,1,Jordan,Takeout,6.0
104679,2025-10-11 12:57:00,7,Tuna Nigiri,1,Chris,Takeout,10.0
103478,2025-07-30 13:02:00,1,Tuna Nigiri,1,Taylor,Dine-In,10.0
101651,2025-04-14 12:32:00,27,Tuna Nigiri,4,Alex,Delivery,40.0
101269,2025-03-21 12:02:00,14,Gyoza,1,Taylor,Takeout,8.0
104687,2025-10-12 13:35:00,5,Gyoza,1,Chris,Takeout,8.0
102692,2025-06-13 21:29:00,6,Yellowtail Nigiri,1,Jordan,Dine-In,11.0
105538,2025-12-01 20:49:00,16,Salmon Nigiri,1,Taylor,Takeout,9.0
104825,2025-10-20 12:34:00,9,Edamame,4,Sam,Dine-In,24.0
103022,2025-07-03 19:57:00,13,Miso Soup,1,Mia,Delivery,4.0
103766,2025-08-16 20:02:00,18,Tempura Udon,4,Taylor,Dine-In,56.0
102233,2025-05-16 17:51:00,21,Yellowtail Nigiri,1,Mia,Dine-In,11.0
102810,2025-06-21 14:24:00,1,California Roll,1,Sam,Delivery,8.5
105048,2025-11-01 18:16:00,12,Spicy Tuna Roll,1,Alex,Takeout,11.0
105656,2025-12-09 12:48:00,29,Salmon Nigiri,4,Sam,Takeout,36.0
104650,2025-10-09 13:02:00,6,Dragon Roll,1,Sam,Dine-In,15.0
105067,2025-11-03 13:13:00,27,Spicy Tuna Roll,2,Chris,Dine-In,22.0
103237,2025-07-14 20:29:00,2,Salmon Nigiri,2,Alex,Dine-In,18.0
103185,2025-07-12 17:30:00,19,Chicken Teriyaki,2,Chris,Takeout,32.0
101159,2025-03-13 17:51:00,14,Salmon Nigiri,3,Jordan,Delivery,27.0
102464,2025-05-31 18:45:00,5,Dragon Roll,2,Alex,Delivery,30.0
104372,2025-09-22 11:47:00,20,Salmon Nigiri,2,Alex,Dine-In,18.0
104267,2025-09-15 18:36:00,4,Yellowtail Nigiri,3,Mia,Dine-In,33.0
100470,2025-01-28 18:44:00,18,Spicy Tuna Roll,3,Alex,Takeout,33.0
102096,2025-05-08 12:27:00,22,Salmon Roll,1,Jordan,Dine-In,10.5
103334,2025-07-21 17:54:00,14,Salmon Roll,3,Jordan,Dine-In,31.5
102305,2025-05-21 12:27:00,30,Salmon Nigiri,2,Jordan,Delivery,18.0
100927,2025-02-26 17:30:00,8,Yellowtail Nigiri,1,Mia,Takeout,11.0
101351,2025-03-26 17:03:00,25,Salmon Roll,1,Sam,Takeout,10.5
101384,2025-03-28 17:05:00,6,Spicy Tuna Roll,1,Taylor,Dine-In,11.0
105145,2025-11-08 13:02:00,22,Tuna Nigiri,1,Sam,Dine-In,10.0
100240,2025-01-14 13:06:00,30,Tuna Nigiri,2,Alex,Dine-In,20.0
100200,2025-01-11 19:36:00,1,Spicy Tuna Roll,2,Taylor,Dine-In,22.0
104744,2025-10-14 20:25:00,16,Spicy Tuna Roll,4,Mia,Dine-In,44.0
101707,2025-04-16 20:58:00,12,Salmon Nigiri,2,Sam,Delivery,18.0
101955,2025-04-30 17:05:00,1,California Roll,3,Mia,Takeout,25.5
103471,2025-07-29 20:32:00,13,Tuna Nigiri,2,Taylor,Delivery,20.0
103384,2025-07-24 12:37:00,15,California Roll,2,Sam,Takeout,17.0
101551,2025-04-07 19:39:00,16,Sashimi Platter,2,Chris,Dine-In,48.0
105850,2025-12-21 18:53:00,27,Spicy Tuna Roll,2,Mia,Dine-In,22.0
100466,2025-01-28 14:23:00,26,Spicy Tuna Roll,3,Mia,Dine-In,33.0
101804,2025-04-22 18:23:00,24,Dragon Roll,4,Alex,Dine-In,60.0
100102,2025-01-06 17:43:00,19,Salmon Nigiri,1,Taylor,Dine-In,9.0
104190,2025-09-10 20:53:00,24,Chicken Teriyaki,1,Sam,Dine-In,16.0
101537,2025-04-06 20:53:00,8,Spicy Tuna Roll,1,Jordan,Dine-In,11.0
100473,2025-01-28 19:31:00,7,Gyoza,3,Alex,Dine-In,24.0
102073,2025-05-06 20:57:00,17,Edamame,1,Alex,Delivery,6.0
104403,2025-09-23 19:07:00,29,Yellowtail Nigiri,1,Sam,Dine-In,11.0
100411,2025-01-24 18:23:00,2,Yellowtail Nigiri,2,Chris,Dine-In,22.0
102023,2025-05-04 14:14:00,19,Gyoza,1,Chris,Delivery,8.0
103759,2025-08-16 17:14:00,17,Tuna Nigiri,2,Alex,Dine-In,20.0
105587,2025-12-04 13:04:00,17,Tuna Nigiri,1,Alex,Takeout,10.0
105154,2025-11-08 21:17:00,10,California Roll,3,Taylor,Dine-In,25.5
103209,2025-07-13 19:09:00,12,Tuna Nigiri,1,Taylor,Dine-In,10.0
104129,2025-09-07 18:04:00,16,Miso Soup,1,Taylor,Dine-In,4.0
104672,2025-10-10 19:33:00,2,California Roll,2,Jordan,Dine-In,17.0
102961,2025-06-30 12:27:00,15,Dragon Roll,2,Jordan,Takeout,30.0
101868,2025-04-25 19:14:00,2,Spicy Tuna Roll,4,Mia,Dine-In,44.0
104481,2025-09-28 13:02:00,13,Dragon Roll,2,Taylor,Takeout,30.0
102997,2025-07-02 18:01:00,19,Edamame,3,Chris,Dine-In,18.0
104355,2025-09-20 20:56:00,5,Dragon Roll,4,Sam,Dine-In,60.0
100882,2025-02-24 13:46:00,24,Miso Soup,1,Chris,Delivery,4.0
105716,2025-12-12 18:19:00,19,Salmon Nigiri,1,Sam,Takeout,9.0
102755,2025-06-18 13:22:00,5,Miso Soup,1,Sam,Dine-In,4.0
102506,2025-06-03 18:29:00,19,Spicy Tuna Roll,2,Sam,Delivery,22.0
104648,2025-10-09 12:16:00,8,Spicy Tuna Roll,1,Alex,Dine-In,11.0
101889,2025-04-26 18:36:00,8,Gyoza,3,Alex,Takeout,24.0
104831,2025-10-20 19:23:00,9,Gyoza,1,Mia,Dine-In,8.0
102139,2025-05-10 17:34:00,5,Miso Soup,1,Taylor,Takeout,4.0
103165,2025-07-10 21:25:00,13,Gyoza,4,Jordan,Dine-In,32.0
101666,2025-04-15 12:04:00,2,Gyoza,1,Chris,Dine-In,8.0
100600,2025-02-06 18:26:00,24,Edamame,1,Alex,Dine-In,6.0
103335,2025-07-21 17:59:00,26,Tuna Nigiri,1,Taylor,Dine-In,10.0
100372,2025-01-21 18:55:00,14,Salmon Nigiri,1,Sam,Takeout,9.0
102604,2025-06-08 17:02:00,16,Yellowtail Nigiri,3,Taylor,Dine-In,33.0
101050,2025-03-05 17:47:00,21,Salmon Nigiri,3,Mia,Takeout,27.0
101871,2025-04-25 20:09:00,22,Yellowtail Nigiri,1,Sam,Dine-In,11.0
102914,2025-06-27 18:16:00,10,California Roll,4,Alex,Takeout,34.0
105068,2025-11-03 13:13:00,20,Sashimi Platter,2,Jordan,Dine-In,48.0
101893,2025-04-26 19:52:00,11,Chicken Teriyaki,1,Mia,Dine-In,16.0
101143,2025-03-12 19:26:00,14,Salmon Nigiri,1,Alex,Dine-In,9.0
102527,2025-06-04 17:22:00,19,Salmon Nigiri,4,Jordan,Dine-In,36.0
103835,2025-08-20 17:22:00,21,Salmon Roll,2,Chris,Takeout,21.0
104833,2025-10-20 19:38:00,25,Miso Soup,2,Taylor,Dine-In,8.0
100133,2025-01-08 12:10:00,25,Miso Soup,1,Alex,Takeout,4.0
101171,2025-03-14 14:16:00,14,California Roll,2,Sam,Takeout,17.0
104875,2025-10-23 18:44:00,15,Miso Soup,1,Sam,Delivery,4.0
102834,2025-06-22 20:04:00,26,Salmon Roll,2,Chris,Delivery,21.0
101770,2025-04-20 18:24:00,2,Tuna Nigiri,1,Sam,Takeout,10.0
105501,2025-11-29 20:43:00,25,California Roll,4,Jordan,Dine-In,34.0
100747,2025-02-15 12:52:00,4,Salmon Nigiri,1,Jordan,Dine-In,9.0
101880,2025-04-26 11:59:00,5,Yellowtail Nigiri,1,Jordan,Dine-In,11.0
101323,2025-03-24 20:17:00,23,Spicy Tuna Roll,1,Mia,Takeout,11.0
103482,2025-07-30 13:45:00,4,Sashimi Platter,1,Sam,Dine-In,24.0
100502,2025-01-30 17:30:00,2,Tuna Nigiri,3,Taylor,Dine-In,30.0
104097,2025-09-05 20:10:00,29,Matcha Cheesecake,3,Chris,Takeout,21.0
102822,2025-06-21 21:27:00,22,Salmon Nigiri,3,Mia,Takeout,27.0
102487,2025-06-02 12:58:00,25,Yellowtail Nigiri,4,Alex,Delivery,44.0
104598,2025-10-06 13:55:00,22,Salmon Nigiri,3,Jordan,Dine-In,27.0
105308,2025-11-18 19:26:00,10,Edamame,1,Mia,Dine-In,6.0
100801,2025-02-18 18:31:00,27,Edamame,1,Alex,Dine-In,6.0
103790,2025-08-17 19:47:00,13,Dragon Roll,3,Chris,Dine-In,45.0
103204,2025-07-13 13:31:00,21,Gyoza,1,Taylor,Takeout,8.0
101906,2025-04-27 18:15:00,4,Miso Soup,2,Mia,Takeout,8.0
102307,2025-05-21 13:29:00,20,Dragon Roll,1,Jordan,Dine-In,15.0
102081,2025-05-07 17:57:00,6,Edamame,1,Sam,Takeout,6.0
100169,2025-01-10 13:40:00,2,Spicy Tuna Roll,1,Chris,Dine-In,11.0
103018,2025-07-03 18:52:00,28,Spicy Tuna Roll,2,Alex,Dine-In,22.0
102524,2025-06-04 13:54:00,29,Spicy Tuna Roll,4,Taylor,Dine-In,44.0
101610,2025-04-11 19:34:00,6,Tuna Nigiri,4,Alex,Dine-In,40.0
102643,2025-06-10 18:47:00,2,California Roll,2,Mia,Dine-In,17.0
100477,2025-01-29 12:16:00,13,Miso Soup,4,Alex,Dine-In,16.0
104880,2025-10-23 20:47:00,19,Edamame,4,Chris,Dine-In,24.0
103743,2025-08-15 17:23:00,2,Spicy Tuna Roll,1,Alex,Takeout,11.0
105305,2025-11-18 14:14:00,29,MISO SOUP,3,Sam,Dine-In,12.0
102843,2025-06-23 12:03:00,14,Edamame,1,Taylor,Dine-In,6.0
102410,2025-05-28 20:40:00,26,California Roll,2,Alex,Dine-In,17.0
105219,2025-11-12 19:48:00,20,California Roll,4,Chris,Dine-In,34.0
100231,2025-01-13 18:20:00,1,Matcha Cheesecake,2,Jordan,Takeout,14.0
105108,2025-11-05 20:08:00,4,Hamachi Kama,1,Chris,Delivery,18.0
102188,2025-05-13 17:25:00,10,Tempura Udon,2,Chris,Takeout,28.0
103218,2025-07-14 12:05:00,24,Sashimi Platter,1,Jordan,Delivery,24.0
101696,2025-04-16 18:08:00,4,Spicy Tuna Roll,1,Alex,Dine-In,11.0
102535,2025-06-04 18:49:00,12,Tuna Nigiri,2,Alex,Delivery,20.0
105389,2025-11-23 17:05:00,29,Salmon Nigiri,2,Mia,Dine-In,18.0
101789,2025-04-21 20:43:00,21,Tuna Nigiri,1,Alex,Dine-In,10.0
101045,2025-03-05 13:11:00,10,Gyoza,2,Mia,Dine-In,16.0
103969,2025-08-28 20:15:00,29,Salmon Nigiri,1,Jordan,Dine-In,9.0
100018,2025-01-01 20:52:00,1,Salmon Nigiri,2,Chris,Dine-In,18.0
100535,2025-02-02 12:14:00,12,Spicy Tuna Roll,1,Chris,Dine-In,11.0
103317,2025-07-20 12:21:00,4,Hamachi Kama,1,Chris,Takeout,18.0
101129,2025-03-11 18:14:00,13,Salmon Roll,1,Sam,Takeout,10.5
103859,2025-08-22 14:29:00,25,California Roll,2,Jordan,Dine-In,17.0
102347,2025-05-25 12:51:00,13,Miso Soup,2,Alex,Delivery,8.0
105085,2025-11-04 12:30:00,21,Yellowtail Nigiri,1,Sam,Takeout,11.0
104946,2025-10-27 17:50:00,18,Edamame,2,Chris,Dine-In,12.0
101838,2025-04-24 14:29:00,12,Edamame,4,Alex,Takeout,24.0
101497,2025-04-04 12:56:00,8,California Roll,4,Taylor,Dine-In,34.0
105078,2025-11-03 18:42:00,11,Gyoza,1,Chris,Delivery,8.0
104630,2025-10-08 12:04:00,20,Tuna Nigiri,2,Taylor,Delivery,20.0
105806,2025-12-18 13:07:00,7,Sashimi Platter,1,Mia,Dine-In,24.0
102759,2025-06-18 18:59:00,7,Yellowtail Nigiri,1,Chris,Delivery,11.0
102437,2025-05-30 11:38:00,3,Miso Soup,2,Chris,Dine-In,8.0
100713,2025-02-13 18:16:00,6,Salmon Roll,1,Sam,Delivery,10.5
104782,2025-10-17 11:48:00,8,Salmon Nigiri,1,Jordan,Dine-In,9.0
103102,2025-07-07 18:05:00,27,Tempura Udon,2,Mia,Takeout,28.0
103286,2025-07-17 20:25:00,16,Tuna Nigiri,3,Mia,Takeout,30.0
104620,2025-10-07 18:28:00,23,Salmon Nigiri,4,Chris,Takeout,36.0
104602,2025-10-06 18:34:00,23,Salmon Roll,1,Jordan,Delivery,10.5
104945,2025-10-27 17:50:00,30,Hamachi Kama,1,Taylor,Dine-In,18.0
102893,2025-06-26 17:20:00,27,Yellowtail Nigiri,3,Chris,Takeout,33.0
105702,2025-12-11 21:23:00,29,Salmon Roll,3,Mia,Dine-In,31.5
100677,2025-02-11 18:16:00,23,Miso Soup,3,Taylor,Dine-In,12.0
103081,2025-07-06 17:05:00,21,Dragon Roll,1,Jordan,Takeout,15.0
103659,2025-08-10 21:18:00,21,Tuna Nigiri,1,Taylor,Dine-In,10.0
102442,2025-05-30 17:43:00,21,Edamame,1,Taylor,Dine-In,6.0
101721,2025-04-17 18:19:00,21,Dragon Roll,2,Alex,Dine-In,30.0
100015,2025-01-01 20:25:00,29,Tuna Nigiri,1,Chris,Dine-In,10.0
101224,2025-03-17 21:26:00,30,California Roll,3,Taylor,Dine-In,25.5
100916,2025-02-25 20:58:00,27,Salmon Nigiri,4,Taylor,Takeout,36.0
102046,2025-05-05 19:08:00,30,Salmon Nigiri,1,Jordan,Dine-In,9.0
101502,2025-04-04 17:18:00,13,Hamachi Kama,2,Mia,Dine-In,36.0
102576,2025-06-07 13:12:00,21,Yellowtail Nigiri,4,Taylor,Takeout,44.0
105273,2025-11-16 18:26:00,21,Spicy Tuna Roll,3,Mia,Delivery,33.0
100970,2025-03-01 14:00:00,29,Gyoza,1,Sam,Dine-In,8.0
101039,2025-03-04 21:04:00,8,Salmon Nigiri,1,Taylor,Delivery,9.0
102888,2025-06-25 21:14:00,4,Miso Soup,3,Mia,Dine-In,12.0
100066,2025-01-04 17:45:00,12,Salmon Nigiri,4,Jordan,Delivery,36.0
100756,2025-02-15 19:02:00,26,Spicy Tuna Roll,2,Taylor,Dine-In,22.0
104950,2025-10-27 19:35:00,6,California Roll,1,Chris,Takeout,8.5
104323,2025-09-19 14:30:00,21,Edamame,1,Sam,Takeout,6.0
101821,2025-04-23 14:28:00,16,Yellowtail Nigiri,3,Chris,Dine-In,33.0
101489,2025-04-03 18:27:00,17,California Roll,3,Taylor,Dine-In,25.5
100507,2025-01-30 20:30:00,19,Salmon Roll,4,Mia,Delivery,42.0
102793,2025-06-20 11:44:00,16,Salmon Nigiri,1,Alex,Dine-In,9.0
105680,2025-12-10 18:03:00,1,Edamame,1,Mia,Takeout,6.0
104962,2025-10-28 17:06:00,6,Salmon Nigiri,1,Chris,Takeout,9.0
103701,2025-08-12 21:09:00,7,California Roll,4,Sam,Dine-In,34.0
103934,2025-08-26 21:26:00,29,California Roll,3,Mia,Takeout,25.5
100711,2025-02-13 18:06:00,6,Salmon Roll,3,Sam,Dine-In,31.5
102155,2025-05-11 17:18:00,11,California Roll,2,Taylor,Dine-In,17.0
100089,2025-01-05 17:48:00,26,Chicken Teriyaki,2,Taylor,Dine-In,32.0
102452,2025-05-30 21:08:00,11,Salmon Roll,4,Jordan,Dine-In,42.0
100890,2025-02-24 19:22:00,30,Tuna Nigiri,1,Jordan,Dine-In,10.0
103661,2025-08-11 11:47:00,10,Gyoza,1,Taylor,Dine-In,8.0
102919,2025-06-27 20:36:00,22,Dragon Roll,2,Chris,Delivery,30.0
103215,2025-07-13 21:00:00,6,Dragon Roll,1,Unknown,Dine-In,15.0
101452,2025-04-01 13:43:00,26,Tuna Nigiri,4,Alex,Delivery,40.0
101422,2025-03-30 17:48:00,9,Miso Soup,4,Sam,Dine-In,16.0
101200,2025-03-16 14:29:00,25,Salmon Roll,2,Taylor,Dine-In,21.0
100784,2025-02-17 18:03:00,23,Edamame,4,Taylor,Dine-In,24.0
100627,2025-02-08 14:03:00,17,California Roll,1,Alex,Takeout,8.5
101048,2025-03-05 14:11:00,25,Edamame,2,Sam,Dine-In,12.0
100878,2025-02-23 21:12:00,25,Chicken Teriyaki,2,Jordan,Dine-In,32.0
100421,2025-01-25 12:56:00,29,Tuna Nigiri,2,Mia,Dine-In,20.0
105621,2025-12-06 20:51:00,6,Salmon Nigiri,2,Alex,Dine-In,18.0
102573,2025-06-06 21:13:00,9,Chicken Teriyaki,1,Jordan,Dine-In,16.0
100374,2025-01-21 20:11:00,26,Tempura Udon,1,Jordan,Dine-In,14.0
103415,2025-07-26 14:02:00,21,Salmon Nigiri,2,Sam,Delivery,18.0
101653,2025-04-14 13:40:00,19,Tuna Nigiri,1,Taylor,Dine-In,10.0
101102,2025-03-09 19:32:00,22,Spicy Tuna Roll,1,Alex,Takeout,11.0
103115,2025-07-08 14:00:00,5,Salmon Roll,1,Taylor,Dine-In,10.5
102656,2025-06-11 12:43:00,27,Gyoza,1,Sam,Dine-In,8.0
103957,2025-08-28 14:00:00,19,Yellowtail Nigiri,4,Mia,Dine-In,44.0
105832,2025-12-20 13:21:00,14,Yellowtail Nigiri,1,Alex,Dine-In,11.0
105194,2025-11-11 12:26:00,24,Yellowtail Nigiri,3,Mia,Delivery,33.0
100656,2025-02-10 14:15:00,17,Edamame,2,Alex,Dine-In,12.0
105705,2025-12-12 12:01:00,1,Chicken Teriyaki,1,Alex,Takeout,16.0
100706,2025-02-13 14:14:00,30,Spicy Tuna Roll,1,Mia,Dine-In,11.0
105144,2025-11-08 12:47:00,16,Spicy Tuna Roll,4,Mia,Delivery,44.0
102150,2025-05-10 21:08:00,2,Dragon Roll,1,Alex,Dine-In,15.0
104631,2025-10-08 12:04:00,28,Spicy Tuna Roll,1,Alex,Takeout,11.0
101380,2025-03-28 12:22:00,18,Salmon Nigiri,2,Sam,Takeout,18.0
101198,2025-03-16 11:53:00,3,Yellowtail Nigiri,1,Chris,Dine-In,11.0
104677,2025-10-11 11:46:00,20,Spicy Tuna Roll,1,Jordan,Dine-In,11.0
104318,2025-09-19 12:51:00,18,Salmon Roll,1,Taylor,Takeout,10.5
105421,2025-11-25 18:03:00,9,Spicy Tuna Roll,3,Alex,Dine-In,33.0
103048,2025-07-04 20:13:00,24,California Roll,3,Alex,Takeout,25.5
100182,2025-01-10 21:12:00,25,Dragon Roll,2,Jordan,Dine-In,30.0
105034,2025-10-31 21:00:00,1,California Roll,1,Mia,Takeout,8.5
101182,2025-03-14 20:41:00,5,California Roll,1,Chris,Takeout,8.5
103517,2025-08-02 11:33:00,21,California Roll,3,Sam,Delivery,25.5
100965,2025-02-28 21:08:00,22,Spicy Tuna Roll,1,Jordan,Delivery,11.0
100562,2025-02-04 17:14:00,23,Spicy Tuna Roll,1,Alex,Dine-In,11.0
103769,2025-08-16 20:40:00,2,Spicy Tuna Roll,3,Sam,Dine-In,33.0
104854,2025-10-22 14:04:00,5,Spicy Tuna Roll,1,Alex,Takeout,11.0
101074,2025-03-07 18:37:00,8,Gyoza,2,Jordan,Takeout,16.0
101311,2025-03-24 12:45:00,30,Spicy Tuna Roll,1,Jordan,Delivery,11.0
101184,2025-03-15 12:37:00,28,Spicy Tuna Roll,1,Chris,Dine-In,11.0
104343,2025-09-20 18:17:00,22,Matcha Cheesecake,1,Chris,Takeout,7.0
103552,2025-08-04 18:03:00,6,Spicy Tuna Roll,1,Taylor,Delivery,11.0
101719,2025-04-17 17:46:00,12,Miso Soup,1,Chris,Dine-In,4.0
100260,2025-01-15 14:12:00,1,Salmon Nigiri,4,Taylor,Delivery,36.0
100280,2025-01-16 17:24:00,21,California Roll,4,Jordan,Dine-In,34.0
105193,2025-11-11 12:14:00,1,Tuna Nigiri,4,Mia,Delivery,40.0
101412,2025-03-29 19:06:00,20,Spicy Tuna Roll,4,Jordan,Takeout,44.0
100199,2025-01-11 19:03:00,28,Edamame,3,Jordan,Dine-In,18.0
105534,2025-12-01 20:10:00,26,Hamachi Kama,2,Sam,Takeout,36.0
102289,2025-05-20 11:54:00,12,Edamame,3,Mia,Takeout,18.0
104061,2025-09-04 11:59:00,11,Dragon Roll,2,Mia,Takeout,30.0
101245,2025-03-19 17:58:00,8,Dragon Roll,1,Chris,Delivery,15.0
104582,2025-10-04 18:46:00,24,Tuna Nigiri,4,Jordan,Dine-In,40.0
102989,2025-07-01 18:09:00,18,Tuna Nigiri,2,Alex,Dine-In,20.0
104563,2025-10-03 18:56:00,8,Spicy Tuna Roll,4,Alex,Dine-In,44.0
100684,2025-02-12 12:20:00,2,Spicy Tuna Roll,1,Jordan,Dine-In,11.0
105812,2025-12-18 18:26:00,9,Salmon Nigiri,1,Unknown,Takeout,9.0
105646,2025-12-08 13:32:00,4,Yellowtail Nigiri,4,Jordan,Takeout,44.0
103823,2025-08-19 19:28:00,8,Gyoza,1,Mia,Dine-In,8.0
101401,2025-03-29 12:17:00,14,Salmon Roll,2,Sam,Takeout,21.0
104807,2025-10-18 20:55:00,20,Sashimi Platter,2,Mia,Dine-In,48.0
105829,2025-12-19 21:28:00,19,Tempura Udon,1,Taylor,Dine-In,14.0
104348,2025-09-20 19:05:00,21,Salmon Nigiri,1,Taylor,Takeout,9.0
101254,2025-03-20 12:42:00,1,Salmon Nigiri,3,Sam,Dine-In,27.0
103127,2025-07-08 20:34:00,9,Tempura Udon,4,Taylor,Dine-In,56.0
102620,2025-06-09 17:23:00,11,Spicy Tuna Roll,1,Sam,Dine-In,11.0
105491,2025-11-29 17:59:00,15,Salmon Roll,2,Alex,Takeout,21.0
101407,2025-03-29 18:12:00,21,California Roll,1,Mia,Takeout,8.5
105938,2025-12-27 19:42:00,8,Tuna Nigiri,2,Chris,Dine-In,20.0
102820,2025-06-21 20:33:00,10,Hamachi Kama,4,Jordan,Dine-In,72.0
102324,2025-05-22 20:46:00,21,Edamame,3,Sam,Dine-In,18.0
105890,2025-12-24 21:09:00,1,Dragon Roll,1,Jordan,Dine-In,15.0
103114,2025-07-08 12:25:00,20,Spicy Tuna Roll,4,Jordan,Dine-In,44.0
102264,2025-05-18 13:18:00,27,Miso Soup,2,Mia,Dine-In,8.0
102182,2025-05-13 11:30:00,22,Hamachi Kama,1,Mia,Dine-In,18.0
100016,2025-01-01 20:25:00,7,Salmon Nigiri,1,Jordan,Dine-In,9.0
105446,2025-11-26 19:12:00,16,California Roll,1,Sam,Dine-In,8.5
100352,2025-01-20 13:04:00,22,Spicy Tuna Roll,1,Taylor,Dine-In,11.0
101221,2025-03-17 19:34:00,7,Tuna Nigiri,1,Mia,Dine-In,10.0
105918,2025-12-26 20:18:00,4,Chicken Teriyaki,1,Mia,Dine-In,16.0
104173,2025-09-10 13:48:00,8,Dragon Roll,1,Chris,Takeout,15.0
103117,2025-07-08 17:49:00,9,Tempura Udon,4,Taylor,Dine-In,56.0
103837,2025-08-20 18:04:00,12,Tuna Nigiri,1,Chris,Dine-In,10.0
101757,2025-04-19 20:41:00,7,Salmon Nigiri,1,Mia,Dine-In,9.0
102214,2025-05-15 11:59:00,29,Edamame,2,Mia,Dine-In,12.0
103839,2025-08-20 18:54:00,23,Tempura Udon,1,Mia,Dine-In,14.0
103945,2025-08-27 14:11:00,17,Edamame,1,Sam,Dine-In,6.0
101872,2025-04-25 20:16:00,2,California Roll,3,Taylor,Delivery,25.5
105072,2025-11-03 17:48:00,27,Yellowtail Nigiri,1,Mia,Takeout,11.0
102227,2025-05-16 12:19:00,11,Miso Soup,2,Jordan,Dine-In,8.0
100536,2025-02-02 14:03:00,17,Gyoza,1,Jordan,Dine-In,8.0
102776,2025-06-19 17:41:00,11,Salmon Nigiri,2,Taylor,Takeout,18.0
103090,2025-07-06 19:57:00,26,Spicy Tuna Roll,1,Alex,Takeout,11.0
102874,2025-06-25 14:10:00,7,Tuna Nigiri,4,Jordan,Dine-In,40.0
105000,2025-10-30 18:14:00,3,Salmon Nigiri,2,Mia,Dine-In,18.0
103110,2025-07-07 20:40:00,20,California Roll,4,Chris,Dine-In,34.0
105896,2025-12-25 13:55:00,24,Salmon Roll,4,Chris,Takeout,42.0
102992,2025-07-01 20:30:00,19,Dragon Roll,2,Taylor,Dine-In,30.0
101408,2025-03-29 18:37:00,7,Spicy Tuna Roll,2,Taylor,Dine-In,22.0
102224,2025-05-16 11:44:00,1,Chicken Teriyaki,2,Mia,Dine-In,32.0
104600,2025-10-06 14:23:00,21,Spicy Tuna Roll,1,Chris,Dine-In,11.0
103561,2025-08-05 14:13:00,14,Chicken Teriyaki,2,Mia,Delivery,32.0
102030,2025-05-04 18:26:00,18,Miso Soup,2,Sam,Dine-In,8.0
101455,2025-04-01 18:11:00,3,Spicy Tuna Roll,2,Chris,Dine-In,22.0
100009,2025-01-01 18:15:00,16,Matcha Cheesecake,1,Sam,Dine-In,7.0
103323,2025-07-20 18:47:00,19,Salmon Nigiri,1,Jordan,Takeout,9.0
105584,2025-12-04 12:49:00,3,Yellowtail Nigiri,1,Sam,Dine-In,11.0
103383,2025-07-24 12:14:00,28,Tempura Udon,4,Mia,Dine-In,56.0
102743,2025-06-17 14:30:00,25,Salmon Nigiri,2,Taylor,Dine-In,18.0
100795,2025-02-17 21:08:00,14,Hamachi Kama,3,Chris,Dine-In,54.0
102926,2025-06-28 17:04:00,29,Tempura Udon,1,Chris,Dine-In,14.0
101033,2025-03-04 20:14:00,12,Yellowtail Nigiri,1,Jordan,Dine-In,11.0
105076,2025-11-03 18:35:00,13,Salmon Roll,3,Mia,Delivery,31.5
100427,2025-01-25 14:27:00,22,Dragon Roll,1,Mia,Dine-In,15.0
100034,2025-01-02 20:33:00,21,Miso Soup,3,Sam,Takeout,12.0
104128,2025-09-07 18:01:00,17,Chicken Teriyaki,2,Taylor,Dine-In,32.0
100045,2025-01-03 13:37:00,1,California Roll,3,Jordan,Dine-In,25.5
104535,2025-10-01 21:19:00,2,Spicy Tuna Roll,2,Taylor,Takeout,22.0
101892,2025-04-26 19:30:00,7,Matcha Cheesecake,1,Jordan,Takeout,7.0
102277,2025-05-19 17:50:00,9,Spicy Tuna Roll,3,Taylor,Dine-In,33.0
103679,2025-08-12 11:38:00,18,Salmon Roll,1,Mia,Dine-In,10.5
104770,2025-10-16 14:16:00,6,Gyoza,1,Sam,Dine-In,8.0
105315,2025-11-19 12:55:00,19,Edamame,1,Taylor,Dine-In,6.0
105453,2025-11-26 21:28:00,7,Salmon Roll,1,Mia,Delivery,10.5
104073,2025-09-04 19:15:00,21,California Roll,2,Sam,Delivery,17.0
102597,2025-06-08 12:38:00,19,Yellowtail Nigiri,2,Chris,Dine-In,22.0
100064,2025-01-04 17:23:00,8,Tempura Udon,2,Sam,Takeout,28.0
102379,2025-05-26 20:39:00,9,Matcha Cheesecake,1,Chris,Takeout,7.0
102274,2025-05-19 17:07:00,28,Tempura Udon,2,Mia,Takeout,28.0
103607,2025-08-08 11:44:00,10,Spicy Tuna Roll,2,Jordan,Dine-In,22.0
105179,2025-11-10 13:25:00,13,Spicy Tuna Roll,2,Jordan,Dine-In,22.0
101695,2025-04-16 18:01:00,13,Matcha Cheesecake,4,Taylor,Dine-In,28.0
103163,2025-07-10 20:10:00,2,Edamame,1,Chris,Dine-In,6.0
103210,2025-07-13 19:22:00,22,Miso Soup,3,Alex,Dine-In,12.0
102671,2025-06-12 14:18:00,26,Miso Soup,1,Jordan,Takeout,4.0
105373,2025-11-22 19:52:00,15,California Roll,1,Taylor,Dine-In,8.5
103265,2025-07-16 17:01:00,29,Tuna Nigiri,2,Mia,Dine-In,20.0
101546,2025-04-07 17:57:00,4,Dragon Roll,2,Taylor,Delivery,30.0
103750,2025-08-15 19:09:00,2,Miso Soup,2,Chris,Dine-In,8.0
100587,2025-02-05 18:47:00,3,Miso Soup,3,Mia,Dine-In,12.0
102421,2025-05-29 17:23:00,29,Tempura Udon,3,Alex,Dine-In,42.0
103834,2025-08-20 17:19:00,28,California Roll,1,Taylor,Delivery,8.5
102216,2025-05-15 12:21:00,27,Salmon Roll,1,Sam,Dine-In,10.5
102441,2025-05-30 13:28:00,22,Chicken Teriyaki,1,Jordan,Dine-In,16.0
102583,2025-06-07 18:18:00,13,Hamachi Kama,2,Sam,Dine-In,36.0
101331,2025-03-25 14:28:00,29,Chicken Teriyaki,2,Mia,Dine-In,32.0
105185,2025-11-10 19:20:00,20,Gyoza,4,Jordan,Dine-In,32.0
102245,2025-05-16 21:20:00,20,Salmon Roll,3,Alex,Takeout,31.5
103883,2025-08-24 14:10:00,17,Yellowtail Nigiri,1,Jordan,Dine-In,11.0
105720,2025-12-12 20:36:00,24,Dragon Roll,4,Alex,Dine-In,60.0
103860,2025-08-22 18:35:00,21,Dragon Roll,4,Taylor,Dine-In,60.0
103211,2025-07-13 20:26:00,8,California Roll,1,Jordan,Dine-In,8.5
105007,2025-10-30 20:28:00,15,Yellowtail Nigiri,2,Sam,Dine-In,22.0
103793,2025-08-17 20:27:00,6,Spicy Tuna Roll,1,Jordan,Dine-In,11.0
102318,2025-05-22 13:35:00,25,Yellowtail Nigiri,2,Alex,Dine-In,22.0
100474,2025-01-28 20:23:00,12,Edamame,1,Mia,Dine-In,6.0
101481,2025-04-03 12:17:00,25,Salmon Nigiri,1,Mia,Delivery,9.0
105356,2025-11-21 21:23:00,20,Chicken Teriyaki,2,Mia,Dine-In,32.0
100298,2025-01-17 14:03:00,21,Spicy Tuna Roll,2,Alex,Dine-In,22.0
100304,2025-01-17 19:16:00,15,Salmon Nigiri,4,Mia,Dine-In,36.0
105042,2025-11-01 17:28:00,17,Miso Soup,1,Sam,Takeout,4.0
102852,2025-06-23 21:24:00,15,Salmon Roll,4,Chris,Dine-In,42.0
100811,2025-02-19 17:37:00,12,Miso Soup,2,Alex,Dine-In,8.0
101296,2025-03-22 21:20:00,5,Yellowtail Nigiri,2,Mia,Takeout,22.0
103044,2025-07-04 18:54:00,15,Dragon Roll,3,Jordan,Delivery,45.0
105580,2025-12-03 20:27:00,18,Gyoza,4,Jordan,Takeout,32.0
103013,2025-07-03 17:40:00,16,Chicken Teriyaki,1,Jordan,Dine-In,16.0
101169,2025-03-14 13:38:00,1,Salmon Nigiri,2,Taylor,Dine-In,18.0
100241,2025-01-14 13:40:00,20,Yellowtail Nigiri,2,Taylor,Dine-In,22.0
104841,2025-10-21 14:26:00,10,Salmon Nigiri,1,Taylor,Dine-In,9.0
103056,2025-07-05 13:21:00,16,Tempura Udon,1,Alex,Delivery,14.0
102705,2025-06-15 13:57:00,7,Gyoza,1,Chris,Delivery,8.0
101860,2025-04-25 13:51:00,16,Salmon Nigiri,1,Mia,Takeout,9.0
102677,2025-06-12 18:57:00,7,Gyoza,4,Jordan,Takeout,32.0
105572,2025-12-03 18:46:00,26,Dragon Roll,3,Jordan,Takeout,45.0
104340,2025-09-20 17:55:00,5,Gyoza,1,Sam,Dine-In,8.0
104398,2025-09-23 18:00:00,7,Yellowtail Nigiri,2,Mia,Delivery,22.0
104089,2025-09-05 12:39:00,30,Edamame,1,Mia,Dine-In,6.0
101613,2025-04-11 20:49:00,20,Matcha Cheesecake,2,Chris,Takeout,14.0
104560,2025-10-03 14:27:00,25,Salmon Roll,1,Chris,Takeout,10.5
103353,2025-07-22 17:43:00,21,Spicy Tuna Roll,2,Chris,Takeout,22.0
105733,2025-12-14 12:17:00,30,Salmon Nigiri,2,Taylor,Dine-In,18.0
102009,2025-05-03 13:57:00,3,California Roll,3,Mia,Takeout,25.5
103493,2025-07-31 12:29:00,6,Salmon Nigiri,2,Sam,Dine-In,18.0
105035,2025-10-31 21:06:00,13,Tempura Udon,4,Mia,Takeout,56.0
100334,2025-01-18 21:25:00,18,Dragon Roll,1,Alex,Takeout,15.0
100623,2025-02-08 13:04:00,1,California Roll,2,Alex,Dine-In,17.0
102388,2025-05-27 17:44:00,3,Yellowtail Nigiri,4,Chris,Takeout,44.0
105838,2025-12-20 18:28:00,16,California Roll,2,Alex,Dine-In,17.0
105867,2025-12-23 17:00:00,1,Salmon Roll,1,Alex,Delivery,10.5
103460,2025-07-29 12:44:00,14,Yellowtail Nigiri,1,Sam,Delivery,11.0
105082,2025-11-03 20:31:00,23,Spicy Tuna Roll,1,Sam,Takeout,11.0
103106,2025-07-07 19:20:00,2,Gyoza,1,Mia,Dine-In,8.0
105041,2025-11-01 17:26:00,14,Salmon Roll,1,Chris,Dine-In,10.5
102371,2025-05-26 19:05:00,14,Salmon Roll,2,Alex,Dine-In,21.0
100880,2025-02-24 12:51:00,23,Sashimi Platter,1,Mia,Dine-In,24.0
100248,2025-01-14 17:35:00,28,Dragon Roll,4,Taylor,Dine-In,60.0
104624,2025-10-07 19:51:00,24,Miso Soup,3,Chris,Takeout,12.0
103930,2025-08-26 20:22:00,14,Edamame,2,Sam,Dine-In,12.0
103816,2025-08-19 17:15:00,11,Spicy Tuna Roll,4,Chris,Takeout,44.0
103208,2025-07-13 18:32:00,11,Spicy Tuna Roll,2,Taylor,Dine-In,22.0
104698,2025-10-12 19:35:00,4,Tuna Nigiri,1,Taylor,Dine-In,10.0
101672,2025-04-15 13:51:00,14,Yellowtail Nigiri,1,Taylor,Takeout,11.0
105516,2025-11-30 19:34:00,6,Gyoza,4,Chris,Dine-In,32.0
100692,2025-02-12 18:37:00,19,Miso Soup,1,Mia,Dine-In,4.0
103631,2025-08-09 17:34:00,26,Hamachi Kama,2,Taylor,Dine-In,36.0
105195,2025-11-11 12:27:00,26,Matcha Cheesecake,1,Mia,Dine-In,7.0
102624,2025-06-09 19:59:00,9,California Roll,2,Mia,Delivery,17.0
101943,2025-04-29 19:59:00,3,California Roll,1,Mia,Dine-In,8.5
101109,2025-03-10 11:55:00,4,Yellowtail Nigiri,2,Taylor,Takeout,22.0
103827,2025-08-19 19:43:00,4,Tuna Nigiri,1,Jordan,Dine-In,10.0
103168,2025-07-11 17:54:00,5,Edamame,1,Mia,Dine-In,6.0
100599,2025-02-06 17:02:00,24,Spicy Tuna Roll,4,Taylor,Dine-In,44.0
101766,2025-04-20 14:10:00,12,Salmon Nigiri,3,Alex,Dine-In,27.0
100316,2025-01-18 12:53:00,8,Tempura Udon,1,Sam,Dine-In,14.0
102716,2025-06-15 20:18:00,27,Salmon Nigiri,2,Taylor,Takeout,18.0
104170,2025-09-10 11:43:00,9,California Roll,2,Taylor,Takeout,17.0
100150,2025-01-08 20:22:00,1,Spicy Tuna Roll,1,Taylor,Dine-In,11.0
105163,2025-11-09 17:22:00,25,Chicken Teriyaki,2,Alex,Dine-In,32.0
104652,2025-10-09 17:06:00,15,Miso Soup,1,Alex,Delivery,4.0
100291,2025-01-16 20:46:00,6,Edamame,2,Unknown,Takeout,12.0
100454,2025-01-27 17:32:00,28,Miso Soup,1,Jordan,Dine-In,4.0
101421,2025-03-30 17:44:00,24,Miso Soup,3,Mia,Takeout,12.0
104903,2025-10-25 13:29:00,10,Edamame,2,Mia,Takeout,12.0
105449,2025-11-26 19:52:00,7,Gyoza,3,Sam,Dine-In,24.0
105248,2025-11-14 17:54:00,18,Yellowtail Nigiri,2,Alex,Dine-In,22.0
101874,2025-04-25 20:29:00,13,Spicy Tuna Roll,1,Alex,Delivery,11.0
103492,2025-07-31 12:09:00,29,Edamame,3,Jordan,Dine-In,18.0
104078,2025-09-04 19:55:00,29,Gyoza,1,Mia,Takeout,8.0
103959,2025-08-28 17:31:00,24,Spicy Tuna Roll,4,Sam,Dine-In,44.0
104681,2025-10-11 19:44:00,12,Tempura Udon,2,Sam,Takeout,28.0
104629,2025-10-08 11:52:00,11,Salmon Roll,3,Mia,Dine-In,31.5
103675,2025-08-11 19:49:00,18,Spicy Tuna Roll,1,Chris,Dine-In,11.0
102389,2025-05-27 18:02:00,2,Miso Soup,1,Sam,Dine-In,4.0
101210,2025-03-16 20:59:00,15,Tuna Nigiri,4,Jordan,Takeout,40.0
104377,2025-09-22 17:32:00,29,Miso Soup,2,Taylor,Dine-In,8.0
100809,2025-02-19 12:01:00,1,Sashimi Platter,1,Taylor,Dine-In,24.0
104898,2025-10-24 21:26:00,10,Edamame,3,Mia,Dine-In,18.0
102618,2025-06-09 13:14:00,6,Salmon Roll,1,Alex,Dine-In,10.5
100743,2025-02-15 11:37:00,9,Chicken Teriyaki,4,Taylor,Takeout,64.0
102707,2025-06-15 18:08:00,24,Edamame,4,Sam,Dine-In,24.0
105510,2025-11-30 14:24:00,29,Salmon Nigiri,3,Mia,Delivery,27.0
104605,2025-10-06 18:46:00,10,Chicken Teriyaki,3,Sam,Takeout,48.0
102228,2025-05-16 12:25:00,19,Miso Soup,3,Jordan,Dine-In,12.0
105099,2025-11-05 12:04:00,21,Tuna Nigiri,1,Sam,Dine-In,10.0
101609,2025-04-11 19:02:00,12,Chicken Teriyaki,4,Mia,Dine-In,64.0
101324,2025-03-24 20:18:00,22,California Roll,1,Mia,Delivery,8.5
101596,2025-04-10 19:15:00,8,Tuna Nigiri,2,Chris,Dine-In,20.0
100350,2025-01-19 21:17:00,22,Salmon Roll,1,Jordan,Delivery,10.5
105430,2025-11-25 20:30:00,19,Yellowtail Nigiri,2,Alex,Takeout,22.0
105092,2025-11-04 18:39:00,2,Yellowtail Nigiri,3,Alex,Takeout,33.0
103693,2025-08-12 19:42:00,3,California Roll,2,Chris,Dine-In,17.0
100382,2025-01-22 18:06:00,26,Chicken Teriyaki,2,Taylor,Takeout,32.0
104270,2025-09-15 21:14:00,9,Salmon Nigiri,1,Taylor,Delivery,9.0
103472,2025-07-29 20:41:00,7,Tuna Nigiri,1,Alex,Dine-In,10.0
103654,2025-08-10 20:08:00,14,Edamame,2,Sam,Dine-In,12.0
100423,2025-01-25 13:27:00,19,Salmon Roll,1,Alex,Dine-In,10.5
104999,2025-10-30 18:12:00,8,Tuna Nigiri,1,Alex,Takeout,10.0
105348,2025-11-21 11:55:00,8,Sashimi Platter,1,Sam,Dine-In,24.0
104986,2025-10-29 18:25:00,4,Miso Soup,2,Alex,Dine-In,8.0
103574,2025-08-06 14:11:00,9,California Roll,1,Sam,Dine-In,8.5
105287,2025-11-17 14:08:00,22,Salmon Roll,1,Alex,Takeout,10.5
100125,2025-01-07 19:28:00,28,Dragon Roll,3,Chris,Dine-In,45.0
100103,2025-01-06 18:14:00,24,Yellowtail Nigiri,2,Chris,Dine-In,22.0
104895,2025-10-24 21:03:00,4,Chicken Teriyaki,2,Alex,Delivery,32.0
104447,2025-09-25 20:31:00,11,Gyoza,1,Chris,Dine-In,8.0
102580,2025-06-07 17:21:00,2,Yellowtail Nigiri,4,Jordan,Dine-In,44.0
102300,2025-05-20 19:31:00,22,Miso Soup,1,Chris,Dine-In,4.0
100487,2025-01-29 18:26:00,13,Hamachi Kama,2,Chris,Dine-In,36.0
103695,2025-08-12 19:55:00,24,Miso Soup,3,Alex,Dine-In,12.0
102265,2025-05-18 19:23:00,3,Chicken Teriyaki,1,Sam,Dine-In,16.0
101534,2025-04-06 20:12:00,12,Salmon Roll,3,Taylor,Dine-In,31.5
100136,2025-01-08 17:01:00,26,California Roll,2,Chris,Takeout,17.0
103314,2025-07-19 20:22:00,21,Spicy Tuna Roll,2,Sam,Dine-In,22.0
103247,2025-07-15 17:19:00,7,Chicken Teriyaki,1,Alex,Dine-In,16.0
105115,2025-11-06 13:31:00,3,Spicy Tuna Roll,2,Taylor,Dine-In,22.0
102115,2025-05-09 13:44:00,19,Tempura Udon,1,Chris,Delivery,14.0
101729,2025-04-17 19:54:00,26,Dragon Roll,1,Sam,Dine-In,15.0
104149,2025-09-08 17:25:00,7,California Roll,1,Alex,Dine-In,8.5
101023,2025-03-04 12:59:00,6,Salmon Nigiri ,1,Alex,Takeout,9.0
101920,2025-04-28 18:00:00,2,Tempura Udon,2,Mia,Delivery,28.0
104871,2025-10-23 17:10:00,15,Salmon Roll,2,Taylor,Delivery,21.0
102334,2025-05-23 20:13:00,20,Salmon Nigiri,2,Sam,Dine-In,18.0
101942,2025-04-29 19:48:00,28,California Roll,2,Taylor,Delivery,17.0
101563,2025-04-08 13:59:00,18,Miso Soup,2,Chris,Takeout,8.0
103691,2025-08-12 19:00:00,22,Tuna Nigiri,1,Chris,Dine-In,10.0
101565,2025-04-08 17:18:00,16,California Roll,2,Chris,Dine-In,17.0
104368,2025-09-21 19:52:00,4,Salmon Nigiri,1,Taylor,Dine-In,9.0
102719,2025-06-16 13:03:00,9,Gyoza,3,Alex,Takeout,24.0
103629,2025-08-09 13:40:00,16,Tuna Nigiri,2,Jordan,Dine-In,20.0
102413,2025-05-28 21:23:00,8,Tuna Nigiri,2,Sam,Delivery,20.0
100145,2025-01-08 18:41:00,5,spicy tuna roll,1,Chris,Takeout,11.0
100381,2025-01-22 17:40:00,25,California Roll,4,Taylor,Dine-In,34.0
104691,2025-10-12 17:19:00,11,Miso Soup,1,Chris,Dine-In,4.0
101439,2025-03-31 18:28:00,8,Tuna Nigiri,1,Taylor,Takeout,10.0
103367,2025-07-23 14:08:00,6,Salmon Nigiri,1,Taylor,Dine-In,9.0
100122,2025-01-07 18:26:00,12,Salmon Roll,4,Alex,Dine-In,42.0
101790,2025-04-21 20:43:00,14,Yellowtail Nigiri,2,Mia,Dine-In,22.0
100612,2025-02-07 17:54:00,4,California Roll,2,Mia,Dine-In,17.0
100731,2025-02-14 18:49:00,7,Salmon Nigiri,2,Mia,Dine-In,18.0
102339,2025-05-24 17:10:00,29,Gyoza,4,Alex,Dine-In,32.0
100419,2025-01-25 12:28:00,23,Salmon Nigiri,2,Sam,Delivery,18.0
104967,2025-10-28 18:27:00,2,Miso Soup,2,Chris,Dine-In,8.0
105814,2025-12-18 19:19:00,26,Salmon Nigiri,3,Mia,Takeout,27.0
101303,2025-03-23 17:04:00,7,Salmon Roll,1,Chris,Dine-In,10.5
102560,2025-06-05 20:06:00,8,California Roll,1,Alex,Dine-In,8.5
101345,2025-03-26 11:55:00,23,Salmon Nigiri,2,Taylor,Dine-In,18.0
105636,2025-12-07 20:11:00,9,Yellowtail Nigiri,1,Jordan,Dine-In,11.0
105790,2025-12-17 17:35:00,20,Salmon Nigiri,2,Alex,Dine-In,18.0
103195,2025-07-12 20:07:00,22,Gyoza,1,Taylor,Dine-In,8.0
105801,2025-12-17 21:13:00,19,Dragon Roll,3,Chris,Dine-In,45.0
100249,2025-01-14 18:03:00,16,Tempura Udon,2,Jordan,Takeout,28.0
101075,2025-03-07 18:59:00,30,Dragon Roll,3,Chris,Dine-In,45.0
104055,2025-09-03 19:04:00,3,Spicy Tuna Roll,2,Taylor,Delivery,22.0
100448,2025-01-26 20:09:00,16,Spicy Tuna Roll,1,Chris,Dine-In,11.0
104473,2025-09-27 19:38:00,26,Tuna Nigiri,1,Taylor,Dine-In,10.0
104703,2025-10-12 20:22:00,23,Salmon Nigiri,1,Alex,Dine-In,9.0
102293,2025-05-20 14:09:00,21,California Roll,1,Chris,Dine-In,8.5
104816,2025-10-19 18:11:00,8,Spicy Tuna Roll,2,Taylor,Takeout,22.0
102276,2025-05-19 17:21:00,12,Tempura Udon,2,Chris,Takeout,28.0
103571,2025-08-06 12:29:00,11,Salmon Nigiri,1,Sam,Dine-In,9.0
101003,2025-03-02 21:24:00,9,Salmon Roll,4,Mia,Dine-In,42.0
104081,2025-09-04 20:05:00,13,Miso Soup,3,Taylor,Dine-In,12.0
102520,2025-06-04 13:02:00,8,Yellowtail Nigiri,2,Jordan,Dine-In,22.0
103485,2025-07-30 17:14:00,21,Miso Soup,4,Sam,Dine-In,16.0
103382,2025-07-24 12:12:00,24,Yellowtail Nigiri,2,Sam,Dine-In,22.0
105910,2025-12-25 21:17:00,29,Salmon Roll,1,Mia,Takeout,10.5
101555,2025-04-07 20:25:00,13,Salmon Nigiri,1,Alex,Dine-In,9.0
100415,2025-01-24 19:51:00,4,Tempura Udon,1,Taylor,Delivery,14.0
100753,2025-02-15 18:03:00,24,California Roll,3,Taylor,Takeout,25.5
101761,2025-04-20 11:39:00,10,California Roll,4,Sam,Delivery,34.0
101742,2025-04-18 20:03:00,13,Tempura Udon,1,Jordan,Dine-In,14.0
100655,2025-02-10 14:08:00,11,Miso Soup,2,Taylor,Takeout,8.0
100813,2025-02-19 17:49:00,5,Salmon Nigiri,2,Alex,Dine-In,18.0
104587,2025-10-05 17:04:00,26,Yellowtail Nigiri,3,Jordan,Takeout,33.0
101781,2025-04-21 13:24:00,3,Salmon Nigiri,2,Alex,Takeout,18.0
105664,2025-12-09 18:20:00,13,Spicy Tuna Roll,1,Sam,Takeout,11.0
105981,2025-12-30 19:21:00,18,Chicken Teriyaki,2,Sam,Takeout,32.0
104606,2025-10-06 19:23:00,30,Tuna Nigiri,3,Taylor,Takeout,30.0
101882,2025-04-26 12:24:00,28,Spicy Tuna Roll,1,Mia,Dine-In,11.0
100590,2025-02-05 20:04:00,21,Spicy Tuna Roll,4,Chris,Takeout,44.0
104284,2025-09-16 17:59:00,29,Salmon Nigiri,1,Taylor,Dine-In,9.0
105842,2025-12-20 20:19:00,2,Chicken Teriyaki,1,Jordan,Takeout,16.0
101819,2025-04-23 13:58:00,3,Dragon Roll,1,Jordan,Delivery,15.0
101621,2025-04-12 18:07:00,9,Tuna Nigiri,1,Sam,Dine-In,10.0
104963,2025-10-28 17:33:00,2,California Roll,4,Alex,Dine-In,34.0
102861,2025-06-24 19:04:00,27,Salmon Roll,1,Sam,Dine-In,10.5
104060,2025-09-04 11:32:00,15,Spicy Tuna Roll,1,Mia,Takeout,11.0
101028,2025-03-04 18:16:00,22,Tuna Nigiri,1,Alex,Dine-In,10.0
105396,2025-11-23 19:31:00,7,Tuna Nigiri,1,Alex,Delivery,10.0
101903,2025-04-27 17:16:00,29,Spicy Tuna Roll,1,Mia,Takeout,11.0
104789,2025-10-17 17:30:00,16,Tuna Nigiri,3,Alex,Takeout,30.0
102856,2025-06-24 13:38:00,15,Spicy Tuna Roll,1,Taylor,Dine-In,11.0
102877,2025-06-25 17:34:00,11,Miso Soup,2,Mia,Dine-In,8.0
100209,2025-01-12 17:25:00,3,Miso Soup,4,Alex,Takeout,16.0
104075,2025-09-04 19:34:00,16,spicy tuna roll,3,Sam,Dine-In,33.0
105129,2025-11-07 19:30:00,30,Chicken Teriyaki,1,Mia,Dine-In,16.0
100426,2025-01-25 14:24:00,29,Salmon Nigiri,2,Chris,Delivery,18.0
104254,2025-09-14 17:58:00,23,Dragon Roll,1,Sam,Dine-In,15.0
102859,2025-06-24 18:24:00,4,Tempura Udon,3,Alex,Dine-In,42.0
105670,2025-12-09 20:54:00,5,Salmon Nigiri,4,Jordan,Dine-In,36.0
101974,2025-05-01 18:49:00,10,Edamame,1,Alex,Takeout,6.0
105291,2025-11-17 17:32:00,16,Dragon Roll,3,Taylor,Delivery,45.0
100111,2025-01-07 12:14:00,15,Yellowtail Nigiri,2,Mia,Dine-In,22.0
103095,2025-07-07 12:32:00,15,Edamame,2,Taylor,Takeout,12.0
103291,2025-07-18 13:39:00,20,Salmon Roll,4,Chris,Dine-In,42.0
102806,2025-06-21 12:53:00,26,Edamame,2,Jordan,Takeout,12.0
101226,2025-03-18 12:53:00,29,Chicken Teriyaki,2,Jordan,Takeout,32.0
101187,2025-03-15 13:44:00,26,Gyoza,1,Taylor,Dine-In,8.0
104554,2025-10-02 21:00:00,5,Salmon Roll,3,Sam,Dine-In,31.5
105725,2025-12-13 12:42:00,30,Gyoza,1,Alex,Dine-In,8.0
105416,2025-11-25 11:45:00,24,Spicy Tuna Roll,1,Jordan,Takeout,11.0
102690,2025-06-13 19:41:00,11,California Roll,1,Jordan,Takeout,8.5
101617,2025-04-12 13:01:00,14,Gyoza,1,Sam,Takeout,8.0
104985,2025-10-29 18:17:00,28,Miso Soup,3,Sam,Dine-In,12.0
103594,2025-08-07 14:28:00,30,California Roll,2,Sam,Dine-In,17.0
102019,2025-05-03 21:12:00,22,Spicy Tuna Roll,1,Sam,Dine-In,11.0
105463,2025-11-28 14:18:00,27,California Roll,3,Mia,Delivery,25.5
101624,2025-04-12 20:07:00,16,Spicy Tuna Roll,3,Mia,Dine-In,33.0
101047,2025-03-05 13:55:00,19,Spicy Tuna Roll,1,Chris,Delivery,11.0
101488,2025-04-03 18:10:00,28,Tempura Udon,1,Jordan,Dine-In,14.0
100438,2025-01-26 12:17:00,14,Chicken Teriyaki,3,Mia,Dine-In,48.0
102795,2025-06-20 12:48:00,22,Yellowtail Nigiri,1,Jordan,Dine-In,11.0
101220,2025-03-17 19:30:00,22,Salmon Roll,2,Alex,Delivery,21.0
104406,2025-09-23 20:13:00,9,Miso Soup,2,Taylor,Takeout,8.0
100108,2025-01-06 20:01:00,20,Salmon Roll,4,Chris,Dine-In,42.0
102903,2025-06-26 19:39:00,14,Salmon Roll,2,Sam,Takeout,21.0
100030,2025-01-02 19:07:00,23,Miso Soup,1,Taylor,Dine-In,4.0
103091,2025-07-06 20:00:00,9,California Roll,2,Chris,Takeout,17.0
102457,2025-05-31 13:26:00,3,Edamame,2,Chris,Takeout,12.0
100908,2025-02-25 19:14:00,15,Sashimi Platter,1,Jordan,Dine-In,24.0
101567,2025-04-08 18:19:00,3,Dragon Roll,1,Jordan,Dine-In,15.0
105003,2025-10-30 18:54:00,19,Spicy Tuna Roll,3,Chris,Delivery,33.0
100752,2025-02-15 17:36:00,1,Matcha Cheesecake,3,Sam,Dine-In,21.0
104237,2025-09-13 18:52:00,20,Spicy Tuna Roll,4,Sam,Dine-In,44.0
100585,2025-02-05 18:06:00,27,Edamame,3,Jordan,Takeout,18.0
105837,2025-12-20 18:23:00,11,California Roll,3,Chris,Takeout,25.5
104013,2025-08-31 14:24:00,27,Edamame,4,Taylor,Dine-In,24.0
104448,2025-09-25 20:33:00,7,Salmon Nigiri,4,Mia,Takeout,36.0
105015,2025-10-31 13:24:00,15,Matcha Cheesecake,4,Alex,Dine-In,28.0
104150,2025-09-08 17:29:00,30,Spicy Tuna Roll,1,Alex,Takeout,11.0
103870,2025-08-23 12:13:00,7,Spicy Tuna Roll,4,Alex,Dine-In,44.0
100894,2025-02-24 21:10:00,7,Spicy Tuna Roll,2,Sam,Takeout,22.0
103920,2025-08-26 12:55:00,12,Matcha Cheesecake,1,Taylor,Delivery,7.0
104303,2025-09-18 12:33:00,6,Tempura Udon,1,Chris,Delivery,14.0
104210,2025-09-12 18:33:00,16,Salmon Nigiri,1,Alex,Dine-In,9.0
101618,2025-04-12 13:10:00,6,Matcha Cheesecake,2,Alex,Dine-In,14.0
102764,2025-06-18 21:05:00,1,Miso Soup,1,Taylor,Takeout,4.0
105895,2025-12-25 13:29:00,27,Gyoza,2,Jordan,Takeout,16.0
103898,2025-08-25 11:42:00,15,Dragon Roll,2,Alex,Dine-In,30.0
100180,2025-01-10 20:35:00,22,Tuna Nigiri,2,Jordan,Takeout,20.0
103162,2025-07-10 19:24:00,24,California Roll,2,Taylor,Takeout,17.0
103035,2025-07-04 11:50:00,21,Matcha Cheesecake,4,Chris,Dine-In,28.0
103495,2025-07-31 14:08:00,4,Spicy Tuna Roll,2,Taylor,Takeout,22.0
102154,2025-05-11 17:09:00,5,California Roll,3,Sam,Dine-In,25.5
100995,2025-03-02 17:59:00,17,Salmon Nigiri,3,Taylor,Dine-In,27.0
103510,2025-08-01 18:52:00,26,Sashimi Platter,1,Alex,Dine-In,24.0
103154,2025-07-10 18:11:00,23,California Roll,2,Taylor,Dine-In,17.0
103774,2025-08-16 21:12:00,3,Tuna Nigiri,1,Sam,Dine-In,10.0
102003,2025-05-02 20:56:00,23,Salmon Roll,1,Sam,Dine-In,10.5
103442,2025-07-27 19:30:00,7,Tempura Udon,1,Alex,Dine-In,14.0
100091,2025-01-05 19:13:00,4,Salmon Nigiri,3,Sam,Dine-In,27.0
104576,2025-10-04 13:46:00,27,Dragon Roll,4,Jordan,Dine-In,60.0
103519,2025-08-02 13:19:00,22,Dragon Roll,3,Jordan,Dine-In,45.0
101194,2025-03-15 19:53:00,18,California Roll,1,Sam,Delivery,8.5
102146,2025-05-10 19:56:00,22,Dragon Roll,4,Mia,Takeout,60.0
100625,2025-02-08 13:21:00,27,Salmon Roll,4,Jordan,Dine-In,42.0
100070,2025-01-04 18:38:00,17,Gyoza,4,Alex,Dine-In,32.0
103647,2025-08-10 13:33:00,30,California Roll,1,Taylor,Takeout,8.5
102314,2025-05-21 21:09:00,25,Gyoza,1,Mia,Takeout,8.0
103514,2025-08-01 19:55:00,16,Edamame,1,Chris,Dine-In,6.0
102448,2025-05-30 19:46:00,2,Tuna Nigiri,1,Jordan,Dine-In,10.0
101243,2025-03-19 17:28:00,29,Salmon Nigiri,1,Sam,Dine-In,9.0
100765,2025-02-16 17:00:00,21,Tuna Nigiri,1,Alex,Dine-In,10.0
100294,2025-01-16 21:30:00,4,Edamame,3,Alex,Takeout,18.0
103609,2025-08-08 12:59:00,29,Spicy Tuna Roll,2,Mia,Takeout,22.0
100446,2025-01-26 19:45:00,11,Salmon Nigiri,1,Chris,Takeout,9.0
100469,2025-01-28 18:28:00,30,California Roll,2,Taylor,Dine-In,17.0
101673,2025-04-15 17:28:00,2,Spicy Tuna Roll,1,Jordan,Dine-In,11.0
101043,2025-03-05 12:10:00,7,California Roll,1,Taylor,Dine-In,8.5
100433,2025-01-25 20:37:00,30,Salmon Roll,1,Jordan,Takeout,10.5
101058,2025-03-05 20:46:00,6,Chicken Teriyaki,1,Chris,Takeout,16.0
104076,2025-09-04 19:45:00,16,Spicy Tuna Roll,2,Sam,Delivery,22.0
104728,2025-10-13 21:14:00,5,California Roll,1,Taylor,Delivery,8.5
105013,2025-10-31 12:34:00,21,Yellowtail Nigiri,1,Chris,Dine-In,11.0
100578,2025-02-05 13:10:00,30,Edamame,1,Taylor,Takeout,6.0
103241,2025-07-15 12:10:00,17,Edamame,1,Taylor,Dine-In,6.0
100246,2025-01-14 17:02:00,18,Sashimi Platter,1,Jordan,Dine-In,24.0
104205,2025-09-11 20:41:00,13,Salmon Nigiri,4,Alex,Dine-In,36.0
100368,2025-01-21 13:30:00,15,Matcha Cheesecake,2,Mia,Takeout,14.0
102458,2025-05-31 13:55:00,24,Salmon Roll,3,Jordan,Takeout,31.5
105671,2025-12-09 20:58:00,5,Dragon Roll,4,Taylor,Takeout,60.0
105532,2025-12-01 19:20:00,10,Gyoza,2,Taylor,Takeout,16.0
102865,2025-06-24 19:25:00,16,Gyoza,3,Alex,Dine-In,24.0
104542,2025-10-02 14:30:00,3,California Roll,3,Jordan,Dine-In,25.5
103269,2025-07-16 19:06:00,22,Spicy Tuna Roll,1,Sam,Dine-In,11.0
105521,2025-12-01 11:38:00,13,California Roll,4,Chris,Takeout,34.0
105898,2025-12-25 14:06:00,2,Tuna Nigiri,4,Taylor,Dine-In,40.0
102064,2025-05-06 18:15:00,14,Salmon Roll,1,Jordan,Dine-In,10.5
102358,2025-05-25 19:06:00,29,Salmon Roll,2,Alex,Dine-In,21.0
104487,2025-09-28 17:31:00,28,Edamame,1,Mia,Dine-In,6.0
102688,2025-06-13 19:06:00,19,California Roll,3,Jordan,Takeout,25.5
100556,2025-02-03 20:01:00,19,Yellowtail Nigiri,3,Jordan,Dine-In,33.0
103423,2025-07-26 19:45:00,22,Yellowtail Nigiri,1,Jordan,Dine-In,11.0
105425,2025-11-25 18:54:00,16,Salmon Nigiri,1,Mia,Delivery,9.0
101927,2025-04-28 20:58:00,1,Salmon Roll,1,Alex,Dine-In,10.5
104130,2025-09-07 18:16:00,6,Miso Soup,1,Alex,Takeout,4.0
102303,2025-05-20 21:02:00,12,Salmon Nigiri,3,Alex,Dine-In,27.0
101984,2025-05-01 21:25:00,7,Tempura Udon,4,Jordan,Takeout,56.0
102894,2025-06-26 17:47:00,24,California Roll,2,Sam,Dine-In,17.0
101667,2025-04-15 12:17:00,1,Dragon Roll,2,Mia,Dine-In,30.0
104167,2025-09-09 20:22:00,24,Tuna Nigiri,2,Chris,Dine-In,20.0
105605,2025-12-05 18:40:00,25,Tuna Nigiri,3,Jordan,Dine-In,30.0
100152,2025-01-08 21:01:00,1,Chicken Teriyaki,4,Taylor,Dine-In,64.0
105448,2025-11-26 19:46:00,17,Chicken Teriyaki,4,Chris,Dine-In,64.0
102880,2025-06-25 19:14:00,15,Yellowtail Nigiri,4,Sam,Dine-In,44.0
103732,2025-08-14 20:29:00,5,Hamachi Kama,3,Jordan,Takeout,54.0
101544,2025-04-07 17:01:00,2,Spicy Tuna Roll,2,Alex,Dine-In,22.0
104229,2025-09-13 17:12:00,3,Tempura Udon,4,Taylor,Delivery,56.0
105770,2025-12-16 11:58:00,30,Miso Soup,1,Mia,Dine-In,4.0
101514,2025-04-05 17:04:00,1,California Roll,1,Chris,Dine-In,8.5
103716,2025-08-13 17:47:00,23,Gyoza,1,Mia,Takeout,8.0
103704,2025-08-13 11:37:00,14,Salmon Nigiri,3,Jordan,Dine-In,27.0
102514,2025-06-04 11:46:00,3,Spicy Tuna Roll,2,Alex,Takeout,22.0
104883,2025-10-24 11:46:00,7,Sashimi Platter,2,Alex,Dine-In,48.0
105292,2025-11-17 17:58:00,25,Miso Soup,1,Alex,Dine-In,4.0
103086,2025-07-06 17:50:00,18,Dragon Roll,3,Jordan,Takeout,45.0
100749,2025-02-15 13:54:00,26,Edamame,2,Sam,Takeout,12.0
102830,2025-06-22 17:27:00,29,Spicy Tuna Roll,4,Chris,Takeout,44.0
103066,2025-07-05 18:27:00,20,Miso Soup,3,Sam,Dine-In,12.0
100997,2025-03-02 18:36:00,8,Spicy Tuna Roll,2,Jordan,Takeout,22.0
105834,2025-12-20 17:08:00,15,Sashimi Platter,2,Sam,Dine-In,48.0
103046,2025-07-04 19:46:00,27,Spicy Tuna Roll,1,Mia,Dine-In,11.0
102237,2025-05-16 18:33:00,10,California Roll,1,Sam,Delivery,8.5
103104,2025-07-07 18:39:00,30,Salmon Nigiri,3,Chris,Dine-In,27.0
101993,2025-05-02 17:02:00,5,Salmon Roll,1,Taylor,Dine-In,10.5
105472,2025-11-28 19:36:00,22,Gyoza,4,Alex,Dine-In,32.0
102858,2025-06-24 18:11:00,20,Tempura Udon,1,Mia,Dine-In,14.0
100492,2025-01-29 19:18:00,28,Tuna Nigiri,1,Alex,Delivery,10.0
104352,2025-09-20 20:11:00,27,Matcha Cheesecake,2,Alex,Dine-In,14.0
105661,2025-12-09 14:07:00,7,Salmon Nigiri,1,Alex,Dine-In,9.0
101104,2025-03-09 21:20:00,29,Spicy Tuna Roll,2,Taylor,Takeout,22.0
100472,2025-01-28 19:23:00,15,Edamame,1,Alex,Delivery,6.0
102986,2025-07-01 17:40:00,6,Spicy Tuna Roll,3,Mia,Delivery,33.0
102466,2025-05-31 19:58:00,17,Miso Soup,3,Sam,Takeout,12.0
104695,2025-10-12 18:54:00,24,Edamame,1,Jordan,Dine-In,6.0
100808,2025-02-19 12:01:00,12,California Roll,1,Chris,Takeout,8.5
105692,2025-12-11 13:53:00,7,Spicy Tuna Roll,3,Alex,Dine-In,33.0
103393,2025-07-24 19:48:00,6,Yellowtail Nigiri,1,Chris,Dine-In,11.0
101298,2025-03-23 11:38:00,21,Edamame,1,Taylor,Dine-In,6.0
100897,2025-02-25 11:30:00,1,Gyoza,2,Alex,Dine-In,16.0
100906,2025-02-25 18:29:00,13,Tuna Nigiri,1,Sam,Dine-In,10.0
103455,2025-07-28 18:36:00,26,Gyoza,3,Jordan,Delivery,24.0
105732,2025-12-13 21:20:00,21,California Roll,1,Mia,Dine-In,8.5
104337,2025-09-20 14:09:00,21,Tuna Nigiri,3,Sam,Dine-In,30.0
100355,2025-01-20 17:15:00,11,Tuna Nigiri,1,Taylor,Dine-In,10.0
100252,2025-01-14 19:20:00,26,Tuna Nigiri,1,Alex,Delivery,10.0
100186,2025-01-11 13:59:00,30,Yellowtail Nigiri,3,Chris,Dine-In,33.0
102678,2025-06-12 19:35:00,9,Tuna Nigiri,2,Jordan,Dine-In,20.0
102196,2025-05-13 19:33:00,28,Edamame,1,Mia,Takeout,6.0
103337,2025-07-21 18:16:00,10,Spicy Tuna Roll,2,Alex,Dine-In,22.0
102485,2025-06-02 12:32:00,29,Miso Soup,1,Chris,Delivery,4.0
100228,2025-01-13 13:43:00,11,Gyoza,2,Chris,Takeout,16.0
102782,2025-06-19 19:31:00,13,Salmon Nigiri,1,Sam,Dine-In,9.0
103806,2025-08-18 20:40:00,2,Gyoza,4,Taylor,Delivery,32.0
101193,2025-03-15 19:24:00,28,Salmon Roll,1,Taylor,Takeout,10.5
101034,2025-03-04 20:31:00,9,Gyoza,1,Chris,Takeout,8.0
103078,2025-07-06 13:49:00,6,California Roll,4,Alex,Dine-In,34.0
105262,2025-11-15 18:42:00,18,Edamame,1,Jordan,Dine-In,6.0
105481,2025-11-29 12:21:00,17,Miso Soup,2,Sam,Takeout,8.0
103451,2025-07-28 17:11:00,19,Tempura Udon,1,Sam,Takeout,14.0
105327,2025-11-19 20:32:00,10,Dragon Roll,1,Mia,Takeout,15.0
104585,2025-10-04 20:34:00,12,Miso Soup,2,Chris,Dine-In,8.0
102234,2025-05-16 18:01:00,15,Gyoza,3,Alex,Dine-In,24.0
102241,2025-05-16 20:26:00,2,Miso Soup,3,Jordan,Takeout,12.0
103862,2025-08-22 19:46:00,15,Edamame,1,Mia,Delivery,6.0
103788,2025-08-17 19:03:00,6,Spicy Tuna Roll,1,Mia,Delivery,11.0
100293,2025-01-16 20:58:00,17,Salmon Roll,1,Chris,Takeout,10.5
105184,2025-11-10 18:48:00,13,Spicy Tuna Roll,4,Sam,Takeout,44.0
100550,2025-02-02 21:22:00,11,Hamachi Kama,1,Sam,Takeout,18.0
101508,2025-04-04 21:00:00,29,California Roll,1,Mia,Dine-In,8.5
105390,2025-11-23 17:10:00,21,California Roll,2,Sam,Takeout,17.0
101145,2025-03-12 19:47:00,22,Tuna Nigiri,1,Sam,Dine-In,10.0
102901,2025-06-26 19:20:00,17,Chicken Teriyaki,1,Taylor,Takeout,16.0
101087,2025-03-08 17:29:00,5,Salmon Nigiri,1,Mia,Takeout,9.0
104902,2025-10-25 13:02:00,9,Tuna Nigiri,2,Taylor,Delivery,20.0
105045,2025-11-01 17:53:00,19,Spicy Tuna Roll,2,Alex,Dine-In,22.0
104234,2025-09-13 17:52:00,25,Yellowtail Nigiri,2,Chris,Delivery,22.0
102252,2025-05-17 17:35:00,26,Salmon Roll,1,Chris,Dine-In,10.5
101352,2025-03-26 17:29:00,6,California Roll,2,Mia,Dine-In,17.0
103909,2025-08-25 17:13:00,22,Tempura Udon,1,Alex,Takeout,14.0
101612,2025-04-11 20:26:00,3,Spicy Tuna Roll,4,Chris,Dine-In,44.0
101727,2025-04-17 19:22:00,9,Salmon Nigiri,2,Taylor,Takeout,18.0
103758,2025-08-16 12:54:00,9,Sashimi Platter,2,Chris,Takeout,48.0
103170,2025-07-11 18:13:00,13,Gyoza,3,Taylor,Delivery,24.0
104047,2025-09-03 13:28:00,21,Yellowtail Nigiri,1,Mia,Takeout,11.0
104145,2025-09-08 13:28:00,18,California Roll,1,Sam,Dine-In,8.5
105228,2025-11-13 13:16:00,13,Salmon Roll,4,Taylor,Dine-In,42.0
101120,2025-03-11 12:04:00,29,Matcha Cheesecake,2,Jordan,Delivery,14.0
103358,2025-07-22 20:01:00,29,Sashimi Platter,4,Chris,Dine-In,96.0
105111,2025-11-05 21:20:00,22,Miso Soup,2,Taylor,Dine-In,8.0
101091,2025-03-08 20:13:00,28,Salmon Nigiri,1,Chris,Takeout,9.0
101701,2025-04-16 19:24:00,10,Dragon Roll,2,Jordan,Takeout,30.0
105943,2025-12-28 12:08:00,16,Chicken Teriyaki,1,Sam,Takeout,16.0
105678,2025-12-10 13:52:00,23,Gyoza,1,Jordan,Dine-In,8.0
103640,2025-08-09 20:31:00,13,California Roll,1,Mia,Dine-In,8.5
100933,2025-02-26 20:07:00,7,Tempura Udon,4,Sam,Dine-In,56.0
100614,2025-02-07 18:15:00,10,Spicy Tuna Roll,2,Sam,Dine-In,22.0
103308,2025-07-19 17:37:00,16,Edamame,1,Chris,Dine-In,6.0
102116,2025-05-09 13:54:00,25,Gyoza,1,Alex,Dine-In,8.0
101741,2025-04-18 19:57:00,6,Edamame,4,Mia,Dine-In,24.0
101173,2025-03-14 14:21:00,16,Salmon Nigiri,3,Sam,Dine-In,27.0
104775,2025-10-16 19:21:00,5,Edamame,4,Chris,Takeout,24.0
104293,2025-09-17 19:54:00,13,Salmon Roll,4,Jordan,Dine-In,42.0
101730,2025-04-17 20:25:00,2,Yellowtail Nigiri,4,Chris,Dine-In,44.0
105921,2025-12-26 20:25:00,4,Salmon Roll,1,Sam,Dine-In,10.5
105428,2025-11-25 20:07:00,13,Yellowtail Nigiri,2,Chris,Delivery,22.0
100506,2025-01-30 19:52:00,3,Miso Soup,1,Alex,Dine-In,4.0
103784,2025-08-17 18:22:00,29,Dragon Roll,4,Jordan,Takeout,60.0
105029,2025-10-31 19:28:00,23,Dragon Roll,1,Alex,Dine-In,15.0
100273,2025-01-16 12:50:00,12,Miso Soup,2,Chris,Dine-In,8.0
102489,2025-06-02 13:47:00,29,Miso Soup,2,Mia,Dine-In,8.0
104533,2025-10-01 20:14:00,5,Chicken Teriyaki,1,Mia,Dine-In,16.0
102145,2025-05-10 19:49:00,7,Salmon Roll,2,Alex,Dine-In,21.0
105982,2025-12-30 19:32:00,14,Miso Soup,1,Mia,Dine-In,4.0
102230,2025-05-16 13:35:00,20,Miso Soup,2,Alex,Dine-In,8.0
100702,2025-02-13 11:33:00,28,California Roll,1,Taylor,Takeout,8.5
103857,2025-08-22 13:35:00,4,Spicy Tuna Roll,2,Taylor,Takeout,22.0
103612,2025-08-08 17:23:00,8,California Roll,2,Chris,Takeout,17.0
100107,2025-01-06 19:34:00,10,Tempura Udon,4,Taylor,Dine-In,56.0
105339,2025-11-20 18:46:00,23,Tuna Nigiri,2,Jordan,Delivery,20.0
105903,2025-12-25 18:21:00,14,Salmon Nigiri,3,Sam,Delivery,27.0
103040,2025-07-04 18:04:00,2,Gyoza,4,Alex,Dine-In,32.0
105016,2025-10-31 14:21:00,11,Sashimi Platter,4,Alex,Dine-In,96.0
102088,2025-05-07 20:02:00,30,California Roll,1,Mia,Dine-In,8.5
101176,2025-03-14 18:34:00,27,California Roll,2,Taylor,Dine-In,17.0
100953,2025-02-28 17:16:00,10,Edamame,2,Mia,Delivery,12.0
104675,2025-10-10 20:04:00,26,Spicy Tuna Roll,3,Mia,Dine-In,33.0
103015,2025-07-03 18:23:00,7,Salmon Nigiri,2,Sam,Dine-In,18.0
103615,2025-08-08 18:33:00,12,Salmon Roll,4,Alex,Dine-In,42.0
104658,2025-10-09 18:33:00,11,Miso Soup,2,Chris,Takeout,8.0
101025,2025-03-04 13:20:00,6,Salmon Roll,1,Alex,Takeout,10.5
101733,2025-04-18 13:35:00,7,Salmon Roll,3,Sam,Takeout,31.5
103194,2025-07-12 20:05:00,14,Salmon Nigiri,3,Sam,Takeout,27.0
100417,2025-01-24 20:13:00,25,California Roll,1,Alex,Dine-In,8.5
102378,2025-05-26 20:21:00,17,Tuna Nigiri,1,Chris,Dine-In,10.0
101394,2025-03-28 20:33:00,22,Miso Soup,1,Mia,Takeout,4.0
102911,2025-06-27 13:04:00,13,Spicy Tuna Roll,1,Sam,Dine-In,11.0
100565,2025-02-04 17:50:00,24,Gyoza,2,Jordan,Dine-In,16.0
100479,2025-01-29 13:31:00,28,Salmon Nigiri,2,Taylor,Dine-In,18.0
103699,2025-08-12 20:39:00,12,Yellowtail Nigiri,2,Alex,Takeout,22.0
100143,2025-01-08 18:11:00,22,Salmon Nigiri,2,Mia,Dine-In,18.0
105398,2025-11-23 20:37:00,30,Gyoza,4,Alex,Takeout,32.0
104664,2025-10-10 12:25:00,17,Tuna Nigiri,3,Taylor,Takeout,30.0
101164,2025-03-13 21:20:00,18,Salmon Roll,2,Chris,Dine-In,21.0
102331,2025-05-23 17:17:00,4,Gyoza,1,Chris,Dine-In,8.0
100606,2025-02-06 21:00:00,24,California Roll,1,Jordan,Dine-In,8.5
105879,2025-12-24 11:48:00,26,Gyoza,1,Mia,Dine-In,8.0
102851,2025-06-23 20:22:00,7,Spicy Tuna Roll,1,Sam,Dine-In,11.0
100498,2025-01-29 21:13:00,15,Edamame,2,Taylor,Dine-In,12.0
101372,2025-03-27 20:27:00,2,Edamame,2,Mia,Takeout,12.0
104049,2025-09-03 17:20:00,16,Tempura Udon,1,Taylor,Takeout,14.0
103410,2025-07-25 20:51:00,20,Chicken Teriyaki,1,Jordan,Dine-In,16.0
105413,2025-11-24 21:03:00,23,California Roll,3,Chris,Delivery,25.5
100722,2025-02-14 12:01:00,3,Salmon Nigiri,4,Sam,Delivery,36.0
101098,2025-03-09 13:43:00,23,California Roll,2,Alex,Takeout,17.0
101026,2025-03-04 13:40:00,29,Chicken Teriyaki,1,Sam,Dine-In,16.0
105326,2025-11-19 20:27:00,8,Edamame,1,Sam,Dine-In,6.0
104767,2025-10-16 13:16:00,29,Dragon Roll,2,Alex,Takeout,30.0
105242,2025-11-13 20:47:00,20,Edamame,4,Mia,Dine-In,24.0
103248,2025-07-15 17:52:00,28,Tuna Nigiri,2,Sam,Dine-In,20.0
103948,2025-08-27 19:17:00,13,Chicken Teriyaki,4,Alex,Dine-In,64.0
104849,2025-10-21 20:00:00,13,Dragon Roll,4,Alex,Dine-In,60.0
104731,2025-10-14 12:01:00,30,Dragon Roll,2,Mia,Takeout,30.0
102654,2025-06-11 12:22:00,10,Dragon Roll,1,Chris,Dine-In,15.0
103942,2025-08-27 13:29:00,4,Tuna Nigiri,1,Mia,Dine-In,10.0
102407,2025-05-28 19:43:00,15,Spicy Tuna Roll,3,Jordan,Dine-In,33.0
100337,2025-01-19 13:24:00,4,Spicy Tuna Roll,1,Jordan,Dine-In,11.0
105275,2025-11-16 19:36:00,22,Salmon Nigiri,4,Mia,Dine-In,36.0
103150,2025-07-10 17:17:00,19,Yellowtail Nigiri,4,Taylor,Takeout,44.0
103998,2025-08-30 17:52:00,28,Gyoza,2,Taylor,Dine-In,16.0
105366,2025-11-22 17:38:00,16,Spicy Tuna Roll,4,Jordan,Delivery,44.0
102315,2025-05-21 21:18:00,17,Tuna Nigiri,1,Taylor,Takeout,10.0
105120,2025-11-06 21:09:00,7,California Roll,2,Sam,Takeout,17.0
101375,2025-03-27 21:04:00,5,Tempura Udon,1,Taylor,Dine-In,14.0
101162,2025-03-13 20:35:00,3,California Roll,4,Chris,Dine-In,34.0
102846,2025-06-23 18:09:00,15,Gyoza,1,Sam,Dine-In,8.0
100725,2025-02-14 12:35:00,4,Edamame,1,Jordan,Dine-In,6.0
100766,2025-02-16 17:42:00,17,Salmon Roll,1,Chris,Takeout,10.5
100287,2025-01-16 20:00:00,21,Spicy Tuna Roll,1,Alex,Dine-In,11.0
100308,2025-01-17 20:37:00,4,Edamame,4,Jordan,Dine-In,24.0
102198,2025-05-13 19:55:00,5,California Roll,1,Jordan,Dine-In,8.5
104685,2025-10-11 21:19:00,24,Edamame,2,Taylor,Dine-In,12.0
105456,2025-11-27 14:05:00,11,Salmon Nigiri,3,Taylor,Dine-In,27.0
105815,2025-12-18 21:28:00,27,Tempura Udon,2,Jordan,Delivery,28.0
102253,2025-05-17 18:35:00,14,Gyoza,3,Mia,Dine-In,24.0
105102,2025-11-05 13:51:00,26,Miso Soup,2,Chris,Dine-In,8.0
102841,2025-06-23 11:49:00,10,California Roll,3,Mia,Delivery,25.5
100072,2025-01-04 19:00:00,12,Salmon Roll,2,Taylor,Takeout,21.0
101587,2025-04-09 21:17:00,1,Gyoza,1,Taylor,Dine-In,8.0
100712,2025-02-13 18:14:00,15,Salmon Roll,3,Taylor,Dine-In,31.5
103734,2025-08-14 20:59:00,17,Chicken Teriyaki,1,Alex,Delivery,16.0
101021,2025-03-03 21:04:00,17,Gyoza,2,Mia,Dine-In,16.0
101361,2025-03-26 20:05:00,7,Matcha Cheesecake,2,Chris,Takeout,14.0
103694,2025-08-12 19:55:00,11,Tuna Nigiri,1,Mia,Takeout,10.0
102447,2025-05-30 19:43:00,9,Dragon Roll,2,Mia,Dine-In,30.0
100738,2025-02-14 20:48:00,29,Spicy Tuna Roll,1,Jordan,Dine-In,11.0
101562,2025-04-08 13:48:00,19,Salmon Nigiri,3,Taylor,Takeout,27.0
105027,2025-10-31 19:15:00,18,Salmon Nigiri,2,Jordan,Dine-In,18.0
101633,2025-04-13 17:51:00,2,Spicy Tuna Roll,2,Alex,Dine-In,22.0
105591,2025-12-04 17:29:00,13,Gyoza,1,Taylor,Delivery,8.0
103983,2025-08-29 20:57:00,8,Edamame,2,Chris,Dine-In,12.0
103075,2025-07-05 20:57:00,3,Gyoza,1,Alex,Dine-In,8.0
101096,2025-03-09 13:31:00,17,Spicy Tuna Roll,4,Taylor,Takeout,44.0
102246,2025-05-17 11:35:00,1,Salmon Nigiri,1,Jordan,Takeout,9.0
105644,2025-12-08 12:46:00,26,Yellowtail Nigiri,2,Chris,Dine-In,22.0
105341,2025-11-20 18:59:00,24,Miso Soup,3,Jordan,Delivery,12.0
103938,2025-08-27 13:04:00,23,Dragon Roll,2,Alex,Dine-In,30.0
100979,2025-03-01 19:27:00,20,Edamame,1,Alex,Dine-In,6.0
102634,2025-06-10 13:09:00,24,Matcha Cheesecake,1,Jordan,Dine-In,7.0
105197,2025-11-11 14:30:00,7,Sashimi Platter,1,Jordan,Dine-In,24.0
102549,2025-06-05 12:15:00,16,Gyoza,1,Mia,Takeout,8.0
102164,2025-05-11 19:42:00,22,Sashimi Platter,1,Mia,Delivery,24.0
105300,2025-11-18 12:03:00,20,Sashimi Platter,1,Jordan,Takeout,24.0
100345,2025-01-19 18:51:00,30,Salmon Nigiri,4,Chris,Dine-In,36.0
102210,2025-05-14 20:51:00,4,Tuna Nigiri,3,Mia,Dine-In,30.0
100912,2025-02-25 20:02:00,15,Salmon Roll,2,Mia,Dine-In,21.0
104438,2025-09-25 17:12:00,2,California Roll,2,Taylor,Takeout,17.0
100048,2025-01-03 17:15:00,10,Spicy Tuna Roll,1,Chris,Delivery,11.0
105828,2025-12-19 21:10:00,20,California Roll,1,Sam,Dine-In,8.5
105213,2025-11-12 14:05:00,8,Spicy Tuna Roll,3,Taylor,Takeout,33.0
100444,2025-01-26 19:22:00,11,Salmon Nigiri,3,Sam,Dine-In,27.0
103706,2025-08-13 13:02:00,19,Miso Soup,2,Alex,Dine-In,8.0
103801,2025-08-18 18:33:00,28,Matcha Cheesecake,3,Taylor,Dine-In,21.0
102504,2025-06-03 17:49:00,27,Gyoza,2,Chris,Dine-In,16.0
102982,2025-07-01 12:55:00,22,Tuna Nigiri,3,Alex,Dine-In,30.0
101917,2025-04-28 17:15:00,17,Spicy Tuna Roll,2,Chris,Dine-In,22.0
101179,2025-03-14 19:02:00,10,California Roll,2,Alex,Delivery,17.0
105032,2025-10-31 20:33:00,9,Chicken Teriyaki,1,Alex,Dine-In,16.0
101472,2025-04-02 18:25:00,3,Salmon Nigiri,1,Jordan,Dine-In,9.0
103120,2025-07-08 19:26:00,30,Edamame,1,Taylor,Delivery,6.0
101056,2025-03-05 20:17:00,7,California Roll,3,Taylor,Delivery,25.5
100849,2025-02-21 18:36:00,21,Spicy Tuna Roll,2,Alex,Delivery,22.0
105870,2025-12-23 20:00:00,25,Spicy Tuna Roll,1,Sam,Dine-In,11.0
104579,2025-10-04 17:38:00,14,Salmon Nigiri,1,Jordan,Dine-In,9.0
103064,2025-07-05 18:02:00,30,Salmon Nigiri,1,Sam,Takeout,9.0
104809,2025-10-19 12:08:00,29,Hamachi Kama,1,Sam,Dine-In,18.0
105627,2025-12-07 13:02:00,25,Spicy Tuna Roll,1,Mia,Dine-In,11.0
104295,2025-09-17 21:06:00,26,Gyoza,1,Jordan,Dine-In,8.0
104291,2025-09-17 14:18:00,19,Salmon Roll,2,Taylor,Takeout,21.0
103304,2025-07-19 12:49:00,24,Tuna Nigiri,1,Alex,Delivery,10.0
101832,2025-04-24 11:32:00,7,Dragon Roll,1,Taylor,Takeout,15.0
100777,2025-02-17 13:52:00,25,Gyoza,1,Chris,Dine-In,8.0
105698,2025-12-11 19:16:00,11,California Roll,3,Sam,Takeout,25.5
100184,2025-01-11 12:34:00,10,Miso Soup,4,Taylor,Takeout,16.0
105229,2025-11-13 14:03:00,22,Chicken Teriyaki,3,Jordan,Delivery,48.0
104113,2025-09-06 18:17:00,27,Salmon Roll,3,Alex,Delivery,31.5
103362,2025-07-23 12:04:00,24,Miso Soup,1,Jordan,Dine-In,4.0
102174,2025-05-12 18:32:00,4,Chicken Teriyaki,2,Sam,Dine-In,32.0
100735,2025-02-14 19:51:00,23,Edamame,1,Jordan,Dine-In,6.0
102084,2025-05-07 18:25:00,22,Gyoza,2,Mia,Takeout,16.0
103521,2025-08-02 17:14:00,9,Tuna Nigiri,3,Alex,Takeout,30.0
103817,2025-08-19 18:19:00,4,Salmon Nigiri,1,Mia,Dine-In,9.0
102054,2025-05-06 12:27:00,15,Gyoza,3,Sam,Delivery,24.0
100486,2025-01-29 18:12:00,21,Yellowtail Nigiri,3,Taylor,Takeout,33.0
101177,2025-03-14 18:47:00,13,Miso Soup,1,Mia,Takeout,4.0
100453,2025-01-27 12:46:00,2,California Roll,3,Sam,Dine-In,25.5
103709,2025-08-13 13:45:00,30,Tuna Nigiri,3,Sam,Dine-In,30.0
104611,2025-10-07 12:13:00,17,Spicy Tuna Roll,1,Taylor,Dine-In,11.0
100031,2025-01-02 19:52:00,27,Salmon Nigiri,1,Sam,Dine-In,9.0
100790,2025-02-17 19:34:00,21,California Roll,2,Jordan,Dine-In,17.0
103177,2025-07-11 20:23:00,11,Edamame,2,Jordan,Dine-In,12.0
105827,2025-12-19 21:10:00,29,Miso Soup,2,Taylor,Dine-In,8.0
101110,2025-03-10 12:17:00,20,Spicy Tuna Roll,2,Jordan,Dine-In,22.0
100101,2025-01-06 17:22:00,9,Salmon Roll,2,Mia,Dine-In,21.0
103995,2025-08-30 17:33:00,12,Yellowtail Nigiri,1,Sam,Delivery,11.0
105435,2025-11-26 12:05:00,12,Spicy Tuna Roll,1,Unknown,Delivery,11.0
103188,2025-07-12 17:42:00,1,Spicy Tuna Roll,1,Sam,Dine-In,11.0
105889,2025-12-24 20:47:00,13,Tuna Nigiri,2,Taylor,Dine-In,20.0
104175,2025-09-10 17:01:00,21,California Roll,3,Mia,Dine-In,25.5
104511,2025-09-30 17:14:00,16,California Roll,1,Taylor,Dine-In,8.5
104261,2025-09-15 13:12:00,15,Salmon Nigiri,2,Sam,Takeout,18.0
102645,2025-06-10 19:18:00,4,Tuna Nigiri,1,Jordan,Dine-In,10.0
100862,2025-02-22 20:07:00,3,Edamame,1,Alex,Takeout,6.0
101521,2025-04-05 20:07:00,1,Spicy Tuna Roll,1,Mia,Dine-In,11.0
100904,2025-02-25 17:58:00,14,Spicy Tuna Roll,1,Taylor,Takeout,11.0
102058,2025-05-06 13:36:00,5,Spicy Tuna Roll,1,Sam,Dine-In,11.0
100110,2025-01-06 20:50:00,25,Miso Soup,3,Sam,Takeout,12.0
103771,2025-08-16 20:51:00,20,Spicy Tuna Roll,1,Taylor,Takeout,11.0
101355,2025-03-26 18:22:00,14,Tuna Nigiri,4,Mia,Dine-In,40.0
105051,2025-11-01 19:23:00,19,Sashimi Platter,1,Mia,Dine-In,24.0
102788,2025-06-19 20:36:00,7,Salmon Roll,2,Taylor,Takeout,21.0
104384,2025-09-22 19:48:00,28,Chicken Teriyaki,3,Chris,Dine-In,48.0
103039,2025-07-04 17:48:00,7,California Roll,1,Sam,Dine-In,8.5
103548,2025-08-04 17:14:00,5,California Roll,2,Jordan,Dine-In,17.0
105886,2025-12-24 18:12:00,19,Gyoza,1,Taylor,Dine-In,8.0
102095,2025-05-08 12:14:00,16,California Roll,2,Mia,Dine-In,17.0
102403,2025-05-28 18:19:00,28,Yellowtail Nigiri,3,Mia,Delivery,33.0
102955,2025-06-29 20:24:00,3,Spicy Tuna Roll,3,Chris,Takeout,33.0
101963,2025-04-30 19:25:00,12,Chicken Teriyaki,1,Alex,Dine-In,16.0
104328,2025-09-19 20:20:00,21,Yellowtail Nigiri,2,Alex,Takeout,22.0
103196,2025-07-12 20:39:00,29,Salmon Roll,1,Taylor,Dine-In,10.5
105660,2025-12-09 13:54:00,9,Salmon Roll,1,Jordan,Dine-In,10.5
103911,2025-08-25 17:52:00,12,Edamame,1,Jordan,Dine-In,6.0
101095,2025-03-09 12:04:00,22,Spicy Tuna Roll,3,Sam,Dine-In,33.0
101122,2025-03-11 12:08:00,28,Salmon Nigiri,1,Chris,Dine-In,9.0
101746,2025-04-19 12:07:00,19,Salmon Roll,1,Taylor,Dine-In,10.5
102928,2025-06-28 17:19:00,18,Yellowtail Nigiri,2,Sam,Dine-In,22.0
100810,2025-02-19 12:31:00,19,California Roll,4,Chris,Dine-In,34.0
105985,2025-12-30 20:56:00,30,Matcha Cheesecake,2,Sam,Dine-In,14.0
102472,2025-06-01 12:08:00,4,Spicy Tuna Roll,2,Jordan,Takeout,22.0
105933,2025-12-27 17:39:00,21,Gyoza,1,Mia,Takeout,8.0
104221,2025-09-12 21:25:00,13,Spicy Tuna Roll,1,Alex,Dine-In,11.0
105342,2025-11-20 19:35:00,3,Spicy Tuna Roll,2,Mia,Takeout,22.0
104609,2025-10-06 21:02:00,30,Tempura Udon,1,Jordan,Delivery,14.0
105675,2025-12-10 12:25:00,14,Spicy Tuna Roll,2,Alex,Dine-In,22.0
101486,2025-04-03 17:28:00,29,Tuna Nigiri,2,Mia,Takeout,20.0
102285,2025-05-19 19:17:00,17,Tuna Nigiri,2,Mia,Dine-In,20.0
101631,2025-04-13 17:16:00,23,Miso Soup,4,Alex,Dine-In,16.0
104265,2025-09-15 18:04:00,8,Miso Soup,1,Alex,Dine-In,4.0
102866,2025-06-24 19:52:00,17,California Roll,4,Chris,Dine-In,34.0
105337,2025-11-20 17:52:00,11,Salmon Roll,2,Jordan,Takeout,21.0
102260,2025-05-18 11:34:00,23,Miso Soup,1,Taylor,Dine-In,4.0
101700,2025-04-16 18:47:00,21,Chicken Teriyaki,1,Taylor,Dine-In,16.0
101205,2025-03-16 19:50:00,1,Salmon Roll,1,Chris,Dine-In,10.5
105650,2025-12-08 18:54:00,18,Yellowtail Nigiri,2,Mia,Dine-In,22.0
101778,2025-04-21 12:54:00,1,Spicy Tuna Roll,1,Taylor,Dine-In,11.0
105975,2025-12-30 17:47:00,17,Salmon Nigiri,2,Sam,Dine-In,18.0
101655,2025-04-14 18:14:00,30,Edamame,1,Jordan,Dine-In,6.0
104764,2025-10-15 21:01:00,13,Yellowtail Nigiri,1,Alex,Dine-In,11.0
105992,2025-12-31 18:42:00,6,Tuna Nigiri,2,Mia,Dine-In,20.0
103155,2025-07-10 18:13:00,11,Miso Soup,3,Jordan,Dine-In,12.0
100830,2025-02-20 17:57:00,7,California Roll,2,Sam,Dine-In,17.0
101787,2025-04-21 20:17:00,22,Salmon Nigiri,1,Jordan,Dine-In,9.0
102459,2025-05-31 13:58:00,13,California Roll,4,Taylor,Delivery,34.0
100439,2025-01-26 12:50:00,2,Salmon Nigiri,1,Taylor,Takeout,9.0
100628,2025-02-08 17:43:00,1,Spicy Tuna Roll,2,Jordan,Dine-In,22.0
101371,2025-03-27 19:51:00,9,Edamame,1,Mia,Dine-In,6.0
104477,2025-09-28 12:16:00,2,Tuna Nigiri,2,Mia,Dine-In,20.0
100926,2025-02-26 17:17:00,26,Sashimi Platter,1,Taylor,Delivery,24.0
103689,2025-08-12 18:39:00,27,Salmon Nigiri,1,Mia,Dine-In,9.0
105429,2025-11-25 20:13:00,6,Salmon Roll,1,Chris,Dine-In,10.5
103430,2025-07-27 13:48:00,30,Edamame,1,Chris,Dine-In,6.0
103024,2025-07-03 19:58:00,10,Dragon Roll,1,Alex,Takeout,15.0
103586,2025-08-06 20:57:00,9,Salmon Nigiri,3,Taylor,Dine-In,27.0
101174,2025-03-14 17:08:00,28,California Roll,3,Sam,Dine-In,25.5
104913,2025-10-25 20:27:00,24,California Roll,3,Taylor,Dine-In,25.5
102319,2025-05-22 17:13:00,22,California Roll,1,Taylor,Dine-In,8.5
100945,2025-02-27 19:56:00,20,Miso Soup,1,Chris,Dine-In,4.0
105073,2025-11-03 17:57:00,2,Spicy Tuna Roll,3,Taylor,Takeout,33.0
105657,2025-12-09 13:01:00,10,Matcha Cheesecake,1,Mia,Dine-In,7.0
100013,2025-01-01 20:05:00,15,Dragon Roll,3,Mia,Takeout,45.0
101118,2025-03-11 12:01:00,16,Yellowtail Nigiri,1,Sam,Dine-In,11.0
104380,2025-09-22 18:10:00,14,Hamachi Kama,1,Mia,Dine-In,18.0
102577,2025-06-07 13:21:00,16,Edamame,3,Jordan,Delivery,18.0
105345,2025-11-20 20:02:00,30,Edamame,2,Jordan,Delivery,12.0
100643,2025-02-09 18:31:00,7,Chicken Teriyaki,2,Taylor,Dine-In,32.0
101894,2025-04-26 19:55:00,11,Tuna Nigiri,2,Chris,Dine-In,20.0
102808,2025-06-21 13:37:00,17,Miso Soup,3,Sam,Takeout,12.0
101478,2025-04-02 20:47:00,30,Salmon Nigiri,4,Taylor,Takeout,36.0
103707,2025-08-13 13:13:00,18,Chicken Teriyaki,1,Jordan,Delivery,16.0
102104,2025-05-08 18:51:00,9,Tuna Nigiri,1,Mia,Takeout,10.0
102474,2025-06-01 13:06:00,29,Chicken Teriyaki,2,Jordan,Takeout,32.0
105508,2025-11-30 13:37:00,27,Salmon Roll,2,Sam,Dine-In,21.0
103419,2025-07-26 17:54:00,26,California Roll,1,Alex,Dine-In,8.5
102601,2025-06-08 13:37:00,4,Salmon Nigiri,2,Mia,Dine-In,18.0
102105,2025-05-08 19:01:00,21,Dragon Roll,2,Taylor,Takeout,30.0
103440,2025-07-27 18:47:00,8,Tuna Nigiri,2,Jordan,Dine-In,20.0
100654,2025-02-10 12:38:00,7,Yellowtail Nigiri,1,Alex,Takeout,11.0
100430,2025-01-25 18:12:00,21,Chicken Teriyaki,1,Mia,Delivery,16.0
101560,2025-04-08 12:22:00,24,Salmon Roll,4,Jordan,Dine-In,42.0
102998,2025-07-02 18:17:00,24,Dragon Roll,2,Chris,Dine-In,30.0
102536,2025-06-04 19:02:00,3,Miso Soup,1,Sam,Takeout,4.0
105568,2025-12-03 17:37:00,3,Chicken Teriyaki,2,Sam,Dine-In,32.0
103444,2025-07-27 21:25:00,22,Sashimi Platter,1,Taylor,Dine-In,24.0
101536,2025-04-06 20:48:00,14,Edamame,1,Jordan,Dine-In,6.0
100839,2025-02-21 14:11:00,30,California Roll,2,Mia,Delivery,17.0
101088,2025-03-08 17:32:00,1,Edamame,3,Chris,Takeout,18.0
103807,2025-08-18 20:50:00,5,Gyoza,4,Alex,Takeout,32.0
102772,2025-06-19 14:22:00,22,Hamachi Kama,2,Mia,Dine-In,36.0
101658,2025-04-14 19:25:00,16,Dragon Roll,1,Mia,Dine-In,15.0
101346,2025-03-26 12:44:00,6,Yellowtail Nigiri,1,Mia,Dine-In,11.0
104169,2025-09-09 21:21:00,24,Spicy Tuna Roll,3,Mia,Dine-In,33.0
100857,2025-02-22 17:38:00,2,California Roll,4,Jordan,Takeout,34.0
101895,2025-04-26 19:57:00,5,Gyoza,1,Taylor,Delivery,8.0
102352,2025-05-25 18:18:00,20,Dragon Roll,1,Alex,Takeout,15.0
101663,2025-04-14 21:16:00,16,Edamame,1,Jordan,Dine-In,6.0
104174,2025-09-10 17:00:00,18,California Roll,1,Mia,Delivery,8.5
103981,2025-08-29 20:11:00,4,Dragon Roll,4,Chris,Dine-In,60.0
101967,2025-05-01 12:05:00,29,Miso Soup,2,Mia,Delivery,8.0
100694,2025-02-12 18:46:00,2,Miso Soup,1,Chris,Dine-In,4.0
102663,2025-06-11 20:45:00,18,Matcha Cheesecake,2,Jordan,Dine-In,14.0
102686,2025-06-13 17:56:00,26,Gyoza,1,Jordan,Dine-In,8.0
100189,2025-01-11 17:05:00,14,Miso Soup,4,Jordan,Takeout,16.0
100288,2025-01-16 20:00:00,20,Dragon Roll,1,Chris,Dine-In,15.0
104255,2025-09-14 18:49:00,5,Spicy Tuna Roll,2,Sam,Delivery,22.0
103405,2025-07-25 18:12:00,29,Salmon Roll,2,Chris,Delivery,21.0
102760,2025-06-18 19:07:00,22,Miso Soup,2,Chris,Dine-In,8.0
105031,2025-10-31 20:20:00,13,Salmon Nigiri,3,Mia,Dine-In,27.0
104333,2025-09-20 12:48:00,28,Tempura Udon,1,Chris,Delivery,14.0
105500,2025-11-29 20:05:00,16,Yellowtail Nigiri,2,Jordan,Delivery,22.0
102351,2025-05-25 17:24:00,25,Dragon Roll,3,Chris,Dine-In,45.0
102593,2025-06-07 20:35:00,14,Tuna Nigiri,2,Mia,Takeout,20.0
102136,2025-05-10 13:56:00,10,Dragon Roll,2,Mia,Dine-In,30.0
103363,2025-07-23 13:05:00,18,Spicy Tuna Roll,4,Alex,Dine-In,44.0
104211,2025-09-12 18:46:00,4,Sashimi Platter,2,Alex,Takeout,48.0
100211,2025-01-12 18:41:00,10,Miso Soup,2,Chris,Delivery,8.0
104574,2025-10-04 13:14:00,3,Salmon Nigiri,1,Taylor,Takeout,9.0
104615,2025-10-07 13:39:00,28,Chicken Teriyaki,4,Alex,Delivery,64.0
101336,2025-03-25 18:24:00,6,Salmon Nigiri,1,Sam,Dine-In,9.0
100074,2025-01-04 19:15:00,6,Spicy Tuna Roll,3,Sam,Dine-In,33.0
103361,2025-07-22 21:28:00,30,California Roll,2,Sam,Dine-In,17.0
103481,2025-07-30 13:34:00,20,Salmon Nigiri,2,Taylor,Delivery,18.0
102619,2025-06-09 13:22:00,16,Spicy Tuna Roll,4,Alex,Takeout,44.0
105567,2025-12-03 17:35:00,30,Tuna Nigiri,1,Sam,Dine-In,10.0
103802,2025-08-18 19:06:00,14,California Roll,4,Alex,Takeout,34.0
101510,2025-04-05 12:04:00,9,California Roll,2,Chris,Dine-In,17.0
105665,2025-12-09 20:05:00,28,Salmon Roll,2,Taylor,Delivery,21.0
105615,2025-12-06 17:24:00,1,California Roll,1,Taylor,Takeout,8.5
102178,2025-05-12 20:02:00,24,Miso Soup,1,Jordan,Dine-In,4.0
101232,2025-03-18 19:08:00,18,Spicy Tuna Roll,3,Jordan,Delivery,33.0
105109,2025-11-05 20:09:00,28,Salmon Nigiri,4,Taylor,Dine-In,36.0
105301,2025-11-18 12:26:00,17,Gyoza,3,Alex,Takeout,24.0
105891,2025-12-24 21:22:00,19,California Roll,1,Unknown,Takeout,8.5
103589,2025-08-06 21:19:00,27,Salmon Roll,2,Alex,Dine-In,21.0
100114,2025-01-07 13:41:00,23,Chicken Teriyaki,1,Sam,Takeout,16.0
105103,2025-11-05 14:19:00,17,Spicy Tuna Roll,3,Jordan,Dine-In,33.0
104488,2025-09-28 18:06:00,25,Dragon Roll,2,Taylor,Takeout,30.0
101898,2025-04-27 13:06:00,26,California Roll,1,Alex,Dine-In,8.5
104273,2025-09-16 12:51:00,2,Salmon Roll,2,Mia,Dine-In,21.0
101329,2025-03-25 13:26:00,9,Edamame,3,Sam,Dine-In,18.0
102969,2025-06-30 18:37:00,21,Spicy Tuna Roll,1,Alex,Dine-In,11.0
101861,2025-04-25 14:05:00,6,Yellowtail Nigiri,2,Alex,Takeout,22.0
101887,2025-04-26 17:59:00,11,Hamachi Kama,2,Taylor,Dine-In,36.0
102756,2025-06-18 18:19:00,16,California Roll,1,Alex,Dine-In,8.5
104142,2025-09-07 21:10:00,28,Spicy Tuna Roll,1,Taylor,Delivery,11.0
104354,2025-09-20 20:48:00,6,California Roll,2,Sam,Dine-In,17.0
102451,2025-05-30 21:01:00,14,Salmon Roll,4,Sam,Delivery,42.0
102922,2025-06-27 21:13:00,6,Yellowtail Nigiri,1,Taylor,Dine-In,11.0
103558,2025-08-05 12:25:00,17,Spicy Tuna Roll,3,Jordan,Takeout,33.0
100253,2025-01-14 19:21:00,12,Gyoza,1,Sam,Dine-In,8.0
100351,2025-01-20 12:18:00,18,Edamame,2,Chris,Dine-In,12.0
105811,2025-12-18 17:55:00,15,Salmon Roll,2,Taylor,Dine-In,21.0
103129,2025-07-08 20:59:00,20,Gyoza,3,Sam,Dine-In,24.0
100458,2025-01-27 19:14:00,4,Salmon Nigiri,3,Chris,Dine-In,27.0
103212,2025-07-13 20:30:00,5,Salmon Roll,4,Taylor,Takeout,42.0
100480,2025-01-29 13:32:00,5,Edamame,3,Taylor,Takeout,18.0
101115,2025-03-10 18:31:00,30,Miso Soup,1,Sam,Dine-In,4.0
100799,2025-02-18 17:39:00,16,Edamame,2,Taylor,Takeout,12.0
104236,2025-09-13 18:11:00,27,Spicy Tuna Roll,3,Jordan,Dine-In,33.0
103429,2025-07-27 13:18:00,18,California Roll,1,Taylor,Takeout,8.5
102895,2025-06-26 17:56:00,23,Chicken Teriyaki,1,Jordan,Takeout,16.0
100027,2025-01-02 18:18:00,10,Edamame,1,Mia,Dine-In,6.0
103096,2025-07-07 13:32:00,15,Gyoza,2,Sam,Delivery,16.0
101363,2025-03-27 11:34:00,20,Salmon Roll,4,Jordan,Delivery,42.0
103396,2025-07-24 20:39:00,8,Chicken Teriyaki,2,Mia,Delivery,32.0
103671,2025-08-11 18:44:00,2,Edamame,3,Mia,Delivery,18.0
101288,2025-03-22 19:31:00,13,Sashimi Platter,1,Taylor,Dine-In,24.0
101282,2025-03-22 14:13:00,19,Miso Soup,2,Chris,Dine-In,8.0
102586,2025-06-07 18:54:00,22,Salmon Roll,1,Sam,Delivery,10.5
102639,2025-06-10 18:16:00,25,Salmon Nigiri,4,Taylor,Delivery,36.0
102078,2025-05-07 14:12:00,19,Tempura Udon,2,Jordan,Delivery,28.0
103922,2025-08-26 18:00:00,2,California Roll,1,Jordan,Dine-In,8.5
105916,2025-12-26 18:48:00,30,Miso Soup,2,Sam,Dine-In,8.0
105171,2025-11-09 20:42:00,29,Hamachi Kama,4,Chris,Dine-In,72.0
104734,2025-10-14 12:49:00,26,Tuna Nigiri,1,Taylor,Dine-In,10.0
103275,2025-07-17 12:50:00,26,Miso Soup,1,Jordan,Dine-In,4.0
103140,2025-07-09 18:39:00,20,Spicy Tuna Roll,1,Sam,Dine-In,11.0
104394,2025-09-23 13:02:00,10,Salmon Nigiri,4,Unknown,Dine-In,36.0
104952,2025-10-27 20:36:00,19,Salmon Nigiri,1,Mia,Dine-In,9.0
100608,2025-02-07 14:22:00,18,Tuna Nigiri,3,Jordan,Dine-In,30.0
105293,2025-11-17 18:14:00,25,California Roll,2,Taylor,Delivery,17.0
104583,2025-10-04 19:05:00,16,Salmon Nigiri,2,Sam,Dine-In,18.0
103427,2025-07-26 21:22:00,27,California Roll,1,Jordan,Dine-In,8.5
104711,2025-10-13 14:26:00,21,California Roll,1,Jordan,Dine-In,8.5
103576,2025-08-06 18:22:00,16,Salmon Nigiri,3,Sam,Dine-In,27.0
104869,2025-10-23 14:09:00,4,Dragon Roll,4,Jordan,Dine-In,60.0
105919,2025-12-26 20:19:00,7,Spicy Tuna Roll,4,Alex,Dine-In,44.0
103348,2025-07-22 13:45:00,27,Salmon Nigiri,4,Mia,Dine-In,36.0
100204,2025-01-12 11:31:00,11,California Roll,1,Chris,Delivery,8.5
100340,2025-01-19 17:41:00,17,Spicy Tuna Roll,3,Chris,Dine-In,33.0
102330,2025-05-23 13:52:00,20,California Roll,2,Mia,Delivery,17.0
100838,2025-02-21 12:24:00,26,Spicy Tuna Roll,3,Chris,Dine-In,33.0
104374,2025-09-22 14:24:00,15,Dragon Roll,1,Chris,Dine-In,15.0
100388,2025-01-23 13:31:00,27,Gyoza,2,Sam,Takeout,16.0
101581,2025-04-09 17:46:00,3,Gyoza,1,Mia,Dine-In,8.0
104564,2025-10-03 18:57:00,19,Salmon Roll,4,Mia,Dine-In,42.0
105104,2025-11-05 14:24:00,19,Salmon Roll,1,Alex,Takeout,10.5
103391,2025-07-24 19:37:00,30,Spicy Tuna Roll,2,Chris,Dine-In,22.0
102751,2025-06-18 11:56:00,11,Edamame,2,Sam,Takeout,12.0
105160,2025-11-09 14:15:00,26,Salmon Roll,3,Mia,Dine-In,31.5
103581,2025-08-06 20:15:00,12,California Roll,1,Chris,Dine-In,8.5
101484,2025-04-03 13:29:00,9,Miso Soup,4,Mia,Delivery,16.0
104106,2025-09-06 12:36:00,9,Tuna Nigiri,2,Taylor,Dine-In,20.0
101671,2025-04-15 13:32:00,29,Yellowtail Nigiri,4,Mia,Takeout,44.0
105628,2025-12-07 13:15:00,30,Tempura Udon,1,Mia,Delivery,14.0
103525,2025-08-02 19:39:00,18,Spicy Tuna Roll,3,Chris,Dine-In,33.0
100678,2025-02-11 18:16:00,26,Yellowtail Nigiri,2,Jordan,Takeout,22.0
105044,2025-11-01 17:41:00,26,Chicken Teriyaki,3,Taylor,Takeout,48.0
105862,2025-12-23 11:31:00,16,Tempura Udon,1,Chris,Dine-In,14.0
102882,2025-06-25 19:17:00,30,Chicken Teriyaki,2,Chris,Takeout,32.0
100062,2025-01-04 13:30:00,19,Chicken Teriyaki,2,Chris,Takeout,32.0
103097,2025-07-07 14:05:00,14,Edamame,1,Sam,Delivery,6.0
101738,2025-04-18 19:31:00,9,Yellowtail Nigiri,1,Taylor,Takeout,11.0
104152,2025-09-08 17:52:00,23,Salmon Nigiri,2,Alex,Dine-In,18.0
101919,2025-04-28 17:59:00,24,Salmon Nigiri,1,Sam,Takeout,9.0
101500,2025-04-04 14:12:00,13,Salmon Nigiri,3,Alex,Dine-In,27.0
100791,2025-02-17 20:13:00,30,Tuna Nigiri,1,Alex,Dine-In,10.0
101426,2025-03-30 19:01:00,5,Gyoza,1,Jordan,Dine-In,8.0
105468,2025-11-28 18:30:00,10,Spicy Tuna Roll,2,Taylor,Delivery,22.0
105455,2025-11-27 12:49:00,27,Gyoza,4,Alex,Dine-In,32.0
105397,2025-11-23 20:30:00,29,Salmon Roll,4,Taylor,Dine-In,42.0
104824,2025-10-20 12:18:00,19,California Roll,1,Taylor,Dine-In,8.5
103214,2025-07-13 20:58:00,11,Spicy Tuna Roll,3,Mia,Takeout,33.0
102025,2025-05-04 17:30:00,25,Gyoza,3,Mia,Dine-In,24.0
102927,2025-06-28 17:06:00,18,Yellowtail Nigiri,1,Jordan,Dine-In,11.0
104646,2025-10-08 21:26:00,24,Chicken Teriyaki,4,Chris,Dine-In,64.0
102616,2025-06-09 12:11:00,25,Spicy Tuna Roll,2,Sam,Dine-In,22.0
105853,2025-12-22 12:53:00,15,Chicken Teriyaki,1,Mia,Dine-In,16.0
102900,2025-06-26 19:00:00,16,Dragon Roll,2,Mia,Dine-In,30.0
100734,2025-02-14 19:27:00,12,Salmon Roll,4,Taylor,Dine-In,42.0
103978,2025-08-29 18:08:00,19,Salmon Roll,4,Jordan,Delivery,42.0
105706,2025-12-12 12:20:00,16,Matcha Cheesecake,2,Alex,Dine-In,14.0
101826,2025-04-23 20:02:00,7,Tuna Nigiri,1,Chris,Takeout,10.0
105106,2025-11-05 18:09:00,19,California Roll,1,Chris,Dine-In,8.5
105743,2025-12-14 20:40:00,15,Dragon Roll,1,Jordan,Takeout,15.0
105187,2025-11-10 19:31:00,30,Gyoza,2,Sam,Delivery,16.0
100528,2025-02-01 19:34:00,16,Tuna Nigiri,1,Jordan,Takeout,10.0
105606,2025-12-05 19:35:00,12,Salmon Nigiri,1,Jordan,Delivery,9.0
102585,2025-06-07 18:52:00,8,Yellowtail Nigiri,3,Sam,Dine-In,33.0
101545,2025-04-07 17:44:00,19,Spicy Tuna Roll,1,Alex,Dine-In,11.0
104891,2025-10-24 19:42:00,26,Edamame,2,Alex,Delivery,12.0
101783,2025-04-21 17:53:00,23,Yellowtail Nigiri,1,Alex,Dine-In,11.0
101745,2025-04-19 12:06:00,17,Salmon Nigiri,2,Taylor,Delivery,18.0
100804,2025-02-18 19:29:00,19,Tuna Nigiri,1,Taylor,Dine-In,10.0
100858,2025-02-22 18:27:00,20,Edamame,1,Taylor,Dine-In,6.0
101506,2025-04-04 19:00:00,1,Gyoza,2,Taylor,Takeout,16.0
105977,2025-12-30 18:22:00,19,Spicy Tuna Roll,2,Taylor,Dine-In,22.0
104715,2025-10-13 18:43:00,11,Edamame,3,Alex,Delivery,18.0
103927,2025-08-26 19:54:00,23,Chicken Teriyaki,4,Mia,Dine-In,64.0
104696,2025-10-12 18:58:00,5,Spicy Tuna Roll,1,Chris,Dine-In,11.0
104011,2025-08-31 14:02:00,27,Salmon Nigiri,1,Sam,Dine-In,9.0
100220,2025-01-13 12:12:00,11,Salmon Nigiri,4,Jordan,Dine-In,36.0
102288,2025-05-19 21:00:00,10,Tempura Udon,4,Taylor,Dine-In,56.0
101289,2025-03-22 19:42:00,8,Yellowtail Nigiri,3,Taylor,Dine-In,33.0
101116,2025-03-10 18:47:00,20,Hamachi Kama,4,Taylor,Dine-In,72.0
100583,2025-02-05 17:43:00,5,Salmon Nigiri,4,Mia,Takeout,36.0
103182,2025-07-12 11:48:00,29,Salmon Nigiri,2,Mia,Takeout,18.0
100044,2025-01-03 12:49:00,9,Sashimi Platter,4,Chris,Dine-In,96.0
103605,2025-08-07 20:24:00,18,Sashimi Platter,1,Mia,Dine-In,24.0
103923,2025-08-26 18:05:00,22,Tuna Nigiri,1,Mia,Takeout,10.0
102381,2025-05-27 12:57:00,14,California Roll,4,Mia,Takeout,34.0
101540,2025-04-07 12:05:00,5,Salmon Nigiri,1,Sam,Dine-In,9.0
102670,2025-06-12 13:30:00,8,Salmon Roll,1,Taylor,Delivery,10.5
102158,2025-05-11 17:49:00,30,Spicy Tuna Roll,2,Chris,Dine-In,22.0
105616,2025-12-06 17:51:00,25,Yellowtail Nigiri,2,Chris,Delivery,22.0
105267,2025-11-16 12:35:00,4,Tempura Udon,2,Chris,Delivery,28.0
101225,2025-03-18 12:49:00,27,Edamame,1,Alex,Dine-In,6.0
102819,2025-06-21 20:13:00,2,Dragon Roll,1,Taylor,Takeout,15.0
103436,2025-07-27 17:59:00,15,Edamame,4,Taylor,Dine-In,24.0
101072,2025-03-07 13:48:00,30,California Roll,3,Alex,Delivery,25.5
100719,2025-02-13 20:53:00,29,California Roll,4,Jordan,Takeout,34.0
104371,2025-09-21 20:57:00,9,California Roll,1,Mia,Dine-In,8.5
105260,2025-11-15 18:00:00,22,Spicy Tuna Roll,2,Alex,Dine-In,22.0
100671,2025-02-11 13:06:00,12,California Roll,1,Chris,Dine-In,8.5
103918,2025-08-25 21:22:00,26,California Roll,2,Alex,Takeout,17.0
105198,2025-11-11 17:08:00,22,California Roll,1,Mia,Dine-In,8.5
105974,2025-12-30 17:32:00,25,Hamachi Kama,1,Chris,Dine-In,18.0
104814,2025-10-19 13:46:00,2,Tempura Udon,2,Mia,Dine-In,28.0
103500,2025-07-31 19:15:00,3,Spicy Tuna Roll,2,Sam,Takeout,22.0
100898,2025-02-25 12:06:00,6,Tempura Udon,2,Alex,Dine-In,28.0
101259,2025-03-20 17:55:00,6,Spicy Tuna Roll,1,Chris,Takeout,11.0
100096,2025-01-05 20:33:00,1,Edamame,2,Alex,Dine-In,12.0
102945,2025-06-29 17:32:00,29,Yellowtail Nigiri,1,Taylor,Dine-In,11.0
104440,2025-09-25 17:55:00,4,California Roll,1,Sam,Dine-In,8.5
100843,2025-02-21 17:48:00,2,Tuna Nigiri,1,Jordan,Dine-In,10.0
103822,2025-08-19 19:24:00,22,Spicy Tuna Roll,1,Sam,Takeout,11.0
105282,2025-11-17 12:29:00,18,Miso Soup,4,Jordan,Dine-In,16.0
104992,2025-10-30 12:39:00,3,Salmon Nigiri,3,Chris,Dine-In,27.0
104321,2025-09-19 14:09:00,14,Gyoza,3,Alex,Dine-In,24.0
104713,2025-10-13 18:11:00,23,California Roll,2,Jordan,Dine-In,17.0
103905,2025-08-25 14:06:00,8,Yellowtail Nigiri,3,Chris,Takeout,33.0
104586,2025-10-04 20:35:00,20,Spicy Tuna Roll,3,Chris,Dine-In,33.0
100323,2025-01-18 18:41:00,28,Spicy Tuna Roll,4,Taylor,Takeout,44.0
104370,2025-09-21 20:40:00,13,Salmon Nigiri,1,Jordan,Delivery,9.0
104867,2025-10-22 21:18:00,19,Salmon Roll,2,Mia,Dine-In,21.0
101170,2025-03-14 14:00:00,25,Miso Soup,1,Jordan,Dine-In,4.0
100335,2025-01-19 13:20:00,25,Salmon Nigiri,3,Alex,Dine-In,27.0
102664,2025-06-11 20:54:00,26,Miso Soup,2,Sam,Delivery,8.0
100333,2025-01-18 21:16:00,25,Dragon Roll,2,Alex,Takeout,30.0
100834,2025-02-20 19:53:00,18,Dragon Roll,1,Mia,Dine-In,15.0
102553,2025-06-05 14:17:00,4,Edamame,1,Alex,Dine-In,6.0
105114,2025-11-06 13:31:00,16,Salmon Nigiri,4,Sam,Dine-In,36.0
102269,2025-05-18 21:12:00,14,California Roll,4,Mia,Dine-In,34.0
104832,2025-10-20 19:32:00,21,Chicken Teriyaki,4,Alex,Dine-In,64.0
102183,2025-05-13 11:34:00,21,Dragon Roll,1,Chris,Takeout,15.0
100732,2025-02-14 18:59:00,5,Sashimi Platter,4,Sam,Dine-In,96.0
103036,2025-07-04 12:59:00,26,Salmon Roll,1,Jordan,Takeout,10.5
100292,2025-01-16 20:53:00,23,Miso Soup,2,Alex,Dine-In,8.0
100185,2025-01-11 12:56:00,8,Salmon Nigiri,2,Alex,Dine-In,18.0
104743,2025-10-14 20:11:00,8,Chicken Teriyaki,1,Sam,Dine-In,16.0
105609,2025-12-05 20:26:00,17,Salmon Nigiri,3,Alex,Dine-In,27.0
104086,2025-09-04 21:25:00,27,Salmon Roll,3,Mia,Delivery,31.5
100534,2025-02-01 21:12:00,5,Spicy Tuna Roll,1,Mia,Dine-In,11.0
104751,2025-10-14 20:50:00,6,California Roll,2,Sam,Dine-In,17.0
102463,2025-05-31 18:34:00,5,California Roll,1,Alex,Takeout,8.5
102118,2025-05-09 14:16:00,25,Matcha Cheesecake,1,Alex,Dine-In,7.0
103808,2025-08-18 20:50:00,10,California Roll,2,Alex,Dine-In,17.0
100658,2025-02-10 18:27:00,28,Spicy Tuna Roll,2,Chris,Dine-In,22.0
101256,2025-03-20 13:45:00,11,Yellowtail Nigiri,2,Alex,Takeout,22.0
102519,2025-06-04 12:55:00,11,Edamame,3,Chris,Takeout,18.0
104690,2025-10-12 17:19:00,7,Yellowtail Nigiri,1,Taylor,Takeout,11.0
102499,2025-06-03 11:45:00,15,Spicy Tuna Roll,3,Chris,Dine-In,33.0
103124,2025-07-08 20:03:00,8,Salmon Roll,2,Taylor,Dine-In,21.0
100899,2025-02-25 12:51:00,5,Salmon Nigiri,4,Chris,Dine-In,36.0
100429,2025-01-25 18:04:00,2,Tuna Nigiri,1,Taylor,Dine-In,10.0
104941,2025-10-27 13:40:00,12,Edamame,1,Sam,Dine-In,6.0
103238,2025-07-14 20:37:00,12,Salmon Nigiri,2,Alex,Dine-In,18.0
103321,2025-07-20 17:55:00,29,Spicy Tuna Roll,2,Jordan,Takeout,22.0
101437,2025-03-31 18:18:00,1,Tuna Nigiri,3,Sam,Takeout,30.0
105450,2025-11-26 20:07:00,17,Miso Soup,2,Sam,Delivery,8.0
101223,2025-03-17 20:23:00,5,Miso Soup,4,Jordan,Dine-In,16.0
101635,2025-04-13 18:11:00,8,California Roll,1,Sam,Dine-In,8.5
105254,2025-11-15 11:58:00,13,Gyoza,2,Chris,Dine-In,16.0
105948,2025-12-28 13:53:00,14,Spicy Tuna Roll,1,Jordan,Dine-In,11.0
105334,2025-11-20 14:27:00,9,Spicy Tuna Roll,2,Jordan,Delivery,22.0
105153,2025-11-08 20:16:00,7,California Roll,2,Jordan,Dine-In,17.0
103394,2025-07-24 19:49:00,21,California Roll,1,Alex,Takeout,8.5
104759,2025-10-15 19:22:00,18,Tuna Nigiri,2,Sam,Delivery,20.0
102642,2025-06-10 18:44:00,28,Matcha Cheesecake,1,Taylor,Dine-In,7.0
104530,2025-10-01 19:22:00,18,Tempura Udon,2,Mia,Delivery,28.0
101873,2025-04-25 20:28:00,29,Miso Soup,1,Chris,Takeout,4.0
103559,2025-08-05 12:53:00,18,Yellowtail Nigiri,3,Sam,Dine-In,33.0
101840,2025-04-24 17:37:00,12,California Roll,4,Jordan,Delivery,34.0
105439,2025-11-26 12:51:00,11,Spicy Tuna Roll,2,Taylor,Dine-In,22.0
105717,2025-12-12 18:32:00,20,Salmon Nigiri,2,Jordan,Delivery,18.0
104972,2025-10-28 19:47:00,29,Salmon Nigiri,1,Taylor,Delivery,9.0
101600,2025-04-10 21:00:00,19,Yellowtail Nigiri,2,Taylor,Dine-In,22.0
105679,2025-12-10 14:24:00,21,Spicy Tuna Roll,1,Alex,Dine-In,11.0
102317,2025-05-22 13:34:00,27,Yellowtail Nigiri,2,Jordan,Dine-In,22.0
101411,2025-03-29 19:04:00,10,Spicy Tuna Roll,1,Jordan,Dine-In,11.0
104357,2025-09-20 21:23:00,8,Edamame,2,Mia,Dine-In,12.0
103027,2025-07-03 20:17:00,1,California Roll,4,Jordan,Takeout,34.0
103205,2025-07-13 13:53:00,29,Salmon Roll,1,Alex,Dine-In,10.5
105924,2025-12-26 21:02:00,15,Tuna Nigiri,2,Sam,Dine-In,20.0
105360,2025-11-22 12:38:00,3,California Roll,1,Taylor,Dine-In,8.5
101127,2025-03-11 17:06:00,5,Tuna Nigiri,1,Alex,Delivery,10.0
101833,2025-04-24 12:30:00,18,Salmon Roll,1,Jordan,Dine-In,10.5
101771,2025-04-20 19:13:00,11,Spicy Tuna Roll,2,Mia,Takeout,22.0
102532,2025-06-04 18:23:00,1,Edamame,4,Alex,Dine-In,24.0
102706,2025-06-15 18:00:00,26,Salmon Nigiri,2,Chris,Dine-In,18.0
100305,2025-01-17 20:01:00,18,Spicy Tuna Roll,3,Taylor,Takeout,33.0
103723,2025-08-14 17:07:00,1,Miso Soup,1,Taylor,Delivery,4.0
101293,2025-03-22 20:56:00,3,Edamame,2,Chris,Dine-In,12.0
100071,2025-01-04 18:43:00,20,Yellowtail Nigiri,4,Alex,Dine-In,44.0
101979,2025-05-01 19:34:00,11,Dragon Roll,3,Alex,Dine-In,45.0
101306,2025-03-23 19:24:00,2,Miso Soup,3,Taylor,Dine-In,12.0
102800,2025-06-20 18:58:00,12,Sashimi Platter,1,Taylor,Delivery,24.0
105824,2025-12-19 19:03:00,28,Sashimi Platter,2,Taylor,Dine-In,48.0
101739,2025-04-18 19:43:00,29,Chicken Teriyaki,1,Alex,Takeout,16.0
104557,2025-10-03 12:24:00,30,Sashimi Platter,1,Alex,Dine-In,24.0
101341,2025-03-25 20:01:00,17,Miso Soup,2,Alex,Dine-In,8.0
100832,2025-02-20 18:38:00,19,Gyoza,3,Chris,Dine-In,24.0
102219,2025-05-15 18:21:00,22,Chicken Teriyaki,1,Mia,Dine-In,16.0
101457,2025-04-01 18:52:00,14,Dragon Roll,1,Alex,Dine-In,15.0
104524,2025-10-01 18:07:00,13,Salmon Nigiri,1,Mia,Dine-In,9.0
103872,2025-08-23 14:04:00,17,Miso Soup,4,Mia,Dine-In,16.0
100239,2025-01-14 12:50:00,14,Matcha Cheesecake,1,Taylor,Takeout,7.0
100093,2025-01-05 19:50:00,23,Dragon Roll,2,Sam,Dine-In,30.0
102647,2025-06-10 19:27:00,23,Salmon Nigiri,1,Alex,Takeout,9.0
105555,2025-12-02 19:46:00,4,Yellowtail Nigiri,1,Taylor,Takeout,11.0
103897,2025-08-25 11:35:00,24,Yellowtail Nigiri,1,Sam,Dine-In,11.0
102192,2025-05-13 18:45:00,7,Dragon Roll,3,Sam,Delivery,45.0
102623,2025-06-09 19:21:00,30,Spicy Tuna Roll,4,Sam,Takeout,44.0
102165,2025-05-11 19:53:00,3,Edamame,1,Alex,Dine-In,6.0
104351,2025-09-20 20:10:00,28,Spicy Tuna Roll,1,Jordan,Delivery,11.0
101002,2025-03-02 20:56:00,26,Salmon Roll,2,Alex,Delivery,21.0
104754,2025-10-14 21:17:00,18,California Roll,2,Taylor,Dine-In,17.0
104716,2025-10-13 19:13:00,29,Edamame,3,Alex,Dine-In,18.0
103011,2025-07-03 17:05:00,23,Salmon Nigiri,3,Sam,Takeout,27.0
105775,2025-12-16 18:36:00,9,Spicy Tuna Roll,2,Alex,Dine-In,22.0
101505,2025-04-04 18:31:00,9,Edamame,3,Jordan,Takeout,18.0
100958,2025-02-28 19:24:00,4,California Roll,2,Chris,Takeout,17.0
104300,2025-09-18 11:31:00,7,Tuna Nigiri,1,Mia,Dine-In,10.0
105739,2025-12-14 17:39:00,21,Dragon Roll,1,Mia,Takeout,15.0
105779,2025-12-16 19:52:00,28,Salmon Nigiri,2,Chris,Dine-In,18.0
101533,2025-04-06 19:42:00,11,Salmon Roll,2,Mia,Takeout,21.0
104193,2025-09-10 21:27:00,20,Sashimi Platter,3,Sam,Dine-In,72.0
100412,2025-01-24 18:52:00,1,Dragon Roll,4,Taylor,Delivery,60.0
101406,2025-03-29 17:57:00,30,Salmon Roll,3,Alex,Takeout,31.5
102952,2025-06-29 20:12:00,7,Spicy Tuna Roll,2,Mia,Dine-In,22.0
105782,2025-12-16 19:58:00,14,Sashimi Platter,4,Taylor,Takeout,96.0
102433,2025-05-29 20:38:00,7,Salmon Nigiri,1,Sam,Dine-In,9.0
103943,2025-08-27 13:29:00,28,Sashimi Platter,4,Alex,Dine-In,96.0
103338,2025-07-21 18:27:00,15,California Roll,1,Chris,Dine-In,8.5
103071,2025-07-05 20:23:00,23,Tempura Udon,1,Chris,Delivery,14.0
103752,2025-08-15 20:00:00,17,Edamame,1,Jordan,Dine-In,6.0
101035,2025-03-04 20:37:00,5,Miso Soup,1,Sam,Dine-In,4.0
103484,2025-07-30 14:01:00,6,Gyoza,1,Jordan,Delivery,8.0
105639,2025-12-07 21:04:00,18,Salmon Roll,1,Mia,Delivery,10.5
102699,2025-06-14 18:36:00,13,Salmon Roll,1,Alex,Dine-In,10.5
100932,2025-02-26 19:49:00,23,Salmon Roll,1,Mia,Takeout,10.5
105492,2025-11-29 18:08:00,1,Salmon Roll,2,Sam,Dine-In,21.0
103919,2025-08-26 12:32:00,5,Salmon Nigiri,3,Taylor,Takeout,27.0
100634,2025-02-08 20:50:00,18,Miso Soup,3,Taylor,Dine-In,12.0
102465,2025-05-31 18:58:00,1,Chicken Teriyaki,1,Jordan,Dine-In,16.0
100499,2025-01-30 12:17:00,18,Tempura Udon,3,Sam,Dine-In,42.0
100938,2025-02-27 13:02:00,26,Tuna Nigiri,2,Jordan,Dine-In,20.0
100416,2025-01-24 20:10:00,15,Gyoza,1,Alex,Dine-In,8.0
102346,2025-05-25 12:30:00,24,California Roll,1,Alex,Takeout,8.5
105503,2025-11-29 21:00:00,29,Salmon Nigiri,4,Sam,Dine-In,36.0
101744,2025-04-19 12:00:00,2,Salmon Nigiri,1,Sam,Dine-In,9.0
104253,2025-09-14 17:52:00,28,Miso Soup,1,Jordan,Dine-In,4.0
101952,2025-04-30 13:22:00,18,Edamame,1,Jordan,Takeout,6.0
100758,2025-02-15 20:09:00,28,Miso Soup,1,Jordan,Takeout,4.0
103804,2025-08-18 20:15:00,23,Salmon Nigiri,2,Taylor,Dine-In,18.0
101042,2025-03-05 11:57:00,11,Spicy Tuna Roll,1,Sam,Dine-In,11.0
102226,2025-05-16 12:05:00,15,California Roll,1,Jordan,Dine-In,8.5
103672,2025-08-11 18:46:00,20,Tuna Nigiri,1,Mia,Dine-In,10.0
105202,2025-11-11 18:55:00,19,Sashimi Platter,4,Mia,Dine-In,96.0
103838,2025-08-20 18:54:00,2,Spicy Tuna Roll,2,Taylor,Dine-In,22.0
100597,2025-02-06 14:08:00,1,Salmon Nigiri,3,Jordan,Dine-In,27.0
103572,2025-08-06 12:58:00,19,Yellowtail Nigiri,1,Taylor,Dine-In,11.0
104422,2025-09-24 14:26:00,6,Spicy Tuna Roll,2,Alex,Dine-In,22.0
101069,2025-03-07 11:40:00,6,California Roll,1,Sam,Dine-In,8.5
104247,2025-09-14 13:06:00,7,Miso Soup,1,Mia,Dine-In,4.0
105548,2025-12-02 17:37:00,7,Miso Soup,2,Sam,Dine-In,8.0
105999,2025-12-31 20:22:00,17,Chicken Teriyaki,3,Taylor,Takeout,48.0
103249,2025-07-15 17:53:00,3,Spicy Tuna Roll,2,Taylor,Dine-In,22.0
100653,2025-02-10 12:15:00,6,Salmon Nigiri,1,Alex,Dine-In,9.0
104641,2025-10-08 19:58:00,28,Spicy Tuna Roll,2,Taylor,Takeout,22.0
104826,2025-10-20 13:54:00,6,Yellowtail Nigiri,3,Alex,Takeout,33.0
102304,2025-05-20 21:13:00,16,Gyoza,2,Taylor,Dine-In,16.0
103008,2025-07-03 13:33:00,9,Salmon Roll,2,Chris,Dine-In,21.0
102094,2025-05-08 11:59:00,4,Edamame,1,Taylor,Dine-In,6.0
105152,2025-11-08 18:53:00,27,Gyoza,3,Chris,Takeout,24.0
101841,2025-04-24 17:43:00,1,California Roll,1,Mia,Dine-In,8.5
102408,2025-05-28 20:12:00,15,Dragon Roll,3,Mia,Takeout,45.0
100076,2025-01-04 19:50:00,16,Salmon Nigiri,4,Sam,Dine-In,36.0
103690,2025-08-12 18:55:00,18,Salmon Nigiri,2,Alex,Dine-In,18.0
103623,2025-08-09 11:42:00,19,California Roll,3,Taylor,Dine-In,25.5
102949,2025-06-29 19:26:00,30,Salmon Roll,3,Chris,Dine-In,31.5
105070,2025-11-03 14:22:00,9,Salmon Nigiri,1,Taylor,Dine-In,9.0
103915,2025-08-25 18:43:00,3,Spicy Tuna Roll,4,Taylor,Delivery,44.0
105550,2025-12-02 17:42:00,16,Salmon Roll,2,Jordan,Dine-In,21.0
102108,2025-05-08 21:07:00,30,Chicken Teriyaki,1,Chris,Dine-In,16.0
102211,2025-05-15 11:32:00,20,Gyoza,1,Chris,Takeout,8.0
102742,2025-06-17 13:27:00,30,Dragon Roll,4,Mia,Dine-In,60.0
100109,2025-01-06 20:38:00,29,Salmon Roll,1,Mia,Takeout,10.5
101011,2025-03-03 14:03:00,29,California Roll,4,Sam,Dine-In,34.0
101030,2025-03-04 19:03:00,9,Hamachi Kama,2,Taylor,Takeout,36.0
105685,2025-12-10 19:33:00,7,Yellowtail Nigiri,1,Jordan,Dine-In,11.0
100829,2025-02-20 17:35:00,11,Tuna Nigiri,2,Jordan,Dine-In,20.0
103856,2025-08-22 13:18:00,19,Salmon Roll,3,Alex,Dine-In,31.5
103264,2025-07-16 14:17:00,11,California Roll,1,Taylor,Takeout,8.5
100097,2025-01-06 11:57:00,6,Yellowtail Nigiri,2,Alex,Dine-In,22.0
104546,2025-10-02 18:35:00,4,Salmon Roll,1,Taylor,Dine-In,10.5
105289,2025-11-17 17:00:00,6,Gyoza,3,Chris,Dine-In,24.0
103438,2025-07-27 18:06:00,25,GYOZA,1,Jordan,Takeout,8.0
104718,2025-10-13 19:28:00,28,Edamame,3,Alex,Dine-In,18.0
101201,2025-03-16 17:10:00,4,Spicy Tuna Roll,1,Alex,Takeout,11.0
100622,2025-02-08 12:10:00,29,Salmon Roll,1,Chris,Dine-In,10.5
105474,2025-11-28 20:16:00,20,Salmon Roll,3,Sam,Takeout,31.5
101413,2025-03-29 19:34:00,10,Spicy Tuna Roll,2,Jordan,Dine-In,22.0
100567,2025-02-04 18:02:00,22,Chicken Teriyaki,2,Chris,Takeout,32.0
100544,2025-02-02 19:03:00,5,Salmon Nigiri,3,Alex,Dine-In,27.0
101335,2025-03-25 17:38:00,7,California Roll,1,Mia,Delivery,8.5
103407,2025-07-25 18:32:00,24,Spicy Tuna Roll,1,Jordan,Dine-In,11.0
100052,2025-01-03 18:50:00,15,Salmon Roll,4,Jordan,Dine-In,42.0
105063,2025-11-02 20:18:00,4,California Roll,1,Alex,Dine-In,8.5
101774,2025-04-20 20:42:00,6,Spicy Tuna Roll,4,Chris,Takeout,44.0
102909,2025-06-26 21:30:00,28,California Roll,3,Mia,Delivery,25.5
101559,2025-04-08 11:56:00,21,Salmon Nigiri,1,Alex,Dine-In,9.0
100746,2025-02-15 12:36:00,12,California Roll,1,Mia,Dine-In,8.5
104326,2025-09-19 20:06:00,8,Salmon Nigiri,3,Mia,Delivery,27.0
102026,2025-05-04 17:43:00,7,Hamachi Kama,1,Sam,Dine-In,18.0
101468,2025-04-02 17:44:00,8,Salmon Nigiri,2,Sam,Dine-In,18.0
105868,2025-12-23 18:48:00,26,Sashimi Platter,1,Chris,Takeout,24.0
100196,2025-01-11 17:47:00,23,Matcha Cheesecake,2,Taylor,Takeout,14.0
104444,2025-09-25 20:18:00,5,Chicken Teriyaki,2,Jordan,Dine-In,32.0
102799,2025-06-20 18:51:00,14,Spicy Tuna Roll,1,Alex,Dine-In,11.0
103803,2025-08-18 20:05:00,2,Salmon Roll,3,Jordan,Takeout,31.5
100803,2025-02-18 19:03:00,2,Spicy Tuna Roll,1,Chris,Takeout,11.0
101619,2025-04-12 17:55:00,11,Tuna Nigiri,1,Taylor,Takeout,10.0
103289,2025-07-18 13:09:00,12,Miso Soup,1,Sam,Takeout,4.0
104748,2025-10-14 20:42:00,29,Gyoza,2,Jordan,Delivery,16.0
100621,2025-02-08 11:59:00,20,California Roll,4,Taylor,Delivery,34.0
102595,2025-06-08 11:56:00,26,Gyoza,1,Alex,Takeout,8.0
104163,2025-09-09 13:25:00,19,Hamachi Kama,2,Taylor,Dine-In,36.0
103649,2025-08-10 17:51:00,17,Spicy Tuna Roll,1,Chris,Dine-In,11.0
104127,2025-09-07 17:41:00,18,Hamachi Kama,4,Sam,Dine-In,72.0
105517,2025-11-30 19:49:00,12,California Roll,1,Alex,Dine-In,8.5
105566,2025-12-03 17:18:00,2,Salmon Roll,1,Mia,Takeout,10.5
100645,2025-02-09 19:35:00,1,Tuna Nigiri,2,Taylor,Dine-In,20.0
105001,2025-10-30 18:30:00,22,Salmon Nigiri,2,Sam,Dine-In,18.0
104507,2025-09-29 18:51:00,15,Edamame,2,Alex,Dine-In,12.0
102768,2025-06-19 13:17:00,18,Salmon Nigiri,3,Sam,Dine-In,27.0
101062,2025-03-06 17:49:00,30,Dragon Roll,2,Alex,Delivery,30.0
104095,2025-09-05 19:49:00,22,Edamame,1,Sam,Dine-In,6.0
100121,2025-01-07 18:25:00,4,Edamame,2,Chris,Dine-In,12.0
105143,2025-11-08 12:39:00,24,Tuna Nigiri,3,Chris,Takeout,30.0
103207,2025-07-13 18:09:00,25,Salmon Roll,1,Jordan,Delivery,10.5
105181,2025-11-10 18:11:00,17,Yellowtail Nigiri,3,Taylor,Dine-In,33.0
105325,2025-11-19 19:57:00,8,Salmon Nigiri,1,Alex,Takeout,9.0
103083,2025-07-06 17:13:00,24,Tuna Nigiri,2,Taylor,Dine-In,20.0
101231,2025-03-18 17:22:00,1,Spicy Tuna Roll,1,Alex,Takeout,11.0
104541,2025-10-02 14:11:00,8,Tuna Nigiri,4,Chris,Dine-In,40.0
105056,2025-11-02 12:46:00,7,Yellowtail Nigiri,4,Mia,Dine-In,44.0
104908,2025-10-25 18:22:00,14,Salmon Roll,1,Jordan,Takeout,10.5
104263,2025-09-15 17:45:00,2,Spicy Tuna Roll,2,Jordan,Dine-In,22.0
103329,2025-07-20 19:59:00,30,Salmon Nigiri,2,Jordan,Dine-In,18.0
100135,2025-01-08 14:11:00,4,Gyoza,1,Chris,Dine-In,8.0
103506,2025-08-01 12:27:00,25,Salmon Nigiri,4,Mia,Dine-In,36.0
102599,2025-06-08 13:31:00,14,Tempura Udon,2,Mia,Takeout,28.0
102860,2025-06-24 18:54:00,21,Salmon Roll,3,Taylor,Dine-In,31.5
102446,2025-05-30 18:59:00,27,Salmon Nigiri,3,Chris,Takeout,27.0
104214,2025-09-12 19:43:00,28,Salmon Nigiri,2,Alex,Takeout,18.0
103051,2025-07-04 21:22:00,4,Yellowtail Nigiri,2,Chris,Dine-In,22.0
100512,2025-01-31 18:30:00,23,Gyoza,2,Sam,Dine-In,16.0
102044,2025-05-05 17:56:00,1,Spicy Tuna Roll,4,Jordan,Dine-In,44.0
100063,2025-01-04 13:39:00,13,Tuna Nigiri,1,Jordan,Takeout,10.0
101554,2025-04-07 20:11:00,4,Tuna Nigiri,2,Jordan,Dine-In,20.0
103794,2025-08-17 20:55:00,20,Tempura Udon,2,Taylor,Dine-In,28.0
105234,2025-11-13 18:16:00,21,Dragon Roll,2,Taylor,Takeout,30.0
105323,2025-11-19 19:04:00,24,Tempura Udon,1,Sam,Dine-In,14.0
102438,2025-05-30 12:06:00,2,Tempura Udon,3,Alex,Dine-In,42.0
102999,2025-07-02 18:23:00,13,Gyoza,2,Jordan,Dine-In,16.0
102111,2025-05-09 12:40:00,30,California Roll,1,Mia,Delivery,8.5
100680,2025-02-11 19:29:00,28,California Roll,1,Chris,Dine-In,8.5
105386,2025-11-23 13:04:00,11,Salmon Roll,2,Alex,Delivery,21.0
101212,2025-03-17 13:26:00,28,Edamame,1,Mia,Dine-In,6.0
100123,2025-01-07 18:40:00,5,Salmon Nigiri,4,Mia,Delivery,36.0
105131,2025-11-07 19:42:00,13,Dragon Roll,3,Sam,Dine-In,45.0
101922,2025-04-28 19:21:00,28,Salmon Roll,3,Chris,Dine-In,31.5
104101,2025-09-05 21:09:00,28,Salmon Roll,1,Chris,Takeout,10.5
105715,2025-12-12 17:31:00,1,Tempura Udon,3,Sam,Dine-In,42.0
103198,2025-07-12 20:57:00,20,Gyoza,2,Sam,Takeout,16.0
101211,2025-03-17 11:44:00,3,Gyoza,1,Chris,Takeout,8.0
100568,2025-02-04 18:08:00,5,Dragon Roll,1,Jordan,Dine-In,15.0
102367,2025-05-26 13:39:00,25,Tempura Udon,1,Alex,Takeout,14.0
100549,2025-02-02 21:06:00,10,Salmon Roll,4,Chris,Takeout,42.0
102406,2025-05-28 19:33:00,4,Spicy Tuna Roll,3,Mia,Takeout,33.0
100865,2025-02-22 21:10:00,5,Spicy Tuna Roll,1,Chris,Takeout,11.0
104555,2025-10-02 21:15:00,1,Salmon Nigiri,1,Mia,Dine-In,9.0
101393,2025-03-28 20:17:00,5,Spicy Tuna Roll,1,Taylor,Delivery,11.0
104514,2025-09-30 19:41:00,12,Salmon Nigiri,3,Jordan,Takeout,27.0
104682,2025-10-11 20:17:00,6,California Roll,1,Chris,Dine-In,8.5
103411,2025-07-25 21:08:00,2,Salmon Roll,1,Alex,Dine-In,10.5
104314,2025-09-18 20:54:00,30,Tempura Udon,2,Mia,Dine-In,28.0
101962,2025-04-30 18:57:00,26,Chicken Teriyaki,2,Alex,Delivery,32.0
100721,2025-02-13 21:07:00,6,Dragon Roll,3,Mia,Delivery,45.0
104410,2025-09-23 20:39:00,30,Salmon Roll,1,Taylor,Dine-In,10.5
104812,2025-10-19 13:42:00,4,Miso Soup,1,Jordan,Dine-In,4.0
100691,2025-02-12 18:21:00,22,Matcha Cheesecake,4,Chris,Dine-In,28.0
100603,2025-02-06 19:36:00,28,Salmon Roll,3,Mia,Dine-In,31.5
104840,2025-10-21 14:04:00,13,California Roll,1,Alex,Takeout,8.5
102672,2025-06-12 14:29:00,10,Miso Soup,1,Sam,Takeout,4.0
102477,2025-06-01 18:30:00,14,Tempura Udon,1,Alex,Takeout,14.0
102510,2025-06-03 20:40:00,2,California Roll,2,Jordan,Delivery,17.0
104379,2025-09-22 18:02:00,2,Dragon Roll,4,Alex,Takeout,60.0
100504,2025-01-30 18:44:00,13,Spicy Tuna Roll,1,Unknown,Dine-In,11.0
104517,2025-09-30 20:23:00,11,Edamame,3,Sam,Takeout,18.0
100319,2025-01-18 14:10:00,1,Edamame,2,Taylor,Takeout,12.0
105755,2025-12-15 17:06:00,22,Chicken Teriyaki,4,Taylor,Dine-In,64.0
103389,2025-07-24 18:26:00,16,Spicy Tuna Roll,1,Taylor,Delivery,11.0
100275,2025-01-16 13:03:00,9,Chicken Teriyaki,1,Taylor,Dine-In,16.0
105172,2025-11-09 20:48:00,8,Tuna Nigiri,4,Alex,Takeout,40.0
102869,2025-06-24 20:44:00,24,Spicy Tuna Roll,3,Taylor,Dine-In,33.0
101362,2025-03-26 20:25:00,11,Miso Soup,4,Mia,Dine-In,16.0
103414,2025-07-26 13:34:00,3,Salmon Roll,3,Jordan,Dine-In,31.5
101527,2025-04-06 13:40:00,13,Salmon Roll,1,Jordan,Takeout,10.5
105218,2025-11-12 18:58:00,5,Gyoza,2,Alex,Dine-In,16.0
103591,2025-08-07 12:41:00,14,Miso Soup,1,Chris,Takeout,4.0
101935,2025-04-29 13:16:00,17,Dragon Roll,1,Alex,Dine-In,15.0
105835,2025-12-20 17:45:00,25,California Roll,2,Taylor,Dine-In,17.0
103183,2025-07-12 11:59:00,9,California Roll,3,Taylor,Takeout,25.5
104428,2025-09-24 18:10:00,22,Miso Soup,2,Mia,Dine-In,8.0
103722,2025-08-14 13:33:00,6,Yellowtail Nigiri,2,Sam,Dine-In,22.0
104813,2025-10-19 13:44:00,18,Edamame,1,Jordan,Dine-In,6.0
100946,2025-02-27 20:56:00,20,California Roll,1,Sam,Delivery,8.5
104733,2025-10-14 12:41:00,16,Matcha Cheesecake,1,Mia,Takeout,7.0
105805,2025-12-18 12:41:00,29,Salmon Nigiri,2,Jordan,Delivery,18.0
100296,2025-01-17 12:13:00,25,Spicy Tuna Roll,2,Mia,Takeout,22.0
101877,2025-04-25 20:55:00,10,Spicy Tuna Roll,2,Mia,Dine-In,22.0
105272,2025-11-16 18:08:00,5,Tempura Udon,3,Chris,Dine-In,42.0
100299,2025-01-17 17:10:00,23,Salmon Roll,4,Jordan,Dine-In,42.0
100069,2025-01-04 18:32:00,15,California Roll,1,Sam,Takeout,8.5
104407,2025-09-23 20:16:00,17,California Roll,2,Taylor,Dine-In,17.0
100737,2025-02-14 20:40:00,22,Dragon Roll,2,Chris,Dine-In,30.0
101599,2025-04-10 20:28:00,11,Spicy Tuna Roll,2,Chris,Dine-In,22.0
104304,2025-09-18 12:58:00,20,Salmon Nigiri,3,Sam,Dine-In,27.0
103009,2025-07-03 13:42:00,6,Spicy Tuna Roll,1,Mia,Takeout,11.0
103670,2025-08-11 18:36:00,25,Edamame,4,Mia,Dine-In,24.0
101504,2025-04-04 17:31:00,18,California Roll,4,Jordan,Dine-In,34.0
102087,2025-05-07 19:54:00,27,California Roll,2,Chris,Takeout,17.0
100151,2025-01-08 20:45:00,20,California Roll,3,Sam,Dine-In,25.5
100757,2025-02-15 19:43:00,17,Dragon Roll,1,Jordan,Dine-In,15.0
104792,2025-10-17 18:10:00,5,Salmon Nigiri,4,Mia,Dine-In,36.0
103524,2025-08-02 19:00:00,27,Tempura Udon,2,Taylor,Dine-In,28.0
101704,2025-04-16 20:31:00,6,Sashimi Platter,2,Sam,Dine-In,48.0
105968,2025-12-29 19:43:00,28,Sashimi Platter,2,Taylor,Dine-In,48.0
102120,2025-05-09 17:22:00,11,Dragon Roll,2,Sam,Dine-In,30.0
100170,2025-01-10 14:02:00,9,Tempura Udon,1,Jordan,Takeout,14.0
102171,2025-05-12 17:20:00,11,Salmon Roll,2,Chris,Dine-In,21.0
100377,2025-01-21 21:10:00,5,California Roll,1,Mia,Dine-In,8.5
105774,2025-12-16 18:26:00,22,Salmon Nigiri,4,Alex,Dine-In,36.0
100860,2025-02-22 18:59:00,19,Miso Soup,1,Alex,Dine-In,4.0
101845,2025-04-24 18:56:00,13,Salmon Roll,4,Taylor,Dine-In,42.0
104054,2025-09-03 18:56:00,30,Edamame,4,Sam,Takeout,24.0
101870,2025-04-25 19:33:00,28,Salmon Nigiri,3,Jordan,Dine-In,27.0
100379,2025-01-22 13:26:00,30,Gyoza,1,Chris,Delivery,8.0
105513,2025-11-30 18:16:00,11,Tuna Nigiri,4,Taylor,Dine-In,40.0
103259,2025-07-16 11:38:00,28,Gyoza,1,Chris,Dine-In,8.0
101295,2025-03-22 21:18:00,19,Salmon Nigiri,1,Jordan,Dine-In,9.0
104980,2025-10-29 17:08:00,25,Dragon Roll,1,Jordan,Dine-In,15.0
101433,2025-03-30 20:31:00,24,Spicy Tuna Roll,1,Sam,Dine-In,11.0
102723,2025-06-16 14:17:00,6,Spicy Tuna Roll,1,Jordan,Dine-In,11.0
104206,2025-09-11 21:08:00,8,California Roll,2,Taylor,Delivery,17.0
104435,2025-09-25 12:15:00,16,Dragon Roll,1,Mia,Dine-In,15.0
101780,2025-04-21 13:21:00,12,Sashimi Platter,2,Jordan,Dine-In,48.0
105994,2025-12-31 19:07:00,11,Chicken Teriyaki,4,Sam,Dine-In,64.0
103255,2025-07-15 19:47:00,7,Yellowtail Nigiri,2,Mia,Delivery,22.0
104597,2025-10-06 13:32:00,26,Salmon Roll,2,Chris,Takeout,21.0
103754,2025-08-15 20:56:00,18,Spicy Tuna Roll,2,Mia,Takeout,22.0
100842,2025-02-21 17:47:00,1,Salmon Roll,1,Jordan,Delivery,10.5
105527,2025-12-01 17:41:00,6,Chicken Teriyaki,1,Unknown,Dine-In,16.0
101190,2025-03-15 17:15:00,16,Salmon Roll,1,Chris,Dine-In,10.5
100176,2025-01-10 19:06:00,20,Yellowtail Nigiri,4,Mia,Takeout,44.0
105602,2025-12-05 11:56:00,6,Edamame,2,Alex,Delivery,12.0
100928,2025-02-26 18:42:00,17,Spicy Tuna Roll,1,Alex,Takeout,11.0
104802,2025-10-18 17:03:00,29,Spicy Tuna Roll,3,Chris,Dine-In,33.0
100046,2025-01-03 14:27:00,16,Spicy Tuna Roll,3,Chris,Takeout,33.0
101261,2025-03-20 18:27:00,15,Miso Soup,1,Chris,Dine-In,4.0
101097,2025-03-09 13:33:00,27,Spicy Tuna Roll,1,Chris,Dine-In,11.0
101444,2025-03-31 19:43:00,26,Spicy Tuna Roll,2,Taylor,Dine-In,22.0
102665,2025-06-11 20:57:00,4,Chicken Teriyaki,4,Chris,Takeout,64.0
105635,2025-12-07 19:22:00,30,Yellowtail Nigiri,1,Sam,Dine-In,11.0
101188,2025-03-15 14:17:00,1,Salmon Roll,4,Mia,Dine-In,42.0
105110,2025-11-05 20:18:00,21,Salmon Nigiri,1,Jordan,Dine-In,9.0
102679,2025-06-12 19:50:00,16,Salmon Roll,1,Taylor,Takeout,10.5
101031,2025-03-04 19:08:00,15,Gyoza,2,Taylor,Dine-In,16.0
102273,2025-05-19 14:18:00,20,Chicken Teriyaki,2,Alex,Dine-In,32.0
100301,2025-01-17 17:33:00,28,Yellowtail Nigiri,3,Sam,Takeout,33.0
105632,2025-12-07 17:54:00,13,Spicy Tuna Roll,1,Sam,Dine-In,11.0
101473,2025-04-02 19:14:00,26,Dragon Roll,1,Taylor,Delivery,15.0
100284,2025-01-16 19:27:00,7,Edamame,3,Chris,Dine-In,18.0
105789,2025-12-17 14:07:00,12,Salmon Roll,1,Alex,Dine-In,10.5
102752,2025-06-18 12:06:00,27,Tempura Udon,4,Taylor,Delivery,56.0
104772,2025-10-16 18:43:00,4,California Roll,4,Chris,Dine-In,34.0
104938,2025-10-27 11:45:00,22,California Roll,4,Sam,Delivery,34.0
101814,2025-04-22 20:08:00,1,Yellowtail Nigiri,3,Mia,Dine-In,33.0
104639,2025-10-08 18:40:00,16,Salmon Roll,4,Jordan,Delivery,42.0
104408,2025-09-23 20:19:00,6,Spicy Tuna Roll,3,Taylor,Dine-In,33.0
104156,2025-09-08 20:36:00,25,Miso Soup,2,Taylor,Delivery,8.0
102967,2025-06-30 18:11:00,5,Tempura Udon,1,Mia,Takeout,14.0
104014,2025-08-31 17:07:00,4,Tuna Nigiri,4,Mia,Dine-In,40.0
102953,2025-06-29 20:13:00,4,Miso Soup,1,Jordan,Dine-In,4.0
103894,2025-08-24 21:00:00,17,Salmon Roll,3,Taylor,Takeout,31.5
102292,2025-05-20 13:16:00,6,Dragon Roll,1,Taylor,Takeout,15.0
102628,2025-06-09 21:11:00,8,Spicy Tuna Roll,2,Alex,Dine-In,22.0
103831,2025-08-20 13:38:00,1,Tuna Nigiri,1,Alex,Takeout,10.0
104594,2025-10-05 20:29:00,8,Gyoza,3,Jordan,Dine-In,24.0
104904,2025-10-25 13:37:00,20,Salmon Nigiri,2,Sam,Dine-In,18.0
102348,2025-05-25 12:55:00,29,Edamame,2,Chris,Takeout,12.0
102415,2025-05-29 12:42:00,10,California Roll,2,Sam,Takeout,17.0
105485,2025-11-29 13:15:00,5,Tuna Nigiri,1,Taylor,Dine-In,10.0
100258,2025-01-15 12:30:00,30,Spicy Tuna Roll,2,Jordan,Delivery,22.0
100508,2025-01-30 20:34:00,13,Spicy Tuna Roll,2,Taylor,Dine-In,22.0
101966,2025-05-01 11:56:00,20,Salmon Nigiri,1,Sam,Takeout,9.0
100100,2025-01-06 14:23:00,22,California Roll,4,Mia,Dine-In,34.0
104706,2025-10-12 21:10:00,19,Salmon Roll,2,Mia,Takeout,21.0
100745,2025-02-15 12:30:00,27,Yellowtail Nigiri,2,Jordan,Delivery,22.0
102125,2025-05-09 18:45:00,15,Gyoza,2,Sam,Dine-In,16.0
105573,2025-12-03 19:33:00,26,Hamachi Kama,2,Jordan,Takeout,36.0
101376,2025-03-27 21:11:00,1,Yellowtail Nigiri,1,Alex,Dine-In,11.0
103890,2025-08-24 20:02:00,8,Spicy Tuna Roll,1,Taylor,Dine-In,11.0
103843,2025-08-20 21:23:00,8,Spicy Tuna Roll,2,Sam,Dine-In,22.0
104608,2025-10-06 20:42:00,2,California Roll,2,Chris,Dine-In,17.0
104316,2025-09-19 12:21:00,22,Tuna Nigiri,4,Chris,Dine-In,40.0
104240,2025-09-13 19:44:00,12,Tuna Nigiri,1,Taylor,Dine-In,10.0
101158,2025-03-13 17:02:00,6,California Roll,1,Sam,Dine-In,8.5
101859,2025-04-25 12:55:00,11,Tuna Nigiri,3,Alex,Dine-In,30.0
104383,2025-09-22 19:06:00,20,Miso Soup,4,Alex,Takeout,16.0
102500,2025-06-03 12:46:00,9,California Roll,3,Jordan,Dine-In,25.5
104922,2025-10-26 17:06:00,9,Miso Soup,2,Chris,Dine-In,8.0
101438,2025-03-31 18:28:00,16,California Roll,4,Alex,Delivery,34.0
104988,2025-10-29 20:00:00,20,Tuna Nigiri,3,Taylor,Dine-In,30.0
100367,2025-01-21 13:02:00,23,Miso Soup,1,Jordan,Dine-In,4.0
105574,2025-12-03 19:43:00,27,Spicy Tuna Roll ,1,Alex,Dine-In,11.0
105766,2025-12-15 20:35:00,14,Salmon Roll,4,Taylor,Dine-In,42.0
100403,2025-01-24 12:46:00,2,Edamame,2,Mia,Delivery,12.0
104661,2025-10-09 19:37:00,2,Salmon Roll,1,Taylor,Takeout,10.5
104741,2025-10-14 19:21:00,9,Salmon Roll,1,Jordan,Dine-In,10.5
100950,2025-02-28 12:47:00,14,Edamame,1,Sam,Delivery,6.0
102836,2025-06-22 20:49:00,17,Salmon Nigiri,3,Taylor,Dine-In,27.0
100020,2025-01-01 21:23:00,14,Salmon Roll,1,Sam,Dine-In,10.5
100230,2025-01-13 17:49:00,19,Spicy Tuna Roll,1,Jordan,Dine-In,11.0
104202,2025-09-11 20:18:00,29,Spicy Tuna Roll,1,Jordan,Dine-In,11.0
100669,2025-02-11 12:08:00,7,California Roll,2,Unknown,Takeout,17.0
100219,2025-01-13 11:59:00,27,Miso Soup,1,Mia,Dine-In,4.0
105024,2025-10-31 18:26:00,10,Matcha Cheesecake,4,Jordan,Dine-In,28.0
104196,2025-09-11 12:54:00,1,Yellowtail Nigiri,1,Jordan,Dine-In,11.0
104784,2025-10-17 12:00:00,11,Dragon Roll,1,Sam,Dine-In,15.0
102700,2025-06-14 18:51:00,2,Edamame,2,Alex,Dine-In,12.0
104405,2025-09-23 20:00:00,9,Miso Soup,4,Chris,Delivery,16.0
100586,2025-02-05 18:11:00,10,Salmon Roll,3,Jordan,Takeout,31.5
105709,2025-12-12 13:13:00,1,Salmon Nigiri,2,Mia,Dine-In,18.0
102943,2025-06-29 13:36:00,18,Sashimi Platter,2,Alex,Dine-In,48.0
102005,2025-05-03 11:58:00,24,Dragon Roll,1,Mia,Dine-In,15.0
103936,2025-08-27 12:41:00,9,Edamame,2,Jordan,Dine-In,12.0
103853,2025-08-21 20:18:00,7,Yellowtail Nigiri,1,Jordan,Takeout,11.0
103502,2025-07-31 19:32:00,13,Gyoza,1,Taylor,Dine-In,8.0
103399,2025-07-25 12:04:00,10,Spicy Tuna Roll,1,Jordan,Dine-In,11.0
100778,2025-02-17 14:00:00,11,Tuna Nigiri,4,Mia,Dine-In,40.0
104651,2025-10-09 14:05:00,21,Spicy Tuna Roll,2,Sam,Dine-In,22.0
101019,2025-03-03 20:28:00,9,Salmon Roll,1,Jordan,Dine-In,10.5
101607,2025-04-11 17:40:00,24,Dragon Roll,1,Chris,Dine-In,15.0
102523,2025-06-04 13:53:00,4,Chicken Teriyaki,1,Mia,Delivery,16.0
102827,2025-06-22 14:30:00,24,Gyoza,1,Taylor,Takeout,8.0
104942,2025-10-27 17:31:00,30,Sashimi Platter,2,Mia,Takeout,48.0
105247,2025-11-14 17:20:00,14,California Roll,3,Sam,Dine-In,25.5
101492,2025-04-03 19:13:00,13,California Roll,4,Jordan,Dine-In,34.0
105177,2025-11-10 13:06:00,18,Salmon Roll,2,Mia,Takeout,21.0
105570,2025-12-03 18:07:00,11,Spicy Tuna Roll,2,Chris,Dine-In,22.0
105414,2025-11-24 21:16:00,16,Tuna Nigiri,2,Taylor,Dine-In,20.0
101964,2025-04-30 21:09:00,4,Tempura Udon,1,Sam,Delivery,14.0
105846,2025-12-21 13:00:00,8,Gyoza,3,Mia,Dine-In,24.0
104458,2025-09-26 19:06:00,27,Salmon Nigiri,3,Mia,Dine-In,27.0
101594,2025-04-10 18:48:00,25,Salmon Roll,2,Alex,Dine-In,21.0
100518,2025-02-01 11:57:00,19,Edamame,2,Chris,Takeout,12.0
100322,2025-01-18 18:21:00,13,Spicy Tuna Roll,1,Mia,Dine-In,11.0
103660,2025-08-11 11:37:00,28,Salmon Nigiri,2,Sam,Dine-In,18.0
104491,2025-09-28 18:49:00,27,Salmon Nigiri,3,Unknown,Dine-In,27.0
104114,2025-09-06 18:49:00,7,Salmon Nigiri,2,Chris,Takeout,18.0
104166,2025-09-09 19:28:00,26,Sashimi Platter,4,Alex,Dine-In,96.0
100218,2025-01-12 21:10:00,17,California Roll,2,Taylor,Dine-In,17.0
103917,2025-08-25 20:25:00,23,California Roll,3,Taylor,Delivery,25.5
101972,2025-05-01 17:55:00,10,California Roll,3,Alex,Dine-In,25.5
100361,2025-01-20 19:13:00,28,California Roll,2,Taylor,Dine-In,17.0
105800,2025-12-17 20:56:00,8,Matcha Cheesecake,1,Mia,Takeout,7.0
103359,2025-07-22 20:17:00,24,Salmon Nigiri,2,Taylor,Dine-In,18.0
105624,2025-12-06 21:14:00,18,California Roll,2,Chris,Dine-In,17.0
104521,2025-10-01 13:44:00,18,Tuna Nigiri,1,Mia,Dine-In,10.0
101053,2025-03-05 18:47:00,2,Spicy Tuna Roll,3,Sam,Dine-In,33.0
105847,2025-12-21 13:09:00,7,Tuna Nigiri,2,Sam,Dine-In,20.0
100760,2025-02-16 11:50:00,11,Salmon Nigiri,1,Chris,Delivery,9.0
104779,2025-10-16 20:38:00,6,Dragon Roll,1,Jordan,Dine-In,15.0
104558,2025-10-03 12:56:00,20,Yellowtail Nigiri,2,Chris,Dine-In,22.0
103796,2025-08-18 11:56:00,21,Sashimi Platter,4,Sam,Takeout,96.0
101427,2025-03-30 19:12:00,27,Salmon Roll,3,Mia,Delivery,31.5
101946,2025-04-29 20:27:00,7,Salmon Roll,1,Jordan,Dine-In,10.5
103721,2025-08-13 20:23:00,26,Salmon Nigiri,2,Taylor,Dine-In,18.0
100215,2025-01-12 20:46:00,17,Salmon Nigiri,1,Sam,Dine-In,9.0
101615,2025-04-12 11:52:00,20,Tuna Nigiri,2,Taylor,Dine-In,20.0
104692,2025-10-12 18:04:00,2,Edamame,3,Sam,Delivery,18.0
101718,2025-04-17 17:37:00,12,Yellowtail Nigiri,1,Mia,Takeout,11.0
102761,2025-06-18 19:19:00,6,Tempura Udon,1,Jordan,Takeout,14.0
102068,2025-05-06 18:47:00,5,Tuna Nigiri,3,Jordan,Takeout,30.0
103019,2025-07-03 18:54:00,16,Salmon Roll,1,Jordan,Dine-In,10.5
104984,2025-10-29 18:04:00,22,Dragon Roll,2,Alex,Dine-In,30.0
101703,2025-04-16 20:10:00,13,Tempura Udon,2,Sam,Takeout,28.0
103122,2025-07-08 19:59:00,20,Gyoza,4,Taylor,Dine-In,32.0
104845,2025-10-21 18:23:00,18,Salmon Nigiri,4,Mia,Dine-In,36.0
103652,2025-08-10 18:13:00,20,Spicy Tuna Roll,1,Jordan,Delivery,11.0
100197,2025-01-11 17:52:00,1,Gyoza,1,Mia,Dine-In,8.0
100726,2025-02-14 12:50:00,26,Tuna Nigiri,1,Mia,Takeout,10.0
102518,2025-06-04 12:15:00,11,Edamame,3,Unknown,Delivery,18.0
101513,2025-04-05 13:36:00,28,Spicy Tuna Roll,2,Alex,Dine-In,22.0
102657,2025-06-11 13:00:00,8,California Roll,2,Mia,Takeout,17.0
104708,2025-10-13 12:44:00,16,Matcha Cheesecake,2,Sam,Delivery,14.0
105023,2025-10-31 18:10:00,10,Gyoza,1,Chris,Dine-In,8.0
101057,2025-03-05 20:26:00,2,Edamame,2,Jordan,Dine-In,12.0
102299,2025-05-20 19:22:00,1,California Roll,3,Sam,Dine-In,25.5
100888,2025-02-24 17:28:00,21,Sashimi Platter,4,Taylor,Dine-In,96.0
102432,2025-05-29 20:37:00,16,Salmon Nigiri,2,Chris,Dine-In,18.0
101093,2025-03-08 21:29:00,9,Dragon Roll,2,Jordan,Dine-In,30.0
103540,2025-08-03 21:11:00,27,Spicy Tuna Roll,1,Jordan,Dine-In,11.0
104140,2025-09-07 20:55:00,17,Tuna Nigiri,2,Mia,Takeout,20.0
100569,2025-02-04 18:14:00,13,California Roll,2,Alex,Dine-In,17.0
100517,2025-02-01 11:38:00,24,Salmon Nigiri,1,Sam,Dine-In,9.0
103651,2025-08-10 18:09:00,26,Dragon Roll,4,Jordan,Takeout,60.0
104358,2025-09-21 11:54:00,14,Dragon Roll,2,Alex,Takeout,30.0
105264,2025-11-15 20:37:00,26,Tuna Nigiri,4,Jordan,Takeout,40.0
100140,2025-01-08 17:33:00,30,Spicy Tuna Roll,4,Taylor,Dine-In,44.0
105854,2025-12-22 14:29:00,10,Tuna Nigiri,2,Mia,Takeout,20.0
102169,2025-05-12 12:03:00,3,Tuna Nigiri,2,Sam,Dine-In,20.0
103322,2025-07-20 18:34:00,18,Miso Soup,2,Mia,Dine-In,8.0
104951,2025-10-27 20:28:00,29,Yellowtail Nigiri,2,Taylor,Takeout,22.0
101150,2025-03-13 12:14:00,7,Miso Soup,1,Taylor,Delivery,4.0
103826,2025-08-19 19:42:00,20,Dragon Roll,4,Chris,Takeout,60.0
102516,2025-06-04 12:04:00,18,Yellowtail Nigiri,4,Jordan,Dine-In,44.0
104249,2025-09-14 13:35:00,12,Edamame,3,Taylor,Takeout,18.0
105625,2025-12-07 12:08:00,10,California Roll,2,Sam,Dine-In,17.0
100464,2025-01-28 12:51:00,10,Miso Soup,3,Jordan,Dine-In,12.0
104518,2025-09-30 20:35:00,16,Dragon Roll,2,Taylor,Dine-In,30.0
104393,2025-09-23 12:44:00,15,Edamame,4,Sam,Dine-In,24.0
105002,2025-10-30 18:37:00,27,Chicken Teriyaki,1,Alex,Dine-In,16.0
100595,2025-02-06 12:52:00,28,Tuna Nigiri,4,Mia,Delivery,40.0
103101,2025-07-07 17:43:00,27,Yellowtail Nigiri,3,Sam,Dine-In,33.0
101808,2025-04-22 19:14:00,22,Salmon Roll,3,Sam,Dine-In,31.5
103107,2025-07-07 19:32:00,12,Spicy Tuna Roll,2,Taylor,Dine-In,22.0
100451,2025-01-26 21:02:00,22,Tuna Nigiri,4,Sam,Dine-In,40.0
103617,2025-08-08 19:51:00,27,Salmon Nigiri,3,Unknown,Delivery,27.0
105161,2025-11-09 17:11:00,19,Edamame,1,Alex,Delivery,6.0
104223,2025-09-13 11:45:00,15,Spicy Tuna Roll,1,Taylor,Dine-In,11.0
100519,2025-02-01 12:04:00,12,Yellowtail Nigiri,1,Alex,Delivery,11.0
105825,2025-12-19 20:06:00,9,Tuna Nigiri,2,Jordan,Takeout,20.0
100313,2025-01-18 12:09:00,1,Salmon Nigiri,3,Alex,Dine-In,27.0
102411,2025-05-28 20:46:00,10,Dragon Roll,4,Chris,Dine-In,60.0
102100,2025-05-08 17:17:00,4,Miso Soup,1,Alex,Dine-In,4.0
102667,2025-06-12 12:23:00,4,Edamame,4,Chris,Dine-In,24.0
103197,2025-07-12 20:52:00,27,Salmon Roll,2,Taylor,Dine-In,21.0
101175,2025-03-14 17:14:00,25,Miso Soup,1,Chris,Dine-In,4.0
104666,2025-10-10 17:33:00,27,Salmon Roll,1,Taylor,Dine-In,10.5
100452,2025-01-27 12:32:00,15,Gyoza,2,Sam,Dine-In,16.0
105549,2025-12-02 17:40:00,29,Yellowtail Nigiri,4,Unknown,Dine-In,44.0
104717,2025-10-13 19:17:00,24,California Roll,3,Alex,Dine-In,25.5
101113,2025-03-10 17:51:00,30,Dragon Roll,1,Alex,Dine-In,15.0
104861,2025-10-22 19:01:00,24,Tuna Nigiri,3,Alex,Dine-In,30.0
101579,2025-04-09 17:17:00,19,Miso Soup,1,Alex,Delivery,4.0
100891,2025-02-24 19:41:00,17,Salmon Roll,3,Chris,Delivery,31.5
101616,2025-04-12 12:40:00,1,Spicy Tuna Roll,1,Alex,Dine-In,11.0
104363,2025-09-21 17:28:00,3,Tuna Nigiri,4,Sam,Dine-In,40.0
105134,2025-11-07 20:05:00,11,Gyoza,3,Alex,Dine-In,24.0
103459,2025-07-28 21:25:00,22,Salmon Nigiri,1,Mia,Dine-In,9.0
105864,2025-12-23 12:43:00,29,Tuna Nigiri,1,Alex,Dine-In,10.0
105857,2025-12-22 20:03:00,13,Salmon Nigiri,1,Sam,Takeout,9.0
101264,2025-03-20 21:12:00,21,Salmon Nigiri ,1,Jordan,Dine-In,9.0
105637,2025-12-07 20:17:00,5,California Roll,2,Alex,Delivery,17.0
101000,2025-03-02 20:00:00,21,Spicy Tuna Roll,2,Chris,Dine-In,22.0
103785,2025-08-17 18:29:00,30,Edamame,2,Jordan,Takeout,12.0
101360,2025-03-26 19:56:00,30,Salmon Roll,4,Mia,Dine-In,42.0
102842,2025-06-23 11:50:00,25,Tuna Nigiri,3,Taylor,Dine-In,30.0
101477,2025-04-02 19:38:00,29,Salmon Roll,3,Mia,Dine-In,31.5
100193,2025-01-11 17:41:00,7,Miso Soup,1,Alex,Dine-In,4.0
104709,2025-10-13 13:13:00,21,Gyoza,2,Mia,Dine-In,16.0
105419,2025-11-25 17:06:00,7,Dragon Roll,3,Chris,Dine-In,45.0
105844,2025-12-21 11:32:00,4,Edamame,1,Alex,Dine-In,6.0
105018,2025-10-31 17:09:00,8,Chicken Teriyaki,3,Mia,Dine-In,48.0
104640,2025-10-08 19:55:00,8,Chicken Teriyaki,1,Mia,Dine-In,16.0
105473,2025-11-28 19:37:00,23,Miso Soup,4,Sam,Dine-In,16.0
101875,2025-04-25 20:36:00,18,Salmon Roll,1,Jordan,Delivery,10.5
105319,2025-11-19 17:27:00,30,Salmon Nigiri,4,Chris,Dine-In,36.0
101339,2025-03-25 19:08:00,21,Dragon Roll,3,Sam,Takeout,45.0
102887,2025-06-25 21:11:00,17,Dragon Roll,2,Alex,Dine-In,30.0
103461,2025-07-29 12:45:00,5,Spicy Tuna Roll,1,Chris,Dine-In,11.0
105040,2025-11-01 13:56:00,21,Spicy Tuna Roll,3,Sam,Delivery,33.0
105060,2025-11-02 18:39:00,27,Salmon Roll,3,Alex,Dine-In,31.5
105266,2025-11-16 12:32:00,17,Salmon Nigiri,3,Taylor,Takeout,27.0
101294,2025-03-22 21:09:00,17,Edamame,2,Jordan,Dine-In,12.0
105304,2025-11-18 14:02:00,15,Gyoza,1,Alex,Takeout,8.0
104528,2025-10-01 18:54:00,20,Gyoza,2,Jordan,Takeout,16.0
105033,2025-10-31 20:51:00,15,Edamame,2,Taylor,Dine-In,12.0
103542,2025-08-04 11:43:00,26,Salmon Nigiri,2,Chris,Dine-In,18.0
102684,2025-06-13 17:17:00,21,California Roll,1,Alex,Dine-In,8.5
101908,2025-04-27 19:34:00,20,Gyoza,1,Taylor,Dine-In,8.0
103782,2025-08-17 18:17:00,11,Matcha Cheesecake,4,Mia,Delivery,28.0
104411,2025-09-23 21:09:00,11,Spicy Tuna Roll,3,Sam,Dine-In,33.0
100369,2025-01-21 14:23:00,24,Spicy Tuna Roll,4,Jordan,Takeout,44.0
101938,2025-04-29 18:24:00,24,Yellowtail Nigiri,4,Chris,Dine-In,44.0
101152,2025-03-13 13:50:00,18,Dragon Roll,2,Mia,Dine-In,30.0
103526,2025-08-02 19:58:00,16,Salmon Nigiri,4,Taylor,Takeout,36.0
104109,2025-09-06 14:29:00,22,Tuna Nigiri,2,Chris,Dine-In,20.0
105928,2025-12-27 13:40:00,18,Miso Soup,1,Mia,Takeout,4.0
100192,2025-01-11 17:38:00,22,California Roll,3,Sam,Dine-In,25.5
100175,2025-01-10 19:05:00,7,Yellowtail Nigiri,2,Alex,Dine-In,22.0
104085,2025-09-04 21:21:00,8,Salmon Nigiri,3,Jordan,Dine-In,27.0
103939,2025-08-27 13:09:00,14,Spicy Tuna Roll,2,Jordan,Delivery,22.0
103858,2025-08-22 14:21:00,21,Matcha Cheesecake,3,Taylor,Dine-In,21.0
102119,2025-05-09 17:12:00,20,Sashimi Platter,4,Alex,Takeout,96.0
105369,2025-11-22 18:16:00,26,California Roll,1,Chris,Dine-In,8.5
105865,2025-12-23 13:52:00,30,Salmon Nigiri,1,Sam,Takeout,9.0
102844,2025-06-23 12:17:00,8,Dragon Roll,1,Alex,Dine-In,15.0
105681,2025-12-10 18:16:00,19,California Roll,4,Mia,Dine-In,34.0
101165,2025-03-13 21:26:00,8,Miso Soup,2,Alex,Dine-In,8.0
102128,2025-05-09 21:21:00,12,Salmon Roll,2,Taylor,Takeout,21.0
104484,2025-09-28 13:44:00,3,Edamame,2,Mia,Dine-In,12.0
101662,2025-04-14 20:36:00,8,Spicy Tuna Roll,1,Taylor,Takeout,11.0
100509,2025-01-31 11:30:00,23,Spicy Tuna Roll,1,Taylor,Dine-In,11.0
100167,2025-01-10 11:55:00,3,California Roll,1,Alex,Delivery,8.5
103933,2025-08-26 21:15:00,24,Tempura Udon,1,Sam,Dine-In,14.0
104126,2025-09-07 17:29:00,22,California Roll,1,Jordan,Takeout,8.5
102272,2025-05-19 12:43:00,18,Salmon Roll,1,Taylor,Takeout,10.5
103986,2025-08-29 21:20:00,20,Sashimi Platter,4,Jordan,Dine-In,96.0
100104,2025-01-06 19:08:00,16,Miso Soup,4,Chris,Takeout,16.0
104851,2025-10-21 20:12:00,2,Spicy Tuna Roll,1,Mia,Takeout,11.0
103221,2025-07-14 17:16:00,13,Sashimi Platter,1,Mia,Takeout,24.0
102733,2025-06-16 19:57:00,13,Dragon Roll,3,Alex,Dine-In,45.0
101753,2025-04-19 19:56:00,6,Salmon Nigiri,1,Taylor,Dine-In,9.0
105375,2025-11-22 20:07:00,28,Dragon Roll,1,Sam,Dine-In,15.0
102729,2025-06-16 18:30:00,26,California Roll,1,Taylor,Delivery,8.5
101659,2025-04-14 19:30:00,26,Gyoza,2,Mia,Delivery,16.0
100153,2025-01-08 21:16:00,24,Tempura Udon,2,Jordan,Delivery,28.0
102973,2025-06-30 19:20:00,19,California Roll,2,Taylor,Dine-In,17.0
101584,2025-04-09 20:11:00,22,Miso Soup,4,Chris,Takeout,16.0
105881,2025-12-24 12:18:00,26,Gyoza,4,Chris,Takeout,32.0
102578,2025-06-07 13:25:00,1,Miso Soup,2,Mia,Takeout,8.0
104079,2025-09-04 20:00:00,25,Tuna Nigiri,4,Sam,Dine-In,40.0
104520,2025-10-01 13:29:00,7,Spicy Tuna Roll,2,Sam,Dine-In,22.0
103881,2025-08-24 13:09:00,24,Salmon Nigiri,2,Jordan,Dine-In,18.0
104382,2025-09-22 18:26:00,21,Edamame,1,Jordan,Dine-In,6.0
101823,2025-04-23 17:08:00,14,Salmon Roll,1,Chris,Dine-In,10.5
104644,2025-10-08 21:13:00,14,Edamame,2,Jordan,Dine-In,12.0
105486,2025-11-29 13:19:00,20,Edamame,1,Alex,Takeout,6.0
100310,2025-01-17 21:22:00,7,Hamachi Kama,2,Chris,Takeout,36.0
104400,2025-09-23 18:17:00,3,Salmon Nigiri,1,Jordan,Delivery,9.0
103347,2025-07-22 13:01:00,10,Tempura Udon,1,Taylor,Dine-In,14.0
102590,2025-06-07 20:05:00,22,Spicy Tuna Roll,2,Alex,Delivery,22.0
100496,2025-01-29 20:33:00,15,Tuna Nigiri,1,Alex,Dine-In,10.0
100206,2025-01-12 12:45:00,28,Tempura Udon,4,Taylor,Takeout,56.0
101435,2025-03-31 12:38:00,16,Hamachi Kama,1,Sam,Dine-In,18.0
101136,2025-03-12 17:19:00,3,California Roll,1,Sam,Takeout,8.5
100869,2025-02-23 13:30:00,17,Spicy Tuna Roll,1,Jordan,Dine-In,11.0
100306,2025-01-17 20:09:00,11,Chicken Teriyaki,2,Taylor,Dine-In,32.0
101850,2025-04-24 20:11:00,5,Salmon Nigiri,2,Mia,Delivery,18.0
104424,2025-09-24 17:03:00,10,Tuna Nigiri,1,Taylor,Dine-In,10.0
101989,2025-05-02 12:20:00,22,Salmon Roll,2,Sam,Dine-In,21.0
105610,2025-12-05 21:02:00,4,Salmon Roll,3,Mia,Dine-In,31.5
101535,2025-04-06 20:24:00,26,Tuna Nigiri,2,Jordan,Delivery,20.0
100844,2025-02-21 17:56:00,24,Edamame,1,Alex,Dine-In,6.0
101988,2025-05-02 12:16:00,18,Spicy Tuna Roll,4,Taylor,Dine-In,44.0
103579,2025-08-06 19:33:00,1,Edamame,1,Taylor,Takeout,6.0
103865,2025-08-22 20:07:00,14,Salmon Nigiri,1,Jordan,Dine-In,9.0
102555,2025-06-05 14:23:00,2,Tuna Nigiri,1,Sam,Dine-In,10.0
103227,2025-07-14 18:33:00,25,Gyoza,1,Mia,Delivery,8.0
101539,2025-04-07 11:45:00,3,Miso Soup,2,Mia,Takeout,8.0
100212,2025-01-12 18:49:00,14,California Roll,1,Sam,Takeout,8.5
101958,2025-04-30 17:58:00,24,Matcha Cheesecake,1,Mia,Dine-In,7.0
105075,2025-11-03 18:31:00,27,Hamachi Kama,2,Chris,Dine-In,36.0
102340,2025-05-24 17:40:00,5,Yellowtail Nigiri,1,Chris,Takeout,11.0
105444,2025-11-26 17:20:00,13,Miso Soup,1,Alex,Dine-In,4.0
101350,2025-03-26 13:34:00,12,California Roll,2,Mia,Delivery,17.0
105816,2025-12-19 12:19:00,16,Dragon Roll,3,Mia,Dine-In,45.0
104604,2025-10-06 18:44:00,2,Gyoza,1,Jordan,Dine-In,8.0
100681,2025-02-11 20:33:00,10,Gyoza,1,Chris,Dine-In,8.0
100181,2025-01-10 20:44:00,27,Spicy Tuna Roll,3,Jordan,Dine-In,33.0
103781,2025-08-17 17:17:00,22,Spicy Tuna Roll,4,Alex,Takeout,44.0
103067,2025-07-05 18:47:00,5,Tempura Udon,1,Taylor,Delivery,14.0
103313,2025-07-19 19:57:00,8,Gyoza,1,Mia,Dine-In,8.0
100279,2025-01-16 17:11:00,22,California Roll,3,Chris,Takeout,25.5
100290,2025-01-16 20:30:00,21,Matcha Cheesecake,1,Taylor,Dine-In,7.0
104516,2025-09-30 20:19:00,29,Salmon Nigiri,1,Alex,Dine-In,9.0
100994,2025-03-02 17:41:00,24,Salmon Nigiri,1,Sam,Dine-In,9.0
102610,2025-06-08 19:32:00,9,Sashimi Platter,4,Sam,Dine-In,96.0
104479,2025-09-28 12:43:00,5,California Roll,2,Taylor,Delivery,17.0
104241,2025-09-13 20:11:00,22,Sashimi Platter,4,Sam,Dine-In,96.0
104823,2025-10-19 21:06:00,15,Salmon Roll,2,Taylor,Takeout,21.0
100271,2025-01-16 11:32:00,10,Miso Soup,1,Chris,Dine-In,4.0
102168,2025-05-11 20:52:00,2,Gyoza,2,Sam,Takeout,16.0
105718,2025-12-12 19:19:00,10,Salmon Roll,1,Chris,Dine-In,10.5
102255,2025-05-17 19:05:00,20,California Roll,2,Jordan,Dine-In,17.0
104676,2025-10-10 20:08:00,17,Yellowtail Nigiri,1,Sam,Dine-In,11.0
100112,2025-01-07 12:49:00,18,Spicy Tuna Roll,2,Mia,Dine-In,22.0
101392,2025-03-28 19:28:00,24,Salmon Nigiri,1,Chris,Takeout,9.0
100221,2025-01-13 12:29:00,9,Salmon Roll,2,Taylor,Takeout,21.0
103251,2025-07-15 18:07:00,5,Salmon Nigiri,1,Alex,Dine-In,9.0
100084,2025-01-05 12:59:00,26,Chicken Teriyaki,3,Chris,Delivery,48.0
103456,2025-07-28 18:44:00,21,Spicy Tuna Roll,2,Alex,Takeout,22.0
100462,2025-01-27 20:30:00,13,California Roll,1,Jordan,Dine-In,8.5
105290,2025-11-17 17:18:00,28,Spicy Tuna Roll,3,Taylor,Takeout,33.0
100552,2025-02-03 17:33:00,1,Tempura Udon,1,Chris,Delivery,14.0
105900,2025-12-25 17:47:00,2,Salmon Roll,2,Sam,Takeout,21.0
103687,2025-08-12 17:39:00,6,Miso Soup,2,Chris,Dine-In,8.0
102785,2025-06-19 19:52:00,23,Salmon Nigiri,3,Taylor,Takeout,27.0
102147,2025-05-10 20:05:00,17,California Roll,2,Alex,Dine-In,17.0
102898,2025-06-26 18:49:00,8,Gyoza,4,Chris,Takeout,32.0
104634,2025-10-08 13:15:00,14,Spicy Tuna Roll,1,Chris,Takeout,11.0
100651,2025-02-10 11:30:00,10,Dragon Roll,4,Jordan,Takeout,60.0
100709,2025-02-13 17:44:00,2,Gyoza,2,Taylor,Dine-In,16.0
103800,2025-08-18 18:02:00,19,Chicken Teriyaki,1,Mia,Takeout,16.0
105561,2025-12-03 11:36:00,24,Miso Soup,1,Taylor,Dine-In,4.0
102359,2025-05-25 19:47:00,15,Spicy Tuna Roll,2,Chris,Dine-In,22.0
101425,2025-03-30 18:34:00,6,Miso Soup,3,Alex,Dine-In,12.0
101217,2025-03-17 18:18:00,9,Spicy Tuna Roll,3,Jordan,Dine-In,33.0
105524,2025-12-01 13:23:00,7,Sashimi Platter,4,Mia,Takeout,96.0
101925,2025-04-28 20:20:00,23,California Roll,2,Taylor,Takeout,17.0
102754,2025-06-18 12:28:00,19,Sashimi Platter,1,Mia,Takeout,24.0
103320,2025-07-20 17:31:00,5,Yellowtail Nigiri,1,Mia,Dine-In,11.0
100315,2025-01-18 12:44:00,17,Gyoza,1,Chris,Dine-In,8.0
105993,2025-12-31 18:59:00,30,Chicken Teriyaki,1,Jordan,Takeout,16.0
101428,2025-03-30 19:20:00,27,Salmon Nigiri,2,Sam,Dine-In,18.0
103997,2025-08-30 17:41:00,19,Tempura Udon,2,Mia,Dine-In,28.0
102956,2025-06-29 20:31:00,24,Miso Soup,3,Taylor,Dine-In,12.0
104701,2025-10-12 19:59:00,26,Spicy Tuna Roll,1,Alex,Takeout,11.0
103888,2025-08-24 17:53:00,25,Dragon Roll,3,Chris,Dine-In,45.0
103236,2025-07-14 20:29:00,18,Salmon Roll,2,Jordan,Dine-In,21.0
104429,2025-09-24 18:13:00,3,California Roll,1,Taylor,Dine-In,8.5
103310,2025-07-19 18:47:00,15,Miso Soup,1,Taylor,Dine-In,4.0
101926,2025-04-28 20:45:00,16,Salmon Nigiri,2,Taylor,Dine-In,18.0
102544,2025-06-04 20:52:00,20,Salmon Nigiri,3,Taylor,Dine-In,27.0
100685,2025-02-12 12:51:00,22,Edamame,1,Taylor,Dine-In,6.0
104852,2025-10-22 12:38:00,14,Yellowtail Nigiri,1,Taylor,Dine-In,11.0
105107,2025-11-05 18:43:00,12,Miso Soup,3,Mia,Dine-In,12.0
105130,2025-11-07 19:34:00,6,California Roll,4,Chris,Dine-In,34.0
104072,2025-09-04 19:10:00,17,Edamame,1,Mia,Takeout,6.0
100327,2025-01-18 19:35:00,12,Chicken Teriyaki,2,Alex,Dine-In,32.0
105370,2025-11-22 18:47:00,24,Tuna Nigiri,1,Chris,Delivery,10.0
105480,2025-11-29 12:16:00,14,Sashimi Platter,1,Sam,Dine-In,24.0
102612,2025-06-08 20:39:00,24,Gyoza,4,Sam,Takeout,32.0
105203,2025-11-11 19:18:00,16,Salmon Nigiri,1,Jordan,Dine-In,9.0
102349,2025-05-25 13:53:00,28,Salmon Nigiri,1,Alex,Dine-In,9.0
104077,2025-09-04 19:49:00,17,Hamachi Kama,2,Jordan,Takeout,36.0
104102,2025-09-05 21:23:00,18,Chicken Teriyaki,1,Alex,Dine-In,16.0
103809,2025-08-18 20:53:00,6,Hamachi Kama,3,Chris,Dine-In,54.0
100349,2025-01-19 20:47:00,8,Edamame,1,Chris,Takeout,6.0
101627,2025-04-12 20:56:00,4,Spicy Tuna Roll,3,Chris,Dine-In,33.0
103246,2025-07-15 17:09:00,7,Spicy Tuna Roll,1,Sam,Dine-In,11.0
100872,2025-02-23 18:56:00,23,Sashimi Platter,1,Sam,Dine-In,24.0
105433,2025-11-25 21:25:00,7,Spicy Tuna Roll,1,Sam,Takeout,11.0
104332,2025-09-20 11:52:00,2,Spicy Tuna Roll,1,Alex,Dine-In,11.0
105253,2025-11-15 11:40:00,20,California Roll,2,Jordan,Takeout,17.0
102122,2025-05-09 17:48:00,11,Tuna Nigiri,1,Alex,Dine-In,10.0
102419,2025-05-29 13:53:00,21,Tempura Udon,2,Alex,Dine-In,28.0
100086,2025-01-05 13:40:00,12,California Roll,2,Mia,Takeout,17.0
103537,2025-08-03 19:04:00,1,Spicy Tuna Roll,3,Chris,Dine-In,33.0
101878,2025-04-25 21:05:00,24,Spicy Tuna Roll,2,Taylor,Takeout,22.0
104752,2025-10-14 20:56:00,24,Tuna Nigiri,2,Alex,Takeout,20.0
105149,2025-11-08 13:56:00,24,Gyoza,1,Taylor,Takeout,8.0
105618,2025-12-06 19:08:00,25,Salmon Nigiri,2,Jordan,Takeout,18.0
100495,2025-01-29 20:31:00,4,Spicy Tuna Roll,1,Jordan,Takeout,11.0
102987,2025-07-01 17:44:00,2,Salmon Nigiri,3,Alex,Dine-In,27.0
103130,2025-07-08 21:07:00,14,Tempura Udon,1,Sam,Takeout,14.0
102779,2025-06-19 19:18:00,12,California Roll,3,Chris,Dine-In,25.5
101271,2025-03-21 12:50:00,25,California Roll,1,Jordan,Dine-In,8.5
102674,2025-06-12 17:39:00,13,Salmon Roll,4,Chris,Delivery,42.0
104929,2025-10-26 19:28:00,25,Miso Soup,2,Taylor,Dine-In,8.0
104971,2025-10-28 19:38:00,3,Dragon Roll,2,Chris,Takeout,30.0
100619,2025-02-07 20:58:00,4,Salmon Nigiri,4,Sam,Dine-In,36.0
105147,2025-11-08 13:44:00,30,Salmon Roll,1,Alex,Dine-In,10.5
103847,2025-08-21 13:58:00,5,Gyoza,1,Alex,Takeout,8.0
104258,2025-09-14 19:56:00,8,Yellowtail Nigiri,4,Mia,Dine-In,44.0
102571,2025-06-06 20:33:00,6,Chicken Teriyaki,2,Taylor,Dine-In,32.0
103635,2025-08-09 19:49:00,4,Chicken Teriyaki,2,Mia,Dine-In,32.0
103077,2025-07-06 13:25:00,29,Salmon Nigiri,2,Chris,Dine-In,18.0
101414,2025-03-29 19:56:00,1,Spicy Tuna Roll,3,Alex,Dine-In,33.0
102202,2025-05-14 14:25:00,20,Tempura Udon,3,Sam,Dine-In,42.0
104919,2025-10-26 12:34:00,21,Spicy Tuna Roll,4,Taylor,Delivery,44.0
104817,2025-10-19 18:17:00,16,Yellowtail Nigiri,4,Alex,Dine-In,44.0
100870,2025-02-23 14:27:00,16,Salmon Roll,2,Sam,Dine-In,21.0
102007,2025-05-03 12:10:00,13,California Roll,1,Chris,Dine-In,8.5
104162,2025-09-09 13:10:00,27,Tuna Nigiri,1,Chris,Takeout,10.0
100357,2025-01-20 18:06:00,16,Salmon Nigiri,2,Mia,Dine-In,18.0
101163,2025-03-13 20:40:00,5,Edamame,1,Chris,Dine-In,6.0
104571,2025-10-04 12:15:00,10,Tuna Nigiri,1,Jordan,Dine-In,10.0
103164,2025-07-10 20:55:00,17,Salmon Nigiri,1,Mia,Delivery,9.0
105941,2025-12-27 20:31:00,25,Miso Soup,2,Mia,Delivery,8.0
101891,2025-04-26 19:19:00,22,Gyoza,1,Mia,Dine-In,8.0
100580,2025-02-05 14:11:00,24,Tempura Udon,1,Taylor,Takeout,14.0
102572,2025-06-06 20:47:00,22,Spicy Tuna Roll,2,Alex,Takeout,22.0
101692,2025-04-16 17:32:00,24,Yellowtail Nigiri,2,Mia,Dine-In,22.0
100863,2025-02-22 20:38:00,23,Salmon Nigiri,1,Alex,Takeout,9.0
104031,2025-09-01 19:33:00,13,Spicy Tuna Roll,1,Mia,Dine-In,11.0
103327,2025-07-20 19:42:00,15,Spicy Tuna Roll,4,Alex,Takeout,44.0
104238,2025-09-13 19:08:00,14,Yellowtail Nigiri,1,Mia,Dine-In,11.0
104662,2025-10-09 20:12:00,9,Tempura Udon,4,Mia,Dine-In,56.0
101117,2025-03-11 11:53:00,3,Miso Soup,2,Alex,Delivery,8.0
101542,2025-04-07 12:22:00,7,Edamame,1,Mia,Delivery,6.0
104412,2025-09-23 21:26:00,24,Salmon Roll,3,Sam,Takeout,31.5
104632,2025-10-08 12:42:00,25,Miso Soup,3,Jordan,Dine-In,12.0
105539,2025-12-01 21:10:00,13,California Roll,3,Jordan,Takeout,25.5
102630,2025-06-09 21:27:00,11,Salmon Nigiri,3,Jordan,Takeout,27.0
105317,2025-11-19 13:37:00,18,California Roll,4,Alex,Dine-In,34.0
105333,2025-11-20 14:16:00,28,California Roll,3,Taylor,Takeout,25.5
105930,2025-12-27 17:04:00,24,Spicy Tuna Roll,3,Mia,Takeout,33.0
102418,2025-05-29 13:40:00,21,Spicy Tuna Roll,3,Alex,Dine-In,33.0
105746,2025-12-15 12:01:00,13,Edamame,4,Alex,Takeout,24.0
105094,2025-11-04 19:24:00,1,Spicy Tuna Roll,3,Jordan,Takeout,33.0
105778,2025-12-16 19:40:00,8,Salmon Roll,4,Jordan,Delivery,42.0
102053,2025-05-05 21:25:00,19,Tuna Nigiri,1,Chris,Dine-In,10.0
101777,2025-04-21 12:15:00,24,Miso Soup,1,Mia,Delivery,4.0
103587,2025-08-06 21:11:00,22,Tuna Nigiri,2,Jordan,Dine-In,20.0
101593,2025-04-10 18:17:00,28,Gyoza,1,Jordan,Takeout,8.0
101724,2025-04-17 18:41:00,8,Salmon Nigiri,2,Sam,Dine-In,18.0
104710,2025-10-13 14:23:00,3,Salmon Nigiri,1,Taylor,Dine-In,9.0
105723,2025-12-13 12:22:00,14,Miso Soup,1,Mia,Takeout,4.0
100491,2025-01-29 19:07:00,13,Salmon Nigiri,1,Sam,Takeout,9.0
105059,2025-11-02 17:13:00,2,Dragon Roll,1,Jordan,Dine-In,15.0
101007,2025-03-03 12:38:00,23,Tuna Nigiri,1,Alex,Dine-In,10.0
103169,2025-07-11 17:58:00,3,Yellowtail Nigiri,1,Taylor,Dine-In,11.0
103489,2025-07-30 20:40:00,3,Gyoza,4,Mia,Dine-In,32.0
101418,2025-03-30 14:29:00,25,Gyoza,3,Taylor,Dine-In,24.0
100026,2025-01-02 18:04:00,4,Gyoza,1,Sam,Dine-In,8.0
101114,2025-03-10 18:04:00,8,Spicy Tuna Roll,1,Sam,Takeout,11.0
105912,2025-12-26 13:53:00,10,Spicy Tuna Roll,2,Taylor,Dine-In,22.0
105140,2025-11-08 11:40:00,17,Spicy Tuna Roll,1,Mia,Delivery,11.0
105712,2025-12-12 13:56:00,20,Miso Soup,2,Sam,Dine-In,8.0
100434,2025-01-25 20:42:00,22,Salmon Nigiri,1,Alex,Takeout,9.0
102946,2025-06-29 17:39:00,5,California Roll,4,Sam,Dine-In,34.0
102828,2025-06-22 17:19:00,1,Tuna Nigiri,1,Alex,Dine-In,10.0
104041,2025-09-02 13:42:00,8,Yellowtail Nigiri,2,Alex,Dine-In,22.0
105020,2025-10-31 17:58:00,23,Tuna Nigiri,1,Sam,Takeout,10.0
105552,2025-12-02 18:02:00,4,California Roll,2,Alex,Dine-In,17.0
103733,2025-08-14 20:58:00,12,Yellowtail Nigiri,1,Alex,Dine-In,11.0
104471,2025-09-27 19:02:00,17,Salmon Roll,1,Jordan,Dine-In,10.5
104051,2025-09-03 17:42:00,1,Matcha Cheesecake,2,Alex,Delivery,14.0
105810,2025-12-18 17:51:00,14,Dragon Roll,2,Alex,Dine-In,30.0
101103,2025-03-09 20:28:00,29,California Roll,2,Chris,Dine-In,17.0
104276,2025-09-16 14:01:00,27,Salmon Roll,2,Mia,Dine-In,21.0
105643,2025-12-08 12:45:00,1,Salmon Nigiri,4,Chris,Dine-In,36.0
104177,2025-09-10 17:15:00,30,Tuna Nigiri,2,Taylor,Dine-In,20.0
100195,2025-01-11 17:44:00,7,Sashimi Platter,2,Sam,Delivery,48.0
100616,2025-02-07 19:08:00,11,Dragon Roll,2,Mia,Dine-In,30.0
100644,2025-02-09 19:23:00,8,Yellowtail Nigiri,1,Jordan,Delivery,11.0
104324,2025-09-19 19:14:00,17,Dragon Roll,3,Taylor,Dine-In,45.0
105638,2025-12-07 20:38:00,5,Tuna Nigiri,1,Alex,Dine-In,10.0
105087,2025-11-04 13:08:00,25,Spicy Tuna Roll,3,Taylor,Dine-In,33.0
100331,2025-01-18 20:32:00,3,Miso Soup,1,Alex,Dine-In,4.0
103556,2025-08-04 21:13:00,30,Spicy Tuna Roll,2,Sam,Dine-In,22.0
103762,2025-08-16 18:16:00,29,Spicy Tuna Roll,2,Mia,Dine-In,22.0
103134,2025-07-09 13:22:00,27,Salmon Roll,2,Taylor,Dine-In,21.0
105603,2025-12-05 12:53:00,15,Miso Soup,2,Chris,Dine-In,8.0
100484,2025-01-29 17:46:00,6,Chicken Teriyaki,3,Mia,Takeout,48.0
104616,2025-10-07 13:47:00,14,Chicken Teriyaki,2,Taylor,Dine-In,32.0
103821,2025-08-19 19:08:00,29,California Roll,3,Mia,Delivery,25.5
102060,2025-05-06 14:10:00,14,Gyoza,2,Alex,Dine-In,16.0
105274,2025-11-16 19:03:00,13,Edamame,1,Alex,Takeout,6.0
100033,2025-01-02 20:04:00,15,Salmon Nigiri,1,Mia,Dine-In,9.0
100665,2025-02-10 20:20:00,14,California Roll,2,Mia,Delivery,17.0
105771,2025-12-16 17:06:00,1,Dragon Roll,1,Mia,Dine-In,15.0
104274,2025-09-16 12:52:00,11,California Roll,2,Sam,Takeout,17.0
101445,2025-03-31 20:25:00,27,Edamame,2,Chris,Dine-In,12.0
102641,2025-06-10 18:44:00,19,Matcha Cheesecake,1,Mia,Dine-In,7.0
103952,2025-08-27 20:26:00,8,Spicy Tuna Roll,2,Mia,Delivery,22.0
105877,2025-12-23 20:52:00,23,Matcha Cheesecake,2,Taylor,Dine-In,14.0
101706,2025-04-16 20:56:00,16,Miso Soup,4,Mia,Takeout,16.0
105929,2025-12-27 13:42:00,17,Edamame,4,Taylor,Dine-In,24.0
105951,2025-12-28 17:18:00,30,Dragon Roll,2,Chris,Dine-In,30.0
104747,2025-10-14 20:39:00,17,Chicken Teriyaki,2,Jordan,Delivery,32.0
102278,2025-05-19 18:00:00,29,Miso Soup,3,Chris,Dine-In,12.0
101402,2025-03-29 12:34:00,20,Tuna Nigiri,3,Alex,Delivery,30.0
103366,2025-07-23 14:05:00,6,Chicken Teriyaki,3,Alex,Dine-In,48.0
100171,2025-01-10 17:29:00,7,Yellowtail Nigiri,3,Sam,Delivery,33.0
100541,2025-02-02 17:58:00,23,Salmon Nigiri,4,Chris,Takeout,36.0
103167,2025-07-11 17:34:00,7,Hamachi Kama,4,Alex,Delivery,72.0
104509,2025-09-30 13:53:00,7,Chicken Teriyaki,3,Mia,Dine-In,48.0
105490,2025-11-29 17:37:00,24,Spicy Tuna Roll,1,Chris,Dine-In,11.0
104595,2025-10-06 11:34:00,4,Spicy Tuna Roll,1,Taylor,Dine-In,11.0
100675,2025-02-11 17:34:00,7,Salmon Nigiri,3,Chris,Dine-In,27.0
102938,2025-06-28 20:39:00,12,Dragon Roll,1,Taylor,Takeout,15.0
105126,2025-11-07 17:43:00,1,Dragon Roll,2,Jordan,Takeout,30.0
101816,2025-04-23 12:59:00,6,Salmon Roll,1,Sam,Dine-In,10.5
104801,2025-10-18 14:28:00,28,Gyoza,1,Taylor,Dine-In,8.0
102101,2025-05-08 17:38:00,24,Miso Soup,1,Jordan,Dine-In,4.0
103307,2025-07-19 17:09:00,13,Chicken Teriyaki,4,Chris,Takeout,64.0
105851,2025-12-22 11:37:00,6,California Roll,4,Jordan,Dine-In,34.0
102102,2025-05-08 18:25:00,4,California Roll,2,Jordan,Dine-In,17.0
105097,2025-11-04 20:19:00,30,Spicy Tuna Roll,1,Alex,Dine-In,11.0
103113,2025-07-07 21:30:00,27,Gyoza,3,Taylor,Dine-In,24.0
101549,2025-04-07 18:24:00,1,Edamame,2,Mia,Dine-In,12.0
103406,2025-07-25 18:26:00,9,Tuna Nigiri,4,Taylor,Takeout,40.0
102400,2025-05-28 14:10:00,4,Hamachi Kama,1,Sam,Takeout,18.0
100356,2025-01-20 17:21:00,7,Yellowtail Nigiri,1,Chris,Dine-In,11.0
105798,2025-12-17 20:46:00,6,Salmon Nigiri,3,Mia,Dine-In,27.0
102717,2025-06-15 21:02:00,6,Chicken Teriyaki,1,Sam,Takeout,16.0
103412,2025-07-25 21:20:00,20,Salmon Nigiri,3,Sam,Takeout,27.0
105329,2025-11-20 11:39:00,24,California Roll,1,Chris,Takeout,8.5
104288,2025-09-16 19:59:00,27,Edamame,1,Mia,Delivery,6.0
101052,2025-03-05 18:18:00,16,Salmon Nigiri,4,Chris,Dine-In,36.0
102322,2025-05-22 20:40:00,15,Miso Soup,2,Taylor,Dine-In,8.0
104294,2025-09-17 20:41:00,10,Salmon Roll,4,Unknown,Takeout,42.0
103642,2025-08-10 11:42:00,5,Tuna Nigiri,3,Jordan,Takeout,30.0
101752,2025-04-19 19:52:00,7,Salmon Nigiri,1,Jordan,Dine-In,9.0
102482,2025-06-01 21:06:00,5,California Roll,2,Mia,Dine-In,17.0
101773,2025-04-20 19:23:00,11,Tuna Nigiri,2,Sam,Dine-In,20.0
101197,2025-03-16 11:43:00,2,Salmon Nigiri,1,Sam,Dine-In,9.0
101879,2025-04-25 21:16:00,10,California Roll,1,Taylor,Dine-In,8.5
102017,2025-05-03 19:56:00,1,Gyoza ,1,Chris,Dine-In,8.0
102006,2025-05-03 12:00:00,21,Miso Soup,2,Sam,Delivery,8.0
104881,2025-10-23 21:29:00,17,California Roll,1,Alex,Dine-In,8.5
101483,2025-04-03 12:42:00,17,Tuna Nigiri,4,Alex,Delivery,40.0
100329,2025-01-18 19:40:00,29,Spicy Tuna Roll,4,Taylor,Takeout,44.0
100649,2025-02-09 20:57:00,27,Matcha Cheesecake,2,Alex,Dine-In,14.0
105091,2025-11-04 18:38:00,8,California Roll,3,Jordan,Dine-In,25.5
101124,2025-03-11 12:22:00,12,Salmon Nigiri,1,Alex,Dine-In,9.0
102796,2025-06-20 13:34:00,8,Salmon Nigiri,4,Chris,Dine-In,36.0
102981,2025-07-01 12:37:00,11,Edamame,1,Alex,Takeout,6.0
102478,2025-06-01 18:32:00,25,California Roll,2,Chris,Dine-In,17.0
102863,2025-06-24 19:05:00,14,Miso Soup,2,Taylor,Takeout,8.0
102816,2025-06-21 19:45:00,19,Sashimi Platter,3,Mia,Takeout,72.0
105038,2025-11-01 12:23:00,8,California Roll,1,Mia,Dine-In,8.5
101260,2025-03-20 18:22:00,16,Spicy Tuna Roll,1,Taylor,Delivery,11.0
103216,2025-07-13 21:24:00,21,California Roll,3,Taylor,Delivery,25.5
103434,2025-07-27 17:40:00,10,Edamame,2,Chris,Delivery,12.0
104220,2025-09-12 21:01:00,17,Tuna Nigiri,1,Alex,Dine-In,10.0
101520,2025-04-05 19:49:00,3,Tempura Udon,2,Chris,Dine-In,28.0
101379,2025-03-28 11:57:00,5,Salmon Nigiri,4,Alex,Takeout,36.0
104396,2025-09-23 13:34:00,11,Salmon Nigiri,1,Jordan,Takeout,9.0
101024,2025-03-04 13:18:00,17,Tuna Nigiri,4,Alex,Dine-In,40.0
102896,2025-06-26 18:07:00,17,Dragon Roll,1,Mia,Dine-In,15.0
104280,2025-09-16 17:20:00,13,Edamame,2,Alex,Delivery,12.0
103618,2025-08-08 20:28:00,12,Salmon Roll,4,Alex,Dine-In,42.0
100913,2025-02-25 20:30:00,23,California Roll,2,Taylor,Dine-In,17.0
104858,2025-10-22 18:32:00,28,California Roll,4,Sam,Dine-In,34.0
101676,2025-04-15 19:16:00,8,Salmon Nigiri,1,Mia,Dine-In,9.0
101747,2025-04-19 12:51:00,6,Matcha Cheesecake,1,Alex,Dine-In,7.0
103054,2025-07-05 12:52:00,24,Chicken Teriyaki,4,Chris,Dine-In,64.0
101737,2025-04-18 19:09:00,5,Tuna Nigiri,3,Taylor,Dine-In,30.0
101630,2025-04-13 17:16:00,20,Tempura Udon,4,Taylor,Dine-In,56.0
103828,2025-08-19 21:03:00,8,Tuna Nigiri,4,Taylor,Dine-In,40.0
100431,2025-01-25 19:00:00,17,Matcha Cheesecake,2,Taylor,Dine-In,14.0
101809,2025-04-22 19:15:00,29,California Roll,1,Jordan,Dine-In,8.5
104723,2025-10-13 20:05:00,9,Gyoza,1,Taylor,Takeout,8.0
102405,2025-05-28 19:16:00,24,Spicy Tuna Roll,2,Sam,Delivery,22.0
103425,2025-07-26 20:32:00,18,Miso Soup,2,Alex,Dine-In,8.0
104923,2025-10-26 17:13:00,23,Salmon Roll,2,Chris,Delivery,21.0
104199,2025-09-11 18:47:00,11,Tuna Nigiri,4,Chris,Dine-In,40.0
102223,2025-05-15 21:16:00,29,Dragon Roll,3,Chris,Dine-In,45.0
103625,2025-08-09 13:15:00,28,Edamame,3,Chris,Takeout,18.0
103271,2025-07-16 20:24:00,21,Yellowtail Nigiri,1,Unknown,Dine-In,11.0
105371,2025-11-22 19:12:00,3,Spicy Tuna Roll,2,Mia,Takeout,22.0
104018,2025-08-31 19:39:00,19,Spicy Tuna Roll,1,Alex,Takeout,11.0
104603,2025-10-06 18:37:00,8,Salmon Nigiri,3,Alex,Dine-In,27.0
105344,2025-11-20 19:56:00,26,Dragon Roll,2,Chris,Dine-In,30.0
101996,2025-05-02 17:45:00,20,Edamame,4,Mia,Dine-In,24.0
103201,2025-07-13 12:39:00,21,California Roll,1,Sam,Dine-In,8.5
102225,2025-05-16 11:58:00,7,Spicy Tuna Roll,1,Jordan,Takeout,11.0
101107,2025-03-09 21:30:00,29,Edamame,2,Sam,Takeout,12.0
104088,2025-09-05 12:38:00,28,Spicy Tuna Roll,4,Sam,Dine-In,44.0
100819,2025-02-19 21:27:00,1,California Roll,4,Sam,Dine-In,34.0
104099,2025-09-05 20:25:00,14,Matcha Cheesecake,4,Sam,Dine-In,28.0
104373,2025-09-22 14:18:00,5,Edamame,1,Mia,Dine-In,6.0
101698,2025-04-16 18:35:00,20,Miso Soup,1,Mia,Dine-In,4.0
105995,2025-12-31 19:47:00,24,Salmon Roll,2,Mia,Delivery,21.0
100137,2025-01-08 17:05:00,9,Dragon Roll,3,Mia,Takeout,45.0
103261,2025-07-16 13:26:00,5,Salmon Nigiri,2,Jordan,Dine-In,18.0
103880,2025-08-23 21:04:00,21,Spicy Tuna Roll,4,Taylor,Takeout,44.0
105336,2025-11-20 17:50:00,12,Miso Soup,4,Sam,Dine-In,16.0
101181,2025-03-14 19:14:00,28,Spicy Tuna Roll,2,Alex,Dine-In,22.0
103621,2025-08-08 20:54:00,20,Edamame,1,Sam,Dine-In,6.0
100889,2025-02-24 18:46:00,5,Gyoza,2,Sam,Dine-In,16.0
103159,2025-07-10 18:39:00,11,MISO SOUP,4,Chris,Dine-In,16.0
102575,2025-06-07 12:29:00,2,Chicken Teriyaki,1,Chris,Dine-In,16.0
104292,2025-09-17 17:30:00,29,Tuna Nigiri,1,Alex,Dine-In,10.0
100818,2025-02-19 20:51:00,17,Gyoza,2,Mia,Dine-In,16.0
101112,2025-03-10 13:48:00,23,Matcha Cheesecake,3,Sam,Dine-In,21.0
103435,2025-07-27 17:40:00,28,Tempura Udon,1,Chris,Takeout,14.0
102342,2025-05-24 18:11:00,7,Chicken Teriyaki,1,Alex,Dine-In,16.0
104441,2025-09-25 19:35:00,16,Tuna Nigiri,4,Taylor,Dine-In,40.0
103783,2025-08-17 18:18:00,30,California Roll,1,Jordan,Dine-In,8.5
101265,2025-03-20 21:14:00,7,California Roll,3,Chris,Takeout,25.5
100991,2025-03-02 17:13:00,9,Edamame,1,Taylor,Dine-In,6.0
103257,2025-07-15 21:08:00,17,Dragon Roll,4,Mia,Takeout,60.0
101740,2025-04-18 19:53:00,2,Yellowtail Nigiri,4,Alex,Takeout,44.0
103786,2025-08-17 18:30:00,4,Yellowtail Nigiri,1,Sam,Dine-In,11.0
100354,2025-01-20 17:15:00,22,Hamachi Kama,2,Alex,Takeout,36.0
104588,2025-10-05 17:23:00,3,Yellowtail Nigiri,1,Jordan,Delivery,11.0
104401,2025-09-23 18:20:00,30,Spicy Tuna Roll,2,Chris,Dine-In,22.0
104222,2025-09-13 11:33:00,26,Tuna Nigiri,1,Mia,Dine-In,10.0
101490,2025-04-03 18:59:00,17,Tuna Nigiri,2,Alex,Dine-In,20.0
103951,2025-08-27 20:19:00,30,Gyoza,3,Alex,Dine-In,24.0
101229,2025-03-18 14:00:00,15,Dragon Roll,4,Taylor,Dine-In,60.0
104740,2025-10-14 18:37:00,23,Salmon Roll,4,Mia,Dine-In,42.0
103516,2025-08-02 11:30:00,25,Chicken Teriyaki,2,Mia,Dine-In,32.0
105704,2025-12-12 11:48:00,2,Salmon Nigiri,2,Taylor,Takeout,18.0
100053,2025-01-03 18:57:00,22,Tuna Nigiri,1,Sam,Dine-In,10.0
103144,2025-07-09 21:23:00,11,Salmon Nigiri,4,Sam,Takeout,36.0
104562,2025-10-03 17:41:00,4,Dragon Roll,2,Taylor,Dine-In,30.0
105569,2025-12-03 17:54:00,19,Gyoza,2,Jordan,Dine-In,16.0
104846,2025-10-21 18:54:00,13,Salmon Roll,2,Alex,Dine-In,21.0
101590,2025-04-10 17:14:00,12,California Roll,3,Chris,Dine-In,25.5
101480,2025-04-03 11:42:00,28,Spicy Tuna Roll,2,Jordan,Takeout,22.0
101470,2025-04-02 18:01:00,26,Yellowtail Nigiri,2,Sam,Dine-In,22.0
105157,2025-11-09 13:20:00,15,California Roll,1,Alex,Takeout,8.5
102543,2025-06-04 20:25:00,24,Spicy Tuna Roll,2,Sam,Delivery,22.0
102079,2025-05-07 17:47:00,24,Matcha Cheesecake,3,Alex,Dine-In,21.0
104768,2025-10-16 13:39:00,17,Salmon Nigiri,2,Jordan,Dine-In,18.0
105937,2025-12-27 19:35:00,22,Yellowtail Nigiri,4,Jordan,Takeout,44.0
105438,2025-11-26 12:46:00,11,Chicken Teriyaki,3,Chris,Dine-In,48.0
100437,2025-01-26 12:12:00,9,Chicken Teriyaki,4,Taylor,Dine-In,64.0
102906,2025-06-26 20:26:00,19,Chicken Teriyaki,3,Jordan,Dine-In,48.0
104667,2025-10-10 17:38:00,15,California Roll,1,Alex,Takeout,8.5
101589,2025-04-10 13:09:00,2,Spicy Tuna Roll,3,Sam,Delivery,33.0
104432,2025-09-24 19:57:00,5,Salmon Nigiri,1,Taylor,Dine-In,9.0
101591,2025-04-10 17:30:00,10,Salmon Roll,1,Mia,Dine-In,10.5
105793,2025-12-17 19:34:00,22,Spicy Tuna Roll,3,Jordan,Delivery,33.0
100974,2025-03-01 18:21:00,17,Gyoza,2,Sam,Dine-In,16.0
101239,2025-03-19 12:36:00,14,Tuna Nigiri,2,Alex,Dine-In,20.0
102343,2025-05-24 18:38:00,14,Gyoza,1,Jordan,Dine-In,8.0
105781,2025-12-16 19:58:00,29,Miso Soup,4,Taylor,Takeout,16.0
103974,2025-08-29 14:10:00,29,Gyoza,3,Alex,Dine-In,24.0
105137,2025-11-07 20:41:00,15,Tuna Nigiri,2,Chris,Dine-In,20.0
102232,2025-05-16 17:37:00,10,Salmon Roll,1,Chris,Dine-In,10.5
102537,2025-06-04 19:09:00,13,Edamame,4,Jordan,Takeout,24.0
101498,2025-04-04 13:09:00,22,Hamachi Kama,1,Alex,Takeout,18.0
100450,2025-01-26 20:51:00,30,Miso Soup,1,Jordan,Dine-In,4.0
102370,2025-05-26 18:56:00,26,Spicy Tuna Roll,2,Jordan,Dine-In,22.0
103387,2025-07-24 17:45:00,18,Salmon Roll,2,Taylor,Dine-In,21.0
102423,2025-05-29 18:10:00,27,Miso Soup,1,Chris,Dine-In,4.0
105407,2025-11-24 18:11:00,7,Gyoza,1,Sam,Takeout,8.0
103401,2025-07-25 12:52:00,19,Tuna Nigiri,2,Mia,Dine-In,20.0
101552,2025-04-07 19:44:00,10,California Roll,1,Jordan,Dine-In,8.5
105338,2025-11-20 18:17:00,15,Spicy Tuna Roll,2,Mia,Dine-In,22.0
101147,2025-03-12 20:49:00,18,Tempura Udon,2,Jordan,Dine-In,28.0
103760,2025-08-16 17:37:00,7,Tuna Nigiri,1,Jordan,Delivery,10.0
102093,2025-05-08 11:55:00,28,Tuna Nigiri,1,Jordan,Dine-In,10.0
101314,2025-03-24 17:20:00,26,Matcha Cheesecake,1,Mia,Dine-In,7.0
102016,2025-05-03 19:25:00,9,Spicy Tuna Roll,1,Alex,Takeout,11.0
103290,2025-07-18 13:17:00,13,Spicy Tuna Roll,2,Mia,Takeout,22.0
102747,2025-06-17 18:19:00,13,Spicy Tuna Roll,2,Sam,Dine-In,22.0
104766,2025-10-16 12:41:00,18,Tempura Udon,1,Taylor,Delivery,14.0
101382,2025-03-28 14:27:00,22,Salmon Roll,3,Mia,Delivery,31.5
103270,2025-07-16 19:12:00,6,Salmon Nigiri,2,Alex,Delivery,18.0
100414,2025-01-24 19:33:00,21,Spicy Tuna Roll,1,Sam,Delivery,11.0
100942,2025-02-27 18:49:00,21,Chicken Teriyaki,2,Alex,Dine-In,32.0
100802,2025-02-18 18:32:00,19,Sashimi Platter,1,Mia,Takeout,24.0
102522,2025-06-04 13:39:00,7,Gyoza,2,Sam,Dine-In,16.0
105876,2025-12-23 20:31:00,11,Salmon Nigiri,1,Taylor,Dine-In,9.0
100257,2025-01-14 21:09:00,7,California Roll,3,Taylor,Dine-In,25.5
105911,2025-12-26 13:09:00,23,Miso Soup,1,Sam,Dine-In,4.0
102236,2025-05-16 18:28:00,20,Spicy Tuna Roll,2,Mia,Takeout,22.0
100648,2025-02-09 20:22:00,22,California Roll,2,Chris,Dine-In,17.0
101768,2025-04-20 18:13:00,19,Salmon Nigiri,4,Taylor,Delivery,36.0
104120,2025-09-06 21:07:00,8,Chicken Teriyaki,2,Mia,Dine-In,32.0
105604,2025-12-05 17:27:00,26,Salmon Nigiri,3,Jordan,Dine-In,27.0
103003,2025-07-02 19:27:00,9,Salmon Nigiri,1,Alex,Takeout,9.0
102648,2025-06-10 19:29:00,28,Edamame,2,Sam,Dine-In,12.0
100025,2025-01-02 17:37:00,5,Matcha Cheesecake,1,Taylor,Delivery,7.0
101089,2025-03-08 17:43:00,24,Dragon Roll,1,Sam,Dine-In,15.0
104865,2025-10-22 20:54:00,30,Yellowtail Nigiri,3,Chris,Takeout,33.0
104820,2025-10-19 19:14:00,16,Edamame,2,Taylor,Takeout,12.0
100113,2025-01-07 13:29:00,30,Gyoza,3,Jordan,Dine-In,24.0
102312,2025-05-21 18:17:00,20,Spicy Tuna Roll,3,Mia,Dine-In,33.0
102789,2025-06-19 20:38:00,25,Miso Soup,1,Taylor,Dine-In,4.0
100057,2025-01-03 20:51:00,24,Tuna Nigiri,4,Taylor,Dine-In,40.0
101310,2025-03-24 11:57:00,25,Tuna Nigiri,4,Mia,Dine-In,40.0
100696,2025-02-12 19:32:00,26,Sashimi Platter,1,Alex,Dine-In,24.0
104901,2025-10-25 11:49:00,2,Edamame,3,Chris,Dine-In,18.0
101228,2025-03-18 13:49:00,14,California Roll,3,Alex,Dine-In,25.5
102000,2025-05-02 19:43:00,24,Edamame,3,Sam,Dine-In,18.0
100277,2025-01-16 14:25:00,10,Yellowtail Nigiri,4,Taylor,Delivery,44.0
102681,2025-06-12 21:28:00,18,Matcha Cheesecake,3,Sam,Dine-In,21.0
105096,2025-11-04 19:35:00,5,Spicy Tuna Roll,4,Alex,Dine-In,44.0
101834,2025-04-24 12:43:00,17,Tuna Nigiri,2,Taylor,Dine-In,20.0
100683,2025-02-11 21:29:00,8,Salmon Nigiri,1,Mia,Takeout,9.0
103160,2025-07-10 19:01:00,1,Salmon Nigiri,1,Taylor,Dine-In,9.0
104349,2025-09-20 19:54:00,27,Sashimi Platter,3,Mia,Takeout,72.0
102886,2025-06-25 20:34:00,1,Spicy Tuna Roll,4,Alex,Delivery,44.0
101138,2025-03-12 17:34:00,4,Miso Soup,2,Mia,Dine-In,8.0
105546,2025-12-02 17:05:00,24,Dragon Roll,4,Jordan,Dine-In,60.0
104197,2025-09-11 18:18:00,29,Gyoza,1,Chris,Takeout,8.0
104181,2025-09-10 18:17:00,26,Chicken Teriyaki,1,Alex,Dine-In,16.0
105682,2025-12-10 18:48:00,7,Spicy Tuna Roll,3,Chris,Dine-In,33.0
105511,2025-11-30 17:52:00,4,Tempura Udon,2,Mia,Dine-In,28.0
101347,2025-03-26 12:49:00,7,Sashimi Platter,1,Alex,Takeout,24.0
102570,2025-06-06 20:00:00,17,Dragon Roll,2,Taylor,Takeout,30.0
105478,2025-11-28 21:15:00,27,Tuna Nigiri,4,Taylor,Takeout,40.0
102821,2025-06-21 21:03:00,9,Chicken Teriyaki,2,Taylor,Dine-In,32.0
102385,2025-05-27 14:28:00,16,Dragon Roll,2,Taylor,Dine-In,30.0
103949,2025-08-27 19:32:00,12,Matcha Cheesecake,1,Mia,Delivery,7.0
104191,2025-09-10 21:16:00,17,Gyoza,1,Taylor,Takeout,8.0
103276,2025-07-17 13:10:00,6,Salmon Nigiri,4,Mia,Delivery,36.0
103633,2025-08-09 19:09:00,30,Chicken Teriyaki,1,Sam,Dine-In,16.0
103277,2025-07-17 17:12:00,22,Edamame,2,Chris,Dine-In,12.0
103498,2025-07-31 18:03:00,23,Tempura Udon,2,Mia,Dine-In,28.0
103050,2025-07-04 21:03:00,6,Chicken Teriyaki,1,Mia,Dine-In,16.0
105005,2025-10-30 20:11:00,6,Salmon Roll,3,Sam,Takeout,31.5
104943,2025-10-27 17:35:00,29,Edamame,2,Sam,Dine-In,12.0
100082,2025-01-05 11:33:00,17,Sashimi Platter,1,Alex,Delivery,24.0
101973,2025-05-01 18:23:00,14,Edamame,1,Taylor,Dine-In,6.0
101715,2025-04-17 13:02:00,14,Salmon Nigiri,1,Chris,Dine-In,9.0
104004,2025-08-30 19:36:00,8,Spicy Tuna Roll,4,Alex,Dine-In,44.0
102944,2025-06-29 17:09:00,28,Tempura Udon,2,Mia,Dine-In,28.0
105180,2025-11-10 17:55:00,7,Dragon Roll,4,Mia,Dine-In,60.0
101947,2025-04-29 20:40:00,18,Tuna Nigiri,4,Sam,Dine-In,40.0
103340,2025-07-21 19:21:00,3,Spicy Tuna Roll,2,Sam,Delivery,22.0
103103,2025-07-07 18:14:00,6,Dragon Roll,2,Chris,Dine-In,30.0
104218,2025-09-12 20:32:00,14,Spicy Tuna Roll,1,Sam,Dine-In,11.0
101611,2025-04-11 20:08:00,1,Chicken Teriyaki,3,Unknown,Takeout,48.0
103263,2025-07-16 13:38:00,14,California Roll,1,Taylor,Takeout,8.5
105708,2025-12-12 12:52:00,18,Salmon Nigiri,4,Jordan,Dine-In,36.0
105204,2025-11-11 19:29:00,18,Sashimi Platter,2,Taylor,Dine-In,48.0
105888,2025-12-24 20:00:00,21,Yellowtail Nigiri,2,Chris,Takeout,22.0
104642,2025-10-08 20:19:00,16,Edamame,1,Chris,Dine-In,6.0
100666,2025-02-10 20:41:00,4,Yellowtail Nigiri,3,Mia,Takeout,33.0
102195,2025-05-13 19:30:00,6,Salmon Roll,4,Alex,Dine-In,42.0
103753,2025-08-15 20:32:00,16,California Roll,4,Chris,Dine-In,34.0
105885,2025-12-24 17:29:00,7,Dragon Roll,1,Taylor,Takeout,15.0
101018,2025-03-03 20:02:00,23,Tuna Nigiri,4,Alex,Dine-In,40.0
100558,2025-02-03 20:43:00,13,Salmon Nigiri,4,Taylor,Takeout,36.0
104306,2025-09-18 13:06:00,21,Matcha Cheesecake,2,Mia,Takeout,14.0
105362,2025-11-22 12:47:00,1,Yellowtail Nigiri,4,Taylor,Dine-In,44.0
101208,2025-03-16 20:29:00,29,Spicy Tuna Roll,1,Sam,Takeout,11.0
105979,2025-12-30 18:31:00,26,Edamame,2,Chris,Dine-In,12.0
103045,2025-07-04 19:25:00,21,Gyoza,1,Jordan,Takeout,8.0
101511,2025-04-05 12:39:00,19,Spicy Tuna Roll,2,Sam,Dine-In,22.0
104964,2025-10-28 17:46:00,5,California Roll,1,Chris,Dine-In,8.5
103711,2025-08-13 17:05:00,28,California Roll,1,Chris,Delivery,8.5
104092,2025-09-05 17:42:00,19,Salmon Nigiri,1,Chris,Takeout,9.0
104096,2025-09-05 20:10:00,14,Hamachi Kama,2,Jordan,Dine-In,36.0
100267,2025-01-15 20:19:00,15,Salmon Nigiri,4,Taylor,Takeout,36.0
102708,2025-06-15 18:25:00,14,Miso Soup,3,Sam,Takeout,12.0
103371,2025-07-23 19:08:00,16,Matcha Cheesecake,2,Alex,Takeout,14.0
102112,2025-05-09 12:52:00,19,Salmon Roll,3,Alex,Dine-In,31.5
102964,2025-06-30 14:23:00,16,Salmon Nigiri,3,Mia,Dine-In,27.0
101910,2025-04-27 19:53:00,11,Salmon Roll,2,Taylor,Dine-In,21.0
103126,2025-07-08 20:21:00,14,Tempura Udon,3,Alex,Dine-In,42.0
103928,2025-08-26 20:05:00,27,Miso Soup,3,Sam,Dine-In,12.0
103976,2025-08-29 17:27:00,13,Gyoza,1,Chris,Dine-In,8.0
104251,2025-09-14 17:30:00,13,Sashimi Platter,1,Mia,Takeout,24.0
103593,2025-08-07 13:47:00,20,Yellowtail Nigiri,4,Sam,Dine-In,44.0
105133,2025-11-07 19:57:00,26,Salmon Nigiri,1,Jordan,Dine-In,9.0
104012,2025-08-31 14:23:00,12,California Roll,3,Mia,Takeout,25.5
101785,2025-04-21 20:13:00,29,California Roll,1,Mia,Takeout,8.5
101238,2025-03-19 11:56:00,21,Salmon Nigiri,3,Sam,Takeout,27.0
105008,2025-10-30 20:43:00,22,Gyoza,2,Chris,Dine-In,16.0
103025,2025-07-03 20:04:00,17,California Roll,4,Chris,Dine-In,34.0
103893,2025-08-24 20:43:00,8,California Roll,1,Jordan,Delivery,8.5
104882,2025-10-24 11:31:00,25,Chicken Teriyaki,1,Alex,Dine-In,16.0
105946,2025-12-28 13:11:00,13,Spicy Tuna Roll,2,Jordan,Delivery,22.0
102187,2025-05-13 13:19:00,25,Spicy Tuna Roll,1,Alex,Dine-In,11.0
103470,2025-07-29 20:25:00,24,Hamachi Kama,2,Mia,Dine-In,36.0
100909,2025-02-25 19:25:00,15,Tuna Nigiri,1,Taylor,Takeout,10.0
103892,2025-08-24 20:26:00,30,Miso Soup,1,Mia,Takeout,4.0
101304,2025-03-23 17:22:00,22,Edamame,1,Mia,Dine-In,6.0
105622,2025-12-06 20:54:00,22,California Roll,1,Alex,Takeout,8.5
101628,2025-04-13 11:47:00,18,Salmon Roll,2,Alex,Takeout,21.0
101523,2025-04-06 11:35:00,2,Yellowtail Nigiri,4,Sam,Dine-In,44.0
100836,2025-02-20 21:02:00,12,Dragon Roll,2,Sam,Dine-In,30.0
100359,2025-01-20 18:30:00,10,Miso Soup,2,Alex,Takeout,8.0
100139,2025-01-08 17:18:00,4,Hamachi Kama,1,Chris,Dine-In,18.0
100300,2025-01-17 17:15:00,1,Tempura Udon,1,Taylor,Dine-In,14.0
101557,2025-04-07 21:18:00,18,Tempura Udon,3,Taylor,Dine-In,42.0
101004,2025-03-03 11:52:00,15,Dragon Roll,2,Taylor,Dine-In,30.0
100383,2025-01-22 18:29:00,19,Salmon Roll,3,Jordan,Delivery,31.5
102813,2025-06-21 18:19:00,20,Salmon Roll,2,Mia,Takeout,21.0
100762,2025-02-16 12:51:00,20,Tuna Nigiri,1,Jordan,Takeout,10.0
103653,2025-08-10 19:38:00,16,Salmon Nigiri,1,Jordan,Dine-In,9.0
104289,2025-09-16 20:17:00,13,Dragon Roll,2,Chris,Dine-In,30.0
104367,2025-09-21 19:30:00,21,Dragon Roll,2,Alex,Takeout,30.0
104864,2025-10-22 20:36:00,25,Dragon Roll,1,Jordan,Dine-In,15.0
101403,2025-03-29 12:53:00,30,Dragon Roll,4,Sam,Dine-In,60.0
102923,2025-06-28 11:34:00,16,Miso Soup,1,Sam,Dine-In,4.0
105164,2025-11-09 18:00:00,9,Miso Soup,1,Chris,Dine-In,4.0
101933,2025-04-29 12:49:00,29,Gyoza,1,Jordan,Takeout,8.0
104032,2025-09-01 19:37:00,29,Miso Soup ,1,Taylor,Dine-In,4.0
102917,2025-06-27 20:32:00,26,Salmon Nigiri,2,Taylor,Dine-In,18.0
104794,2025-10-17 19:49:00,11,California Roll,3,Mia,Dine-In,25.5
105139,2025-11-07 21:30:00,9,California Roll,3,Alex,Takeout,25.5
102847,2025-06-23 18:31:00,8,Spicy Tuna Roll,4,Sam,Dine-In,44.0
104714,2025-10-13 18:13:00,9,Salmon Roll,1,Jordan,Takeout,10.5
104111,2025-09-06 17:46:00,12,Spicy Tuna Roll,2,Jordan,Takeout,22.0
100059,2025-01-03 21:08:00,17,Salmon Nigiri,3,Alex,Dine-In,27.0
100077,2025-01-04 20:05:00,13,Tuna Nigiri,1,Chris,Dine-In,10.0
100797,2025-02-18 13:06:00,29,Spicy Tuna Roll,1,Chris,Dine-In,11.0
102417,2025-05-29 13:23:00,14,California Roll,1,Mia,Delivery,8.5
104956,2025-10-28 12:40:00,21,Salmon Roll,2,Taylor,Dine-In,21.0
104402,2025-09-23 18:59:00,24,Tuna Nigiri,1,Jordan,Dine-In,10.0
100786,2025-02-17 18:27:00,9,Salmon Nigiri,2,Mia,Takeout,18.0
102918,2025-06-27 20:33:00,19,Salmon Nigiri,2,Sam,Dine-In,18.0
105283,2025-11-17 12:31:00,7,Gyoza,1,Mia,Takeout,8.0
102218,2025-05-15 14:22:00,19,California Roll,1,Chris,Dine-In,8.5
102803,2025-06-20 19:37:00,23,Salmon Nigiri,1,Alex,Takeout,9.0
102655,2025-06-11 12:35:00,3,Edamame,2,Jordan,Dine-In,12.0
104033,2025-09-01 19:41:00,9,Salmon Roll,2,Sam,Delivery,21.0
102765,2025-06-19 12:39:00,14,Salmon Nigiri,2,Mia,Takeout,18.0
105504,2025-11-29 21:23:00,13,Salmon Nigiri,2,Chris,Delivery,18.0
104645,2025-10-08 21:22:00,3,Salmon Nigiri,2,Chris,Delivery,18.0
100911,2025-02-25 19:33:00,2,Matcha Cheesecake,1,Mia,Dine-In,7.0
102173,2025-05-12 18:20:00,28,Tuna Nigiri,3,Mia,Delivery,30.0
103541,2025-08-03 21:26:00,4,Salmon Nigiri,2,Mia,Takeout,18.0
102310,2025-05-21 17:37:00,29,Edamame,1,Jordan,Dine-In,6.0
105640,2025-12-08 11:51:00,10,Salmon Nigiri,2,Jordan,Takeout,18.0
101258,2025-03-20 14:29:00,20,Salmon Nigiri,1,Alex,Dine-In,9.0
102496,2025-06-02 19:46:00,3,Salmon Nigiri,2,Taylor,Dine-In,18.0
104536,2025-10-02 12:31:00,1,California Roll,1,Jordan,Dine-In,8.5
105170,2025-11-09 20:08:00,4,Tempura Udon,1,Alex,Delivery,14.0
104529,2025-10-01 19:21:00,10,Chicken Teriyaki,1,Chris,Dine-In,16.0
104915,2025-10-25 20:51:00,10,Edamame,1,Sam,Dine-In,6.0
100443,2025-01-26 18:52:00,4,Salmon Nigiri,4,Sam,Dine-In,36.0
104093,2025-09-05 19:19:00,13,Miso Soup,3,Alex,Dine-In,12.0
103775,2025-08-16 21:18:00,20,Gyoza,2,Jordan,Dine-In,16.0
103319,2025-07-20 14:10:00,20,Tuna Nigiri,4,Alex,Dine-In,40.0
105742,2025-12-14 20:21:00,9,Yellowtail Nigiri,1,Jordan,Dine-In,11.0
101055,2025-03-05 20:11:00,18,Yellowtail Nigiri,4,Sam,Dine-In,44.0
102689,2025-06-13 19:07:00,9,Edamame,3,Jordan,Delivery,18.0
104987,2025-10-29 19:51:00,17,Dragon Roll,1,Chris,Dine-In,15.0
103219,2025-07-14 12:23:00,3,Hamachi Kama,1,Mia,Dine-In,18.0
101416,2025-03-30 13:34:00,18,Salmon Nigiri,3,Alex,Dine-In,27.0
102373,2025-05-26 19:33:00,1,Edamame,1,Mia,Dine-In,6.0
104252,2025-09-14 17:39:00,10,Chicken Teriyaki,3,Mia,Takeout,48.0
104388,2025-09-22 21:07:00,21,Edamame,4,Alex,Dine-In,24.0
102802,2025-06-20 19:25:00,27,Miso Soup,4,Mia,Dine-In,16.0
103686,2025-08-12 17:35:00,10,Yellowtail Nigiri,1,Alex,Takeout,11.0
104217,2025-09-12 20:09:00,14,Salmon Nigiri,4,Alex,Takeout,36.0
101503,2025-04-04 17:27:00,17,Dragon Roll,4,Taylor,Dine-In,60.0
103136,2025-07-09 14:28:00,11,Salmon Roll,1,Mia,Delivery,10.5
103868,2025-08-23 11:48:00,10,Spicy Tuna Roll,4,Chris,Takeout,44.0
102012,2025-05-03 14:29:00,27,Miso Soup,3,Jordan,Takeout,12.0
104561,2025-10-03 17:21:00,30,California Roll,2,Chris,Takeout,17.0
103616,2025-08-08 18:58:00,11,Gyoza,2,Jordan,Dine-In,16.0
105182,2025-11-10 18:13:00,18,Salmon Roll,2,Sam,Delivery,21.0
104853,2025-10-22 13:56:00,23,Tempura Udon,4,Mia,Dine-In,56.0
104547,2025-10-02 19:04:00,26,Gyoza,1,Alex,Dine-In,8.0
105350,2025-11-21 17:11:00,30,California Roll,4,Jordan,Dine-In,34.0
100007,2025-01-01 17:44:00,1,Edamame,1,Mia,Dine-In,6.0
102488,2025-06-02 13:17:00,27,Tempura Udon,1,Chris,Dine-In,14.0
100679,2025-02-11 18:26:00,15,Chicken Teriyaki,1,Jordan,Dine-In,16.0
101944,2025-04-29 20:14:00,7,Chicken Teriyaki,2,Alex,Dine-In,32.0
103740,2025-08-15 13:01:00,29,Tuna Nigiri,2,Jordan,Takeout,20.0
105541,2025-12-01 21:25:00,10,Salmon Nigiri,2,Sam,Dine-In,18.0
103350,2025-07-22 14:14:00,24,Tempura Udon,2,Sam,Dine-In,28.0
104619,2025-10-07 17:53:00,22,Dragon Roll,2,Taylor,Dine-In,30.0
102608,2025-06-08 19:07:00,11,California Roll,2,Chris,Delivery,17.0
103584,2025-08-06 20:50:00,6,Matcha Cheesecake,2,Mia,Delivery,14.0
105537,2025-12-01 20:48:00,27,Salmon Roll,1,Mia,Dine-In,10.5
101065,2025-03-06 18:05:00,11,Salmon Nigiri,2,Sam,Dine-In,18.0
103756,2025-08-16 12:15:00,9,Spicy Tuna Roll,1,Chris,Dine-In,11.0
102243,2025-05-16 21:14:00,15,Tuna Nigiri,4,Jordan,Takeout,40.0
101475,2025-04-02 19:31:00,9,Edamame,4,Taylor,Takeout,24.0
104464,2025-09-27 11:45:00,6,Dragon Roll,1,Jordan,Takeout,15.0
101890,2025-04-26 19:08:00,8,Tuna Nigiri,2,Taylor,Dine-In,20.0
102022,2025-05-04 13:54:00,22,Chicken Teriyaki,4,Sam,Dine-In,64.0
105711,2025-12-12 13:56:00,13,Tempura Udon,2,Jordan,Dine-In,28.0
104285,2025-09-16 18:46:00,13,Spicy Tuna Roll,2,Jordan,Dine-In,22.0
102659,2025-06-11 14:17:00,14,Tuna Nigiri,2,Taylor,Dine-In,20.0
102468,2025-05-31 20:13:00,12,Edamame,1,Alex,Takeout,6.0
102771,2025-06-19 14:14:00,8,Salmon Roll,1,Alex,Takeout,10.5
101131,2025-03-11 19:42:00,21,Salmon Roll,2,Alex,Dine-In,21.0
101462,2025-04-02 12:16:00,12,Gyoza,2,Taylor,Takeout,16.0
103863,2025-08-22 19:50:00,17,Tempura Udon,1,Jordan,Dine-In,14.0
105863,2025-12-23 11:36:00,14,Spicy Tuna Roll,4,Mia,Dine-In,44.0
103962,2025-08-28 18:07:00,28,California Roll,1,Mia,Dine-In,8.5
103426,2025-07-26 20:52:00,26,Spicy Tuna Roll,2,Mia,Takeout,22.0
100223,2025-01-13 12:38:00,28,Chicken Teriyaki,4,Sam,Dine-In,64.0
105583,2025-12-04 12:41:00,2,Salmon Nigiri,2,Jordan,Dine-In,18.0
100049,2025-01-03 17:34:00,6,Dragon Roll,1,Alex,Dine-In,15.0
100574,2025-02-04 19:59:00,23,Tuna Nigiri,4,Taylor,Takeout,40.0
101237,2025-03-18 21:20:00,27,Yellowtail Nigiri,3,Sam,Dine-In,33.0
104578,2025-10-04 17:26:00,12,Tuna Nigiri,3,Chris,Dine-In,30.0
105840,2025-12-20 19:01:00,6,Tuna Nigiri,1,Mia,Dine-In,10.0
105410,2025-11-24 18:59:00,5,Yellowtail Nigiri,4,Jordan,Dine-In,44.0
102283,2025-05-19 19:02:00,20,Salmon Roll,4,Sam,Dine-In,42.0
104035,2025-09-01 19:52:00,20,Hamachi Kama,2,Jordan,Dine-In,36.0
100268,2025-01-15 20:26:00,15,Salmon Nigiri ,4,Mia,Delivery,36.0
101105,2025-03-09 21:21:00,17,Spicy Tuna Roll,1,Mia,Dine-In,11.0
102306,2025-05-21 13:20:00,7,Salmon Nigiri,1,Alex,Dine-In,9.0
104735,2025-10-14 13:12:00,30,Salmon Roll,2,Jordan,Dine-In,21.0
101936,2025-04-29 18:03:00,20,Salmon Nigiri,3,Jordan,Dine-In,27.0
100387,2025-01-23 12:43:00,24,California Roll,1,Taylor,Delivery,8.5
101702,2025-04-16 20:04:00,25,Salmon Nigiri,1,Mia,Dine-In,9.0
101629,2025-04-13 13:48:00,30,Matcha Cheesecake,1,Sam,Takeout,7.0
103222,2025-07-14 17:19:00,29,Spicy Tuna Roll,2,Chris,Dine-In,22.0
102715,2025-06-15 20:09:00,10,Miso Soup,2,Jordan,Dine-In,8.0
103007,2025-07-03 13:10:00,19,Spicy Tuna Roll,2,Jordan,Takeout,22.0
105351,2025-11-21 17:19:00,20,Spicy Tuna Roll,4,Mia,Dine-In,44.0
101564,2025-04-08 17:08:00,25,Gyoza,2,Taylor,Delivery,16.0
104910,2025-10-25 18:41:00,17,California Roll,3,Alex,Dine-In,25.5
100210,2025-01-12 17:26:00,27,Gyoza,4,Taylor,Dine-In,32.0
100910,2025-02-25 19:33:00,28,Salmon Roll,2,Jordan,Dine-In,21.0
101290,2025-03-22 20:04:00,22,Yellowtail Nigiri,2,Jordan,Dine-In,22.0
104544,2025-10-02 17:38:00,23,Salmon Nigiri,1,Mia,Delivery,9.0
103878,2025-08-23 18:33:00,2,Gyoza,1,Sam,Takeout,8.0
101843,2025-04-24 18:08:00,23,California Roll,1,Chris,Takeout,8.5
102498,2025-06-02 20:33:00,22,Spicy Tuna Roll,1,Alex,Takeout,11.0
104921,2025-10-26 13:20:00,14,California Roll,1,Chris,Dine-In,8.5
103662,2025-08-11 12:24:00,28,Salmon Roll,2,Mia,Takeout,21.0
100959,2025-02-28 19:33:00,12,Tuna Nigiri,4,Taylor,Takeout,40.0
101794,2025-04-22 12:14:00,2,Edamame,2,Jordan,Takeout,12.0
102089,2025-05-07 20:04:00,18,Tuna Nigiri,1,Mia,Dine-In,10.0
102703,2025-06-15 11:45:00,20,Spicy Tuna Roll,2,Alex,Dine-In,22.0
100332,2025-01-18 20:56:00,7,California Roll,1,Sam,Takeout,8.5
104472,2025-09-27 19:07:00,25,Chicken Teriyaki,2,Jordan,Takeout,32.0
103906,2025-08-25 14:19:00,26,Spicy Tuna Roll,1,Chris,Dine-In,11.0
103012,2025-07-03 17:12:00,9,Salmon Roll,4,Mia,Dine-In,42.0
102460,2025-05-31 18:06:00,10,California Roll,1,Alex,Dine-In,8.5
101775,2025-04-21 12:03:00,6,Salmon Roll,4,Alex,Dine-In,42.0
104763,2025-10-15 20:55:00,30,Gyoza,4,Chris,Dine-In,32.0
104350,2025-09-20 20:02:00,19,Edamame,4,Taylor,Delivery,24.0
105112,2025-11-06 11:31:00,9,Dragon Roll,3,Mia,Delivery,45.0
105769,2025-12-15 21:17:00,4,Gyoza,3,Mia,Takeout,24.0
104884,2025-10-24 12:17:00,6,Gyoza,2,Alex,Dine-In,16.0
102891,2025-06-26 12:05:00,9,California Roll,2,Chris,Dine-In,17.0
104413,2025-09-24 11:30:00,7,Edamame,1,Jordan,Takeout,6.0
102829,2025-06-22 17:26:00,30,Tempura Udon,1,Chris,Delivery,14.0
101711,2025-04-17 11:55:00,4,Salmon Nigiri,3,Jordan,Dine-In,27.0
104596,2025-10-06 13:29:00,9,Dragon Roll,3,Jordan,Dine-In,45.0
102479,2025-06-01 18:46:00,27,Yellowtail Nigiri,1,Jordan,Dine-In,11.0
101367,2025-03-27 17:11:00,27,Tuna Nigiri,2,Jordan,Dine-In,20.0
100174,2025-01-10 18:57:00,26,California Roll,2,Jordan,Dine-In,17.0
104216,2025-09-12 19:56:00,16,Miso Soup,1,Chris,Dine-In,4.0
105729,2025-12-13 18:29:00,26,California Roll,3,Sam,Dine-In,25.5
102916,2025-06-27 19:47:00,20,Spicy Tuna Roll,2,Sam,Dine-In,22.0
105244,2025-11-14 12:25:00,5,California Roll,1,Jordan,Dine-In,8.5
103545,2025-08-04 12:59:00,24,Chicken Teriyaki,3,Alex,Dine-In,48.0
101953,2025-04-30 14:18:00,1,Salmon Nigiri,1,Mia,Dine-In,9.0
104425,2025-09-24 17:05:00,4,Chicken Teriyaki,2,Sam,Takeout,32.0
103376,2025-07-23 20:32:00,10,Salmon Nigiri,4,Mia,Dine-In,36.0
102037,2025-05-05 11:40:00,20,Hamachi Kama,2,Mia,Delivery,36.0
104503,2025-09-29 18:07:00,6,Salmon Nigiri,1,Alex,Dine-In,9.0
104415,2025-09-24 12:32:00,21,Spicy Tuna Roll,1,Alex,Takeout,11.0
100019,2025-01-01 21:10:00,18,Dragon Roll,2,Taylor,Takeout,30.0
100001,2025-01-01 11:46:00,22,Gyoza,3,Sam,Dine-In,24.0
102175,2025-05-12 18:38:00,30,Matcha Cheesecake,2,Jordan,Dine-In,14.0
101357,2025-03-26 18:55:00,5,Edamame,2,Sam,Dine-In,12.0
104480,2025-09-28 12:56:00,22,Miso Soup,2,Alex,Delivery,8.0
104103,2025-09-06 11:52:00,3,Gyoza,4,Jordan,Dine-In,32.0
104044,2025-09-02 18:07:00,12,Edamame,3,Taylor,Delivery,18.0
100397,2025-01-23 20:28:00,11,Salmon Nigiri,1,Chris,Takeout,9.0
104526,2025-10-01 18:30:00,4,Spicy Tuna Roll,2,Mia,Dine-In,22.0
104899,2025-10-24 21:30:00,5,Spicy Tuna Roll,1,Mia,Delivery,11.0
101813,2025-04-22 19:46:00,13,Yellowtail Nigiri,2,Alex,Dine-In,22.0
104454,2025-09-26 17:33:00,2,Tempura Udon,3,Chris,Dine-In,42.0
105261,2025-11-15 18:13:00,28,Salmon Nigiri,2,Mia,Dine-In,18.0
100817,2025-02-19 20:43:00,25,Spicy Tuna Roll,1,Sam,Takeout,11.0
101573,2025-04-09 12:36:00,20,California Roll,1,Sam,Takeout,8.5
105221,2025-11-12 20:51:00,20,Spicy Tuna Roll,1,Sam,Dine-In,11.0
101801,2025-04-22 17:19:00,21,Chicken Teriyaki,4,Jordan,Takeout,64.0
102281,2025-05-19 18:30:00,9,Salmon Nigiri,4,Taylor,Takeout,36.0
103768,2025-08-16 20:39:00,10,Matcha Cheesecake,2,Sam,Dine-In,14.0
104761,2025-10-15 20:47:00,6,Miso Soup,2,Jordan,Takeout,8.0
103935,2025-08-27 11:48:00,11,Hamachi Kama,1,Jordan,Dine-In,18.0
104551,2025-10-02 20:37:00,11,California Roll,2,Chris,Takeout,17.0
103306,2025-07-19 17:01:00,13,Spicy Tuna Roll,1,Chris,Dine-In,11.0
105553,2025-12-02 18:12:00,22,Spicy Tuna Roll,1,Mia,Delivery,11.0
103946,2025-08-27 14:14:00,10,Hamachi Kama,1,Jordan,Dine-In,18.0
103476,2025-07-30 12:33:00,9,Salmon Roll,4,Sam,Dine-In,42.0
103333,2025-07-21 17:15:00,2,Sashimi Platter,4,Sam,Dine-In,96.0
104208,2025-09-12 12:34:00,30,Tempura Udon,3,Alex,Dine-In,42.0
105405,2025-11-24 17:27:00,1,Gyoza,2,Mia,Takeout,16.0
100555,2025-02-03 19:40:00,30,Gyoza,1,Alex,Dine-In,8.0
101160,2025-03-13 18:35:00,22,Tempura Udon,1,Taylor,Dine-In,14.0
101214,2025-03-17 14:09:00,11,Salmon Nigiri,1,Mia,Takeout,9.0
103751,2025-08-15 19:23:00,13,Miso Soup,3,Mia,Dine-In,12.0
101326,2025-03-25 11:47:00,3,Edamame,1,Mia,Dine-In,6.0
103309,2025-07-19 17:37:00,24,Yellowtail Nigiri,2,Taylor,Dine-In,22.0
105392,2025-11-23 18:02:00,25,Spicy Tuna Roll,2,Mia,Takeout,22.0
100701,2025-02-12 21:02:00,30,Miso Soup,2,Jordan,Dine-In,8.0
102701,2025-06-14 19:25:00,25,Dragon Roll,1,Jordan,Delivery,15.0
104308,2025-09-18 17:29:00,6,Gyoza,2,Mia,Takeout,16.0
101848,2025-04-24 19:20:00,11,Dragon Roll,2,Alex,Takeout,30.0
104421,2025-09-24 14:07:00,2,California Roll,3,Taylor,Dine-In,25.5
103887,2025-08-24 17:35:00,19,Miso Soup,1,Jordan,Dine-In,4.0
101456,2025-04-01 18:14:00,13,Edamame,3,Alex,Takeout,18.0
105036,2025-10-31 21:19:00,24,Yellowtail Nigiri,1,Jordan,Takeout,11.0
102971,2025-06-30 19:16:00,10,Yellowtail Nigiri,1,Sam,Takeout,11.0
102883,2025-06-25 19:18:00,20,Tuna Nigiri,1,Mia,Dine-In,10.0
100867,2025-02-23 13:14:00,1,Yellowtail Nigiri,3,Mia,Takeout,33.0
104601,2025-10-06 18:12:00,14,Spicy Tuna Roll,1,Taylor,Dine-In,11.0
101645,2025-04-13 20:49:00,28,Edamame,1,Chris,Takeout,6.0
102141,2025-05-10 18:08:00,11,Miso Soup,1,Mia,Takeout,4.0
104025,2025-09-01 17:36:00,8,Salmon Nigiri,1,Mia,Takeout,9.0
103468,2025-07-29 19:20:00,30,Gyoza,2,Taylor,Takeout,16.0
101491,2025-04-03 19:07:00,3,Salmon Roll,1,Alex,Takeout,10.5
103108,2025-07-07 20:10:00,24,Tempura Udon,4,Sam,Takeout,56.0
100730,2025-02-14 18:06:00,3,Sashimi Platter,1,Alex,Dine-In,24.0
104215,2025-09-12 19:53:00,12,Matcha Cheesecake,1,Sam,Dine-In,7.0
105830,2025-12-20 11:54:00,17,Tuna Nigiri,2,Chris,Takeout,20.0
102621,2025-06-09 17:38:00,22,Spicy Tuna Roll,3,Sam,Takeout,33.0
101937,2025-04-29 18:14:00,29,Spicy Tuna Roll,2,Sam,Delivery,22.0
103166,2025-07-11 12:09:00,24,Salmon Roll,1,Chris,Dine-In,10.5
101111,2025-03-10 13:41:00,19,Matcha Cheesecake,4,Jordan,Dine-In,28.0
104887,2025-10-24 17:47:00,25,Edamame,1,Jordan,Dine-In,6.0
105381,2025-11-23 11:40:00,18,Chicken Teriyaki,1,Alex,Dine-In,16.0
102395,2025-05-28 11:37:00,9,California Roll,1,Alex,Dine-In,8.5
101186,2025-03-15 13:25:00,19,Spicy Tuna Roll,1,Chris,Dine-In,11.0
102008,2025-05-03 13:16:00,15,Tempura Udon,2,Taylor,Dine-In,28.0
100194,2025-01-11 17:42:00,16,Salmon Nigiri,4,Mia,Dine-In,36.0
101516,2025-04-05 18:18:00,26,California Roll,1,Taylor,Dine-In,8.5
100579,2025-02-05 13:28:00,1,Salmon Roll,2,Sam,Dine-In,21.0
102124,2025-05-09 18:11:00,9,Sashimi Platter,2,Alex,Takeout,48.0
101430,2025-03-30 19:24:00,4,California Roll,1,Mia,Takeout,8.5
100772,2025-02-16 20:05:00,6,Salmon Roll,1,Chris,Dine-In,10.5
103602,2025-08-07 19:46:00,27,Sashimi Platter,3,Taylor,Takeout,72.0
102396,2025-05-28 13:00:00,1,Dragon Roll,1,Alex,Takeout,15.0
105967,2025-12-29 19:15:00,11,Sashimi Platter,1,Jordan,Dine-In,24.0
101847,2025-04-24 19:20:00,19,California Roll,1,Mia,Takeout,8.5
100132,2025-01-08 11:50:00,13,Spicy Tuna Roll,1,Mia,Dine-In,11.0
100179,2025-01-10 20:32:00,19,Spicy Tuna Roll,1,Chris,Dine-In,11.0
105376,2025-11-22 20:11:00,11,Tempura Udon,2,Jordan,Dine-In,28.0
103833,2025-08-20 17:15:00,19,Matcha Cheesecake,3,Taylor,Dine-In,21.0
103590,2025-08-06 21:26:00,6,Tuna Nigiri,1,Mia,Delivery,10.0
102581,2025-06-07 18:16:00,2,Chicken Teriyaki,1,Sam,Takeout,16.0
103648,2025-08-10 14:30:00,21,Matcha Cheesecake,1,Jordan,Dine-In,7.0
103378,2025-07-23 20:36:00,21,California Roll,1,Mia,Dine-In,8.5
102653,2025-06-11 12:09:00,6,California Roll,3,Chris,Dine-In,25.5
105920,2025-12-26 20:24:00,24,Spicy Tuna Roll,1,Taylor,Dine-In,11.0
102074,2025-05-06 21:16:00,1,Edamame,4,Jordan,Dine-In,24.0
100659,2025-02-10 18:40:00,9,Dragon Roll,4,Chris,Dine-In,60.0
101897,2025-04-27 12:30:00,21,Edamame,1,Sam,Dine-In,6.0
104834,2025-10-20 19:53:00,16,California Roll,4,Chris,Takeout,34.0
104158,2025-09-09 11:34:00,20,California Roll,2,Mia,Dine-In,17.0
102222,2025-05-15 20:33:00,17,Tuna Nigiri,3,Chris,Dine-In,30.0
105721,2025-12-13 12:07:00,5,Gyoza,2,Alex,Takeout,16.0
102380,2025-05-27 12:38:00,14,California Roll,2,Taylor,Dine-In,17.0
101448,2025-04-01 11:47:00,5,Salmon Nigiri,3,Jordan,Dine-In,27.0
100343,2025-01-19 18:25:00,12,Salmon Nigiri,1,Taylor,Dine-In,9.0
103627,2025-08-09 13:36:00,18,Yellowtail Nigiri,2,Alex,Dine-In,22.0
102528,2025-06-04 17:23:00,10,Tuna Nigiri,1,Alex,Takeout,10.0
100728,2025-02-14 14:19:00,22,Salmon Nigiri,4,Alex,Delivery,36.0
104739,2025-10-14 18:07:00,30,Edamame,1,Alex,Dine-In,6.0
100977,2025-03-01 19:03:00,14,Tempura Udon,1,Mia,Takeout,14.0
105361,2025-11-22 12:45:00,12,Salmon Roll,3,Chris,Dine-In,31.5
101929,2025-04-28 21:19:00,21,California Roll,1,Sam,Dine-In,8.5
103718,2025-08-13 19:51:00,5,Salmon Roll,4,Mia,Dine-In,42.0
105784,2025-12-16 20:56:00,24,Matcha Cheesecake,2,Sam,Takeout,14.0
101300,2025-03-23 12:52:00,4,Salmon Nigiri,4,Sam,Takeout,36.0
104188,2025-09-10 19:53:00,29,Salmon Nigiri,1,Taylor,Dine-In,9.0
105529,2025-12-01 17:57:00,19,Yellowtail Nigiri,2,Chris,Delivery,22.0
100661,2025-02-10 19:23:00,19,Miso Soup,1,Chris,Dine-In,4.0
101791,2025-04-21 20:44:00,6,Spicy Tuna Roll,4,Chris,Takeout,44.0
103413,2025-07-26 12:42:00,14,Matcha Cheesecake,1,Chris,Takeout,7.0
103968,2025-08-28 20:06:00,20,Salmon Nigiri,1,Alex,Dine-In,9.0
100494,2025-01-29 19:56:00,30,Dragon Roll,1,Chris,Dine-In,15.0
103133,2025-07-09 12:52:00,24,Matcha Cheesecake,2,Chris,Takeout,14.0
104729,2025-10-13 21:20:00,20,Salmon Nigiri,2,Mia,Dine-In,18.0
103131,2025-07-09 12:31:00,25,Spicy Tuna Roll,3,Alex,Takeout,33.0
103850,2025-08-21 18:18:00,22,Yellowtail Nigiri,3,Jordan,Dine-In,33.0
105543,2025-12-02 12:26:00,30,Tuna Nigiri,1,Taylor,Dine-In,10.0
101086,2025-03-08 17:18:00,3,Tuna Nigiri,3,Sam,Dine-In,30.0
105684,2025-12-10 18:53:00,12,Tuna Nigiri,1,Jordan,Dine-In,10.0
100695,2025-02-12 19:17:00,21,Yellowtail Nigiri,1,Mia,Dine-In,11.0
101279,2025-03-22 12:31:00,10,Chicken Teriyaki,1,Jordan,Takeout,16.0
105869,2025-12-23 19:58:00,27,California Roll,4,Sam,Dine-In,34.0
101622,2025-04-12 18:20:00,20,Salmon Nigiri,1,Chris,Dine-In,9.0
102562,2025-06-05 21:11:00,11,Miso Soup,4,Taylor,Dine-In,16.0
105183,2025-11-10 18:34:00,3,Miso Soup,3,Jordan,Dine-In,12.0
104184,2025-09-10 19:05:00,13,Gyoza,4,Taylor,Dine-In,32.0
100068,2025-01-04 18:31:00,22,Spicy Tuna Roll,1,Sam,Dine-In,11.0
105055,2025-11-02 12:40:00,25,Spicy Tuna Roll,3,Chris,Dine-In,33.0
103034,2025-07-04 11:43:00,2,Spicy Tuna Roll,2,Jordan,Dine-In,22.0
102270,2025-05-18 21:13:00,3,Sashimi Platter,4,Jordan,Takeout,96.0
104688,2025-10-12 13:39:00,29,Yellowtail Nigiri,1,Taylor,Dine-In,11.0
104742,2025-10-14 19:41:00,20,Sashimi Platter,1,Chris,Dine-In,24.0
100821,2025-02-20 11:58:00,20,California Roll,1,Jordan,Dine-In,8.5
101227,2025-03-18 13:44:00,9,Gyoza,3,Taylor,Dine-In,24.0
101678,2025-04-15 20:29:00,20,Spicy Tuna Roll,4,Jordan,Takeout,44.0
105028,2025-10-31 19:22:00,9,Salmon Nigiri,2,Chris,Takeout,18.0
102868,2025-06-24 20:14:00,6,Dragon Roll,2,Jordan,Dine-In,30.0
104391,2025-09-23 11:57:00,5,California Roll,4,Alex,Dine-In,34.0
102368,2025-05-26 13:45:00,10,Salmon Nigiri,2,Alex,Delivery,18.0
105871,2025-12-23 20:08:00,23,Miso Soup,2,Sam,Dine-In,8.0
103908,2025-08-25 17:09:00,24,Salmon Nigiri,1,Mia,Delivery,9.0
102513,2025-06-04 11:32:00,23,Edamame,1,Jordan,Takeout,6.0
102724,2025-06-16 17:22:00,10,Dragon Roll,1,Alex,Delivery,15.0
105364,2025-11-22 17:23:00,3,Matcha Cheesecake,2,Chris,Delivery,14.0
105121,2025-11-07 12:35:00,1,Spicy Tuna Roll,4,Alex,Takeout,44.0
104449,2025-09-26 11:32:00,23,Tuna Nigiri,2,Alex,Dine-In,20.0
101144,2025-03-12 19:43:00,21,Salmon Roll,1,Jordan,Dine-In,10.5
100398,2025-01-23 20:50:00,19,Yellowtail Nigiri,1,Sam,Dine-In,11.0
100787,2025-02-17 18:28:00,14,Tuna Nigiri,1,Jordan,Dine-In,10.0
105156,2025-11-09 11:46:00,15,Chicken Teriyaki,1,Taylor,Dine-In,16.0
103932,2025-08-26 20:45:00,21,California Roll,2,Mia,Takeout,17.0
101399,2025-03-28 21:27:00,9,Tuna Nigiri,1,Chris,Takeout,10.0
101660,2025-04-14 19:44:00,3,Edamame,1,Mia,Dine-In,6.0
103354,2025-07-22 18:14:00,4,Sashimi Platter,2,Sam,Dine-In,48.0
102221,2025-05-15 19:58:00,10,Gyoza,1,Sam,Delivery,8.0
100980,2025-03-01 19:49:00,16,California Roll,3,Mia,Dine-In,25.5
102332,2025-05-23 18:14:00,27,Salmon Roll,1,Taylor,Dine-In,10.5
101299,2025-03-23 12:02:00,14,Salmon Roll,2,Mia,Takeout,21.0
103533,2025-08-03 17:46:00,19,Salmon Roll,1,Sam,Dine-In,10.5
103814,2025-08-19 13:00:00,3,Miso Soup,3,Jordan,Dine-In,12.0
100083,2025-01-05 12:53:00,15,Spicy Tuna Roll,1,Mia,Dine-In,11.0
104896,2025-10-24 21:25:00,27,Spicy Tuna Roll,4,Chris,Delivery,44.0
104038,2025-09-01 20:36:00,25,Salmon Roll,1,Sam,Dine-In,10.5
104705,2025-10-12 20:41:00,8,Salmon Nigiri,1,Taylor,Takeout,9.0
103955,2025-08-28 13:01:00,23,Gyoza,2,Chris,Dine-In,16.0
105819,2025-12-19 12:47:00,3,Miso Soup,2,Alex,Dine-In,8.0
104057,2025-09-03 19:23:00,19,Salmon Nigiri,1,Alex,Delivery,9.0
102904,2025-06-26 20:06:00,21,Tempura Udon,1,Mia,Dine-In,14.0
100424,2025-01-25 13:53:00,14,Dragon Roll,2,Mia,Dine-In,30.0
105207,2025-11-11 20:28:00,7,Chicken Teriyaki,1,Sam,Dine-In,16.0
101905,2025-04-27 17:44:00,21,Gyoza,1,Chris,Dine-In,8.0
105460,2025-11-27 19:23:00,5,Yellowtail Nigiri,1,Mia,Dine-In,11.0
101531,2025-04-06 19:30:00,28,Dragon Roll,2,Jordan,Delivery,30.0
105168,2025-11-09 19:07:00,18,California Roll,2,Mia,Dine-In,17.0
101566,2025-04-08 17:21:00,13,Yellowtail Nigiri,2,Taylor,Dine-In,22.0
104451,2025-09-26 12:12:00,25,California Roll,3,Sam,Dine-In,25.5
102750,2025-06-17 19:55:00,17,Spicy Tuna Roll,4,Mia,Dine-In,44.0
100840,2025-02-21 17:14:00,21,Yellowtail Nigiri,1,Mia,Dine-In,11.0
100501,2025-01-30 17:13:00,11,Dragon Roll,1,Sam,Takeout,15.0
103296,2025-07-18 19:01:00,24,Salmon Roll,3,Mia,Dine-In,31.5
100142,2025-01-08 18:05:00,20,Edamame,1,Jordan,Dine-In,6.0
104966,2025-10-28 18:24:00,3,SPICY TUNA ROLL,1,Sam,Takeout,11.0
102606,2025-06-08 17:07:00,23,Chicken Teriyaki,3,Mia,Takeout,48.0
103528,2025-08-03 14:29:00,3,Miso Soup,2,Sam,Dine-In,8.0
101378,2025-03-28 11:30:00,3,Sashimi Platter,2,Mia,Takeout,48.0
104678,2025-10-11 12:41:00,21,Hamachi Kama,3,Sam,Dine-In,54.0
105907,2025-12-25 19:40:00,14,Gyoza,4,Jordan,Dine-In,32.0
102267,2025-05-18 20:33:00,29,Miso Soup,1,Sam,Dine-In,4.0
104868,2025-10-23 11:50:00,27,Salmon Roll,4,Taylor,Dine-In,42.0
101139,2025-03-12 18:07:00,24,Gyoza,2,Taylor,Dine-In,16.0
102258,2025-05-17 19:48:00,12,California Roll,1,Taylor,Dine-In,8.5
103626,2025-08-09 13:21:00,24,Edamame,3,Mia,Dine-In,18.0
101788,2025-04-21 20:25:00,17,Edamame,3,Jordan,Dine-In,18.0
103658,2025-08-10 20:44:00,15,Spicy Tuna Roll,1,Chris,Dine-In,11.0
100551,2025-02-03 14:02:00,1,Dragon Roll,2,Mia,Dine-In,30.0
100460,2025-01-27 19:41:00,7,Miso Soup,4,Chris,Dine-In,16.0
102020,2025-05-03 21:19:00,24,Sashimi Platter,1,Alex,Dine-In,24.0
100949,2025-02-28 12:40:00,20,Salmon Nigiri,4,Jordan,Dine-In,36.0
104539,2025-10-02 13:27:00,15,Matcha Cheesecake,1,Sam,Takeout,7.0
103143,2025-07-09 20:54:00,6,Tempura Udon,2,Taylor,Delivery,28.0
100533,2025-02-01 20:41:00,7,California Roll,1,Chris,Dine-In,8.5
105599,2025-12-04 21:07:00,15,Tempura Udon,2,Chris,Dine-In,28.0
101830,2025-04-23 21:13:00,20,Salmon Nigiri,1,Taylor,Dine-In,9.0
105167,2025-11-09 18:54:00,28,Miso Soup,3,Taylor,Dine-In,12.0
105311,2025-11-18 21:18:00,29,Spicy Tuna Roll,2,Alex,Dine-In,22.0
104791,2025-10-17 17:53:00,20,California Roll,4,Mia,Dine-In,34.0
103397,2025-07-24 20:56:00,22,California Roll,2,Alex,Dine-In,17.0
101603,2025-04-11 13:13:00,22,Spicy Tuna Roll,1,Chris,Dine-In,11.0
102239,2025-05-16 19:15:00,29,Miso Soup,1,Jordan,Dine-In,4.0
100640,2025-02-09 18:06:00,19,Matcha Cheesecake,4,Jordan,Dine-In,28.0
105817,2025-12-19 12:20:00,27,Edamame,1,Jordan,Dine-In,6.0
100968,2025-03-01 13:07:00,8,Tuna Nigiri,4,Taylor,Dine-In,40.0
105083,2025-11-03 20:41:00,10,Salmon Nigiri,2,Jordan,Dine-In,18.0
103735,2025-08-14 21:12:00,24,Edamame,1,Sam,Dine-In,6.0
101684,2025-04-16 11:40:00,12,Yellowtail Nigiri,2,Chris,Takeout,22.0
102249,2025-05-17 12:46:00,25,Gyoza,1,Alex,Dine-In,8.0
104141,2025-09-07 21:00:00,5,Spicy Tuna Roll,1,Alex,Delivery,11.0
105380,2025-11-22 21:02:00,9,Tempura Udon,4,Sam,Dine-In,56.0
103342,2025-07-21 20:07:00,27,California Roll ,2,Sam,Dine-In,17.0
100156,2025-01-09 13:35:00,4,Tempura Udon,4,Jordan,Dine-In,56.0
102296,2025-05-20 18:29:00,17,California Roll,2,Chris,Takeout,17.0
103546,2025-08-04 13:11:00,13,Salmon Roll,2,Mia,Dine-In,21.0
104385,2025-09-22 20:01:00,3,Hamachi Kama,2,Jordan,Takeout,36.0
101090,2025-03-08 18:25:00,3,California Roll,2,Jordan,Dine-In,17.0
103772,2025-08-16 20:59:00,4,Chicken Teriyaki,2,Chris,Delivery,32.0
102320,2025-05-22 18:59:00,5,Spicy Tuna Roll,1,Jordan,Dine-In,11.0
102941,2025-06-28 21:28:00,22,Tuna Nigiri,1,Taylor,Takeout,10.0
105088,2025-11-04 13:29:00,2,Miso Soup,1,Chris,Takeout,4.0
100289,2025-01-16 20:05:00,4,California Roll,1,Mia,Dine-In,8.5
100931,2025-02-26 19:37:00,6,Salmon Roll,3,Mia,Dine-In,31.5
102910,2025-06-27 11:34:00,25,Salmon Roll,3,Taylor,Dine-In,31.5
103608,2025-08-08 12:43:00,22,Salmon Roll,1,Jordan,Dine-In,10.5
104673,2025-10-10 19:55:00,11,Tuna Nigiri,1,Chris,Takeout,10.0
102885,2025-06-25 20:05:00,25,Spicy Tuna Roll,2,Chris,Dine-In,22.0
103400,2025-07-25 12:06:00,26,Yellowtail Nigiri,1,Mia,Takeout,11.0
104657,2025-10-09 18:31:00,27,Spicy Tuna Roll,2,Mia,Dine-In,22.0
105465,2025-11-28 17:52:00,1,Spicy Tuna Roll,2,Taylor,Dine-In,22.0
103001,2025-07-02 18:42:00,28,California Roll,2,Jordan,Delivery,17.0
104465,2025-09-27 12:13:00,6,Matcha Cheesecake,1,Mia,Dine-In,7.0
103373,2025-07-23 19:37:00,2,Salmon Nigiri,1,Mia,Takeout,9.0
105939,2025-12-27 20:05:00,27,Salmon Nigiri,4,Sam,Dine-In,36.0
100943,2025-02-27 19:37:00,6,Spicy Tuna Roll,4,Sam,Takeout,44.0
102355,2025-05-25 18:44:00,24,Edamame,2,Chris,Takeout,12.0
105276,2025-11-16 19:48:00,14,Salmon Nigiri,2,Alex,Takeout,18.0
105190,2025-11-10 21:13:00,1,Hamachi Kama,1,Sam,Delivery,18.0
105614,2025-12-06 17:03:00,28,Tuna Nigiri,2,Taylor,Takeout,20.0
101699,2025-04-16 18:37:00,25,Tuna Nigiri,1,Alex,Takeout,10.0
105668,2025-12-09 20:13:00,3,Spicy Tuna Roll,1,Sam,Takeout,11.0
104153,2025-09-08 19:13:00,11,Edamame,2,Alex,Takeout,12.0
103568,2025-08-06 11:39:00,15,Miso Soup,2,Alex,Dine-In,8.0
104002,2025-08-30 19:09:00,11,Edamame,4,Sam,Takeout,24.0
104242,2025-09-13 20:28:00,8,Gyoza,2,Mia,Dine-In,16.0
100986,2025-03-01 21:15:00,2,Salmon Nigiri,1,Sam,Dine-In,9.0
103950,2025-08-27 20:11:00,15,Edamame,1,Taylor,Dine-In,6.0
103128,2025-07-08 20:50:00,29,Gyoza,1,Taylor,Dine-In,8.0
103186,2025-07-12 17:35:00,23,Spicy Tuna Roll,4,Chris,Takeout,44.0
105749,2025-12-15 12:45:00,28,Yellowtail Nigiri,2,Chris,Takeout,22.0
100982,2025-03-01 20:27:00,30,Salmon Roll,1,Chris,Dine-In,10.5
103551,2025-08-04 17:52:00,22,Tuna Nigiri,3,Taylor,Dine-In,30.0
104829,2025-10-20 17:42:00,8,Salmon Roll,3,Jordan,Dine-In,31.5
105479,2025-11-29 11:59:00,10,California Roll,3,Sam,Dine-In,25.5
103465,2025-07-29 18:33:00,11,Salmon Roll,3,Mia,Delivery,31.5
104311,2025-09-18 18:41:00,4,Sashimi Platter,1,Chris,Dine-In,24.0
103520,2025-08-02 13:42:00,15,Chicken Teriyaki,1,Alex,Dine-In,16.0
101474,2025-04-02 19:22:00,23,California Roll,2,Jordan,Dine-In,17.0
104819,2025-10-19 19:09:00,16,Sashimi Platter,4,Mia,Dine-In,96.0
103379,2025-07-24 11:31:00,15,Gyoza,1,Sam,Dine-In,8.0
104774,2025-10-16 19:17:00,7,Spicy Tuna Roll,1,Mia,Dine-In,11.0
101458,2025-04-01 19:58:00,2,Tuna Nigiri,1,Mia,Takeout,10.0
101396,2025-03-28 21:16:00,7,Edamame,2,Mia,Takeout,12.0
100265,2025-01-15 19:30:00,17,California Roll,4,Chris,Delivery,34.0
102749,2025-06-17 19:35:00,28,Miso Soup,4,Jordan,Takeout,16.0
105528,2025-12-01 17:54:00,6,Miso Soup,1,Sam,Dine-In,4.0
102693,2025-06-14 11:53:00,10,Salmon Roll,2,Chris,Delivery,21.0
100930,2025-02-26 19:05:00,7,Gyoza,4,Alex,Dine-In,32.0
105077,2025-11-03 18:38:00,23,Salmon Nigiri,1,Jordan,Delivery,9.0
105804,2025-12-18 12:02:00,4,Miso Soup,1,Jordan,Dine-In,4.0
102401,2025-05-28 14:17:00,9,Salmon Nigiri,2,Chris,Dine-In,18.0
102179,2025-05-12 20:12:00,15,Salmon Nigiri,1,Chris,Dine-In,9.0
103830,2025-08-20 12:31:00,25,Edamame,2,Taylor,Dine-In,12.0
100247,2025-01-14 17:13:00,1,California Roll,1,Mia,Dine-In,8.5
101595,2025-04-10 19:09:00,2,Salmon Nigiri,2,Jordan,Dine-In,18.0
101759,2025-04-19 20:53:00,2,California Roll,3,Chris,Takeout,25.5
105861,2025-12-22 21:10:00,24,Spicy Tuna Roll,2,Taylor,Dine-In,22.0
105295,2025-11-17 19:02:00,21,Tuna Nigiri,3,Jordan,Takeout,30.0
100924,2025-02-26 13:53:00,19,Salmon Nigiri ,1,Jordan,Dine-In,9.0
105936,2025-12-27 18:47:00,11,Chicken Teriyaki,2,Chris,Delivery,32.0
100269,2025-01-15 21:17:00,6,Tuna Nigiri,3,Chris,Delivery,30.0
100670,2025-02-11 12:49:00,26,Edamame,2,Jordan,Dine-In,12.0
103899,2025-08-25 12:03:00,6,Tempura Udon,1,Mia,Dine-In,14.0
101911,2025-04-27 20:18:00,11,Salmon Roll,3,Chris,Dine-In,31.5
104201,2025-09-11 20:18:00,4,Dragon Roll,2,Mia,Takeout,30.0
101153,2025-03-13 13:52:00,26,Dragon Roll,1,Alex,Dine-In,15.0
104935,2025-10-26 21:12:00,28,Spicy Tuna Roll,2,Sam,Delivery,22.0
105796,2025-12-17 20:10:00,15,Tuna Nigiri,3,Sam,Dine-In,30.0
105917,2025-12-26 19:53:00,25,California Roll,2,Chris,Takeout,17.0
102697,2025-06-14 17:49:00,4,Salmon Nigiri,2,Sam,Dine-In,18.0
102592,2025-06-07 20:26:00,23,California Roll,1,Jordan,Takeout,8.5
105672,2025-12-09 21:17:00,29,Salmon Roll,1,Jordan,Dine-In,10.5
101782,2025-04-21 14:05:00,27,Salmon Nigiri,3,Chris,Delivery,27.0
102414,2025-05-29 11:38:00,7,Dragon Roll,3,Alex,Dine-In,45.0
103014,2025-07-03 18:03:00,30,Edamame,3,Jordan,Dine-In,18.0
105256,2025-11-15 13:48:00,7,Salmon Roll,1,Taylor,Dine-In,10.5
102308,2025-05-21 13:41:00,4,Sashimi Platter,3,Taylor,Dine-In,72.0
103099,2025-07-07 17:06:00,23,Dragon Roll,1,Sam,Dine-In,15.0
100688,2025-02-12 13:45:00,28,Salmon Roll,1,Chris,Dine-In,10.5
101916,2025-04-28 17:14:00,23,Miso Soup,2,Chris,Takeout,8.0
105667,2025-12-09 20:06:00,15,California Roll,1,Taylor,Takeout,8.5
100613,2025-02-07 18:10:00,8,Salmon Roll,2,Chris,Dine-In,21.0
103072,2025-07-05 20:24:00,8,California Roll,1,Alex,Dine-In,8.5
104336,2025-09-20 13:23:00,2,Sashimi Platter,3,Chris,Dine-In,72.0
102268,2025-05-18 20:38:00,25,Salmon Nigiri,2,Mia,Delivery,18.0
105776,2025-12-16 18:58:00,20,Gyoza,3,Taylor,Takeout,24.0
102534,2025-06-04 18:41:00,28,Edamame,2,Chris,Dine-In,12.0
100040,2025-01-02 21:03:00,14,Salmon Roll,1,Alex,Takeout,10.5
101899,2025-04-27 13:46:00,16,Edamame,1,Chris,Takeout,6.0
101650,2025-04-14 12:04:00,1,Tempura Udon,1,Alex,Delivery,14.0
103668,2025-08-11 17:44:00,7,Spicy Tuna Roll,2,Taylor,Dine-In,22.0
100259,2025-01-15 13:42:00,6,Salmon Nigiri,2,Sam,Takeout,18.0
102925,2025-06-28 14:20:00,26,Tuna Nigiri,2,Taylor,Delivery,20.0
102435,2025-05-29 21:08:00,23,Salmon Roll,1,Jordan,Dine-In,10.5
100848,2025-02-21 18:32:00,11,California Roll,2,Sam,Dine-In,17.0
102823,2025-06-22 11:53:00,14,Tuna Nigiri,1,Sam,Takeout,10.0
105081,2025-11-03 20:04:00,10,Tuna Nigiri,3,Sam,Dine-In,30.0
105101,2025-11-05 13:49:00,24,Gyoza,1,Jordan,Dine-In,8.0
103979,2025-08-29 20:04:00,24,Salmon Nigiri,2,Chris,Dine-In,18.0
103665,2025-08-11 13:34:00,30,Dragon Roll,3,Alex,Delivery,45.0
101234,2025-03-18 19:26:00,9,Gyoza,2,Alex,Takeout,16.0
101128,2025-03-11 17:32:00,27,Spicy Tuna Roll,1,Chris,Dine-In,11.0
104508,2025-09-29 20:39:00,19,Dragon Roll,4,Jordan,Delivery,60.0
101968,2025-05-01 13:37:00,27,California Roll,4,Mia,Dine-In,34.0
100559,2025-02-04 12:03:00,8,Dragon Roll,2,Mia,Dine-In,30.0
100905,2025-02-25 18:13:00,11,Salmon Nigiri,1,Taylor,Dine-In,9.0
102615,2025-06-09 11:37:00,19,Tempura Udon,2,Alex,Dine-In,28.0
100485,2025-01-29 17:50:00,12,Sashimi Platter,1,Jordan,Takeout,24.0
102212,2025-05-15 11:48:00,30,Salmon Roll,4,Mia,Dine-In,42.0
101321,2025-03-24 19:27:00,30,Salmon Nigiri,1,Chris,Delivery,9.0
105699,2025-12-11 19:16:00,22,Chicken Teriyaki,2,Sam,Dine-In,32.0
102556,2025-06-05 17:02:00,16,Salmon Roll,1,Mia,Dine-In,10.5
100008,2025-01-01 17:52:00,5,Chicken Teriyaki,1,Taylor,Takeout,16.0
102316,2025-05-22 11:42:00,21,California Roll,2,Jordan,Dine-In,17.0
105095,2025-11-04 19:34:00,23,Gyoza,4,Sam,Dine-In,32.0
104399,2025-09-23 18:11:00,6,Edamame,1,Taylor,Delivery,6.0
104330,2025-09-19 21:07:00,12,Gyoza,1,Mia,Dine-In,8.0
105286,2025-11-17 13:44:00,30,Salmon Nigiri,1,Chris,Dine-In,9.0
101451,2025-04-01 13:31:00,1,Tempura Udon,4,Alex,Dine-In,56.0
101202,2025-03-16 17:23:00,8,Edamame,1,Sam,Dine-In,6.0
102427,2025-05-29 19:00:00,21,Miso Soup,1,Sam,Dine-In,4.0
102649,2025-06-10 19:58:00,27,Spicy Tuna Roll,2,Chris,Takeout,22.0
101815,2025-04-23 12:00:00,18,Miso Soup,1,Sam,Dine-In,4.0
102727,2025-06-16 18:10:00,17,Spicy Tuna Roll,1,Sam,Dine-In,11.0
100774,2025-02-16 21:28:00,29,Edamame,2,Taylor,Dine-In,12.0
102275,2025-05-19 17:18:00,3,Miso Soup,1,Mia,Dine-In,4.0
101012,2025-03-03 17:43:00,24,Edamame,4,Mia,Takeout,24.0
105654,2025-12-08 21:00:00,21,California Roll,1,Chris,Delivery,8.5
103490,2025-07-30 21:11:00,23,California Roll,1,Taylor,Dine-In,8.5
101992,2025-05-02 14:30:00,3,Miso Soup,1,Sam,Dine-In,4.0
101278,2025-03-22 11:39:00,25,California Roll,1,Taylor,Dine-In,8.5
101784,2025-04-21 19:35:00,25,Matcha Cheesecake,1,Alex,Dine-In,7.0
104268,2025-09-15 18:42:00,7,Salmon Roll,1,Chris,Dine-In,10.5
100447,2025-01-26 20:02:00,21,Salmon Nigiri,2,Jordan,Dine-In,18.0
100881,2025-02-24 13:11:00,2,Tuna Nigiri,1,Sam,Dine-In,10.0
105475,2025-11-28 20:36:00,25,Tuna Nigiri,4,Alex,Delivery,40.0
105367,2025-11-22 17:43:00,7,Sashimi Platter,1,Jordan,Dine-In,24.0
102728,2025-06-16 18:25:00,26,Matcha Cheesecake,2,Jordan,Delivery,14.0
103049,2025-07-04 20:59:00,9,Salmon Roll,3,Alex,Takeout,31.5
100782,2025-02-17 17:41:00,3,Edamame,1,Chris,Takeout,6.0
102652,2025-06-10 21:09:00,21,Miso Soup,1,Sam,Delivery,4.0
105852,2025-12-22 12:22:00,8,Salmon Nigiri,2,Alex,Takeout,18.0
101750,2025-04-19 18:20:00,22,Salmon Roll,1,Alex,Dine-In,10.5
102127,2025-05-09 21:04:00,19,Spicy Tuna Roll,1,Alex,Dine-In,11.0
105236,2025-11-13 19:03:00,18,Miso Soup,2,Alex,Dine-In,8.0
102792,2025-06-20 11:33:00,7,Tempura Udon,4,Sam,Delivery,56.0
102424,2025-05-29 18:45:00,1,Salmon Roll,2,Sam,Dine-In,21.0
105882,2025-12-24 13:17:00,7,Tempura Udon,4,Sam,Takeout,56.0
105186,2025-11-10 19:23:00,2,Tuna Nigiri,1,Sam,Delivery,10.0
100884,2025-02-24 13:51:00,27,Spicy Tuna Roll,2,Sam,Delivery,22.0
103380,2025-07-24 11:33:00,29,Edamame,1,Alex,Dine-In,6.0
101092,2025-03-08 21:01:00,11,Chicken Teriyaki,2,Sam,Delivery,32.0
104356,2025-09-20 20:57:00,24,Miso Soup,2,Alex,Dine-In,8.0
105217,2025-11-12 18:30:00,11,Sashimi Platter,2,Sam,Takeout,48.0
100532,2025-02-01 20:11:00,15,Gyoza,1,Unknown,Takeout,8.0
103613,2025-08-08 17:39:00,15,Salmon Roll,1,Chris,Dine-In,10.5
102439,2025-05-30 12:10:00,13,Chicken Teriyaki,4,Mia,Dine-In,64.0
104878,2025-10-23 19:01:00,25,Yellowtail Nigiri,1,Mia,Dine-In,11.0
105049,2025-11-01 19:00:00,10,Miso Soup,2,Jordan,Dine-In,8.0
103980,2025-08-29 20:10:00,25,California Roll,1,Alex,Dine-In,8.5
104927,2025-10-26 18:28:00,23,California Roll,1,Taylor,Dine-In,8.5
102291,2025-05-20 12:41:00,16,Spicy Tuna Roll,3,Chris,Delivery,33.0
101728,2025-04-17 19:46:00,2,Sashimi Platter,2,Taylor,Dine-In,48.0
100611,2025-02-07 17:53:00,23,Edamame,2,Sam,Takeout,12.0
100571,2025-02-04 19:41:00,4,Salmon Nigiri ,2,Jordan,Dine-In,18.0
104937,2025-10-27 11:39:00,9,Dragon Roll,1,Alex,Dine-In,15.0
101318,2025-03-24 18:39:00,16,Hamachi Kama,1,Alex,Takeout,18.0
100344,2025-01-19 18:50:00,10,Tuna Nigiri,1,Alex,Dine-In,10.0
100588,2025-02-05 19:07:00,11,Salmon Roll,1,Alex,Delivery,10.5
104694,2025-10-12 18:34:00,11,Edamame,1,Jordan,Dine-In,6.0
100637,2025-02-09 14:09:00,29,Salmon Nigiri,1,Chris,Dine-In,9.0
100435,2025-01-25 21:10:00,14,Yellowtail Nigiri,1,Taylor,Dine-In,11.0
101904,2025-04-27 17:32:00,8,Dragon Roll,1,Taylor,Dine-In,15.0
100098,2025-01-06 12:45:00,28,Chicken Teriyaki,4,Sam,Dine-In,64.0
103199,2025-07-12 21:29:00,4,Salmon Nigiri,3,Taylor,Dine-In,27.0
103448,2025-07-28 12:48:00,25,Sashimi Platter,2,Taylor,Dine-In,48.0
103403,2025-07-25 14:16:00,19,Edamame,4,Taylor,Dine-In,24.0
105736,2025-12-14 14:22:00,15,Salmon Nigiri,2,Sam,Takeout,18.0
102070,2025-05-06 19:34:00,30,Tuna Nigiri,1,Alex,Dine-In,10.0
101538,2025-04-06 20:55:00,13,Salmon Nigiri,2,Jordan,Delivery,18.0
103228,2025-07-14 18:53:00,5,California Roll,3,Sam,Takeout,25.5
104148,2025-09-08 17:22:00,27,Spicy Tuna Roll,1,Jordan,Takeout,11.0
104788,2025-10-17 17:27:00,16,Salmon Roll,3,Alex,Dine-In,31.5
105155,2025-11-08 21:27:00,10,Sashimi Platter,2,Jordan,Delivery,48.0
101518,2025-04-05 18:33:00,26,Sashimi Platter,3,Taylor,Takeout,72.0
100966,2025-02-28 21:13:00,11,Yellowtail Nigiri,2,Taylor,Dine-In,22.0
105420,2025-11-25 17:46:00,28,Salmon Nigiri,1,Sam,Dine-In,9.0
100529,2025-02-01 19:39:00,20,California Roll,1,Sam,Takeout,8.5
100177,2025-01-10 19:41:00,3,Edamame,1,Jordan,Dine-In,6.0
102471,2025-06-01 11:40:00,1,Miso Soup,3,Alex,Dine-In,12.0
104537,2025-10-02 12:48:00,8,Miso Soup,1,Alex,Dine-In,4.0
103896,2025-08-25 11:30:00,7,California Roll,4,Alex,Delivery,34.0
103002,2025-07-02 19:19:00,19,Tuna Nigiri,4,Chris,Dine-In,40.0
105151,2025-11-08 18:32:00,25,Salmon Nigiri,2,Taylor,Takeout,18.0
100573,2025-02-04 19:45:00,24,Spicy Tuna Roll,1,Mia,Dine-In,11.0
105691,2025-12-11 12:23:00,15,Salmon Nigiri,4,Sam,Dine-In,36.0
100593,2025-02-05 21:07:00,30,Salmon Roll,1,Sam,Dine-In,10.5
104991,2025-10-29 21:04:00,25,Spicy Tuna Roll,3,Sam,Dine-In,33.0
103063,2025-07-05 17:50:00,28,Salmon Nigiri,1,Chris,Dine-In,9.0
103505,2025-08-01 12:25:00,14,Gyoza,4,Chris,Delivery,32.0
102375,2025-05-26 19:45:00,20,Tuna Nigiri,1,Mia,Dine-In,10.0
103065,2025-07-05 18:21:00,22,California Roll,3,Taylor,Takeout,25.5
105649,2025-12-08 18:49:00,30,Spicy Tuna Roll,1,Sam,Delivery,11.0
104654,2025-10-09 17:37:00,2,Spicy Tuna Roll,1,Taylor,Dine-In,11.0
103795,2025-08-17 21:23:00,19,Miso Soup,1,Sam,Dine-In,4.0
102209,2025-05-14 20:22:00,28,Hamachi Kama,1,Alex,Dine-In,18.0
103657,2025-08-10 20:38:00,22,Yellowtail Nigiri,1,Taylor,Takeout,11.0
102493,2025-06-02 18:43:00,23,Salmon Roll,1,Mia,Delivery,10.5
105297,2025-11-17 19:42:00,28,Tuna Nigiri,2,Mia,Delivery,20.0
100384,2025-01-22 19:07:00,19,Salmon Nigiri,2,Alex,Dine-In,18.0
100853,2025-02-22 11:48:00,6,Miso Soup,1,Sam,Dine-In,4.0
101881,2025-04-26 12:09:00,3,Hamachi Kama,2,Jordan,Dine-In,36.0
100371,2025-01-21 18:45:00,2,Salmon Nigiri,1,Sam,Takeout,9.0
103385,2025-07-24 17:08:00,21,Miso Soup,2,Mia,Delivery,8.0
104246,2025-09-14 12:38:00,11,Chicken Teriyaki,2,Chris,Dine-In,32.0
105222,2025-11-12 21:04:00,25,Tempura Udon,1,Taylor,Delivery,14.0
105188,2025-11-10 19:44:00,26,California Roll,2,Jordan,Takeout,17.0
105983,2025-12-30 19:33:00,20,Miso Soup,2,Chris,Dine-In,8.0
101106,2025-03-09 21:25:00,11,Spicy Tuna Roll,1,Taylor,Dine-In,11.0
104329,2025-09-19 20:57:00,29,Spicy Tuna Roll,1,Sam,Dine-In,11.0
102362,2025-05-26 12:11:00,11,Tempura Udon,1,Taylor,Dine-In,14.0
104838,2025-10-21 12:51:00,2,Spicy Tuna Roll,4,Chris,Dine-In,44.0
101337,2025-03-25 18:30:00,25,Salmon Roll,1,Sam,Takeout,10.5
102190,2025-05-13 17:58:00,30,Edamame,2,Chris,Takeout,12.0
105523,2025-12-01 12:04:00,21,Spicy Tuna Roll,4,Sam,Takeout,44.0
105759,2025-12-15 18:48:00,22,Tuna Nigiri,1,Jordan,Takeout,10.0
103316,2025-07-20 12:19:00,19,Chicken Teriyaki,1,Taylor,Dine-In,16.0
102247,2025-05-17 11:54:00,10,Salmon Roll,3,Mia,Dine-In,31.5
105634,2025-12-07 19:21:00,28,Tempura Udon,4,Unknown,Delivery,56.0
105836,2025-12-20 18:09:00,24,Salmon Nigiri,2,Jordan,Takeout,18.0
101172,2025-03-14 14:19:00,6,Spicy Tuna Roll,1,Sam,Dine-In,11.0
103692,2025-08-12 19:12:00,5,Tempura Udon,1,Sam,Dine-In,14.0
103832,2025-08-20 14:08:00,7,Tuna Nigiri,4,Taylor,Dine-In,40.0
101423,2025-03-30 18:10:00,25,Tempura Udon,1,Taylor,Dine-In,14.0
102687,2025-06-13 17:59:00,26,Spicy Tuna Roll,1,Taylor,Dine-In,11.0
105401,2025-11-24 12:29:00,12,Spicy Tuna Roll,1,Chris,Dine-In,11.0
103341,2025-07-21 20:04:00,8,Spicy Tuna Roll,1,Mia,Dine-In,11.0
105466,2025-11-28 18:01:00,13,Yellowtail Nigiri,1,Taylor,Delivery,11.0
104990,2025-10-29 20:57:00,4,Spicy Tuna Roll,1,Sam,Takeout,11.0
101465,2025-04-02 13:09:00,11,Spicy Tuna Roll,2,Alex,Dine-In,22.0
100875,2025-02-23 20:36:00,12,Salmon Nigiri,2,Chris,Dine-In,18.0
102298,2025-05-20 19:10:00,6,Spicy Tuna Roll,3,Sam,Delivery,33.0
102644,2025-06-10 18:56:00,24,Tuna Nigiri,2,Sam,Dine-In,20.0
103324,2025-07-20 18:57:00,2,Tempura Udon,1,Alex,Dine-In,14.0
105208,2025-11-11 20:44:00,2,Edamame,1,Mia,Dine-In,6.0
101252,2025-03-20 11:31:00,5,Dragon Roll,3,Alex,Dine-In,45.0
105483,2025-11-29 12:31:00,15,Hamachi Kama,2,Sam,Takeout,36.0
100841,2025-02-21 17:21:00,23,Salmon Nigiri,1,Mia,Dine-In,9.0
104830,2025-10-20 18:31:00,6,Dragon Roll,1,Taylor,Dine-In,15.0
100582,2025-02-05 17:40:00,5,Spicy Tuna Roll,1,Mia,Takeout,11.0
100205,2025-01-12 11:38:00,16,Gyoza,2,Chris,Dine-In,16.0
101642,2025-04-13 20:14:00,4,California Roll,1,Sam,Takeout,8.5
102015,2025-05-03 18:53:00,4,Salmon Nigiri,4,Sam,Dine-In,36.0
103254,2025-07-15 19:00:00,28,Gyoza,1,Jordan,Takeout,8.0
100632,2025-02-08 20:19:00,12,Tuna Nigiri,1,Sam,Dine-In,10.0
104259,2025-09-15 11:45:00,20,Gyoza,1,Sam,Dine-In,8.0
101975,2025-05-01 18:53:00,12,Salmon Roll,1,Mia,Dine-In,10.5
100163,2025-01-09 18:57:00,21,Tuna Nigiri,1,Sam,Delivery,10.0
104319,2025-09-19 13:05:00,16,Spicy Tuna Roll,1,Sam,Dine-In,11.0
104082,2025-09-04 20:06:00,13,California Roll,1,Mia,Dine-In,8.5
105741,2025-12-14 20:20:00,15,Edamame,1,Sam,Delivery,6.0
103536,2025-08-03 18:40:00,15,Gyoza,2,Sam,Delivery,16.0
100618,2025-02-07 19:38:00,21,Gyoza,2,Mia,Dine-In,16.0
100876,2025-02-23 20:37:00,22,Edamame,4,Mia,Dine-In,24.0
101432,2025-03-30 19:46:00,26,Salmon Nigiri,2,Alex,Takeout,18.0
102974,2025-06-30 19:25:00,29,Spicy Tuna Roll,2,Taylor,Dine-In,22.0
104161,2025-09-09 13:06:00,2,Tuna Nigiri,1,Mia,Dine-In,10.0
100548,2025-02-02 19:52:00,14,Edamame,1,Taylor,Dine-In,6.0
104437,2025-09-25 17:03:00,22,Spicy Tuna Roll,3,Alex,Dine-In,33.0
105470,2025-11-28 18:41:00,12,Gyoza,1,Mia,Delivery,8.0
105065,2025-11-02 20:25:00,21,Edamame,2,Taylor,Takeout,12.0
103404,2025-07-25 17:01:00,5,Spicy Tuna Roll,3,Sam,Dine-In,33.0
103787,2025-08-17 18:34:00,6,Tuna Nigiri,2,Alex,Takeout,20.0
103530,2025-08-03 17:19:00,7,California Roll,2,Alex,Takeout,17.0
104907,2025-10-25 17:53:00,14,Salmon Roll,4,Sam,Dine-In,42.0
102857,2025-06-24 17:36:00,10,California Roll,2,Chris,Takeout,17.0
101862,2025-04-25 17:08:00,16,Dragon Roll,3,Chris,Takeout,45.0
102660,2025-06-11 17:24:00,12,Edamame,4,Alex,Dine-In,24.0
105526,2025-12-01 17:40:00,23,Tuna Nigiri,1,Taylor,Dine-In,10.0
100641,2025-02-09 18:07:00,6,Dragon Roll,1,Jordan,Takeout,15.0
103836,2025-08-20 17:48:00,22,California Roll,3,Taylor,Takeout,25.5
101010,2025-03-03 13:12:00,14,Miso Soup,2,Jordan,Takeout,8.0
105887,2025-12-24 18:54:00,17,Yellowtail Nigiri,1,Jordan,Takeout,11.0
100638,2025-02-09 17:20:00,11,California Roll,2,Mia,Dine-In,17.0
104916,2025-10-26 11:38:00,5,Gyoza,4,Taylor,Dine-In,32.0
104519,2025-09-30 20:41:00,17,Spicy Tuna Roll,3,Sam,Dine-In,33.0
102309,2025-05-21 14:15:00,2,Yellowtail Nigiri,1,Taylor,Dine-In,11.0
104183,2025-09-10 18:38:00,18,Salmon Roll,4,Unknown,Dine-In,42.0
103146,2025-07-10 13:01:00,2,Salmon Roll,1,Jordan,Delivery,10.5
104334,2025-09-20 12:52:00,25,Hamachi Kama,1,Chris,Dine-In,18.0
102097,2025-05-08 13:55:00,11,California Roll,2,Taylor,Dine-In,17.0
103535,2025-08-03 18:30:00,15,Spicy Tuna Roll,2,Taylor,Takeout,22.0
101957,2025-04-30 17:39:00,30,Salmon Roll,3,Jordan,Dine-In,31.5
101373,2025-03-27 20:28:00,5,Chicken Teriyaki,3,Alex,Dine-In,48.0
104048,2025-09-03 13:49:00,11,Dragon Roll,2,Chris,Dine-In,30.0
100922,2025-02-26 12:21:00,1,Edamame,3,Jordan,Takeout,18.0
100547,2025-02-02 19:43:00,23,Edamame,3,Jordan,Dine-In,18.0
101450,2025-04-01 12:32:00,21,Gyoza,1,Chris,Dine-In,8.0
102805,2025-06-21 12:24:00,2,Miso Soup,3,Sam,Takeout,12.0
102611,2025-06-08 20:03:00,27,Miso Soup,4,Jordan,Dine-In,16.0
101901,2025-04-27 14:30:00,9,Spicy Tuna Roll,3,Sam,Takeout,33.0
102758,2025-06-18 18:30:00,4,Salmon Nigiri,1,Chris,Takeout,9.0
102029,2025-05-04 18:16:00,10,California Roll,1,Taylor,Takeout,8.5
102302,2025-05-20 20:03:00,22,Chicken Teriyaki,1,Taylor,Dine-In,16.0
101886,2025-04-26 17:28:00,25,Salmon Roll,1,Chris,Dine-In,10.5
101643,2025-04-13 20:16:00,8,Spicy Tuna Roll,3,Taylor,Dine-In,33.0
100973,2025-03-01 17:58:00,24,Miso Soup,1,Chris,Dine-In,4.0
105788,2025-12-17 13:41:00,24,Salmon Roll,2,Mia,Dine-In,21.0
102098,2025-05-08 14:09:00,26,Salmon Roll,4,Alex,Dine-In,42.0
105595,2025-12-04 18:34:00,21,Dragon Roll,1,Alex,Dine-In,15.0
104592,2025-10-05 19:45:00,3,Tempura Udon,4,Alex,Delivery,56.0
105408,2025-11-24 18:15:00,7,Chicken Teriyaki,1,Chris,Dine-In,16.0
105984,2025-12-30 20:08:00,23,Tuna Nigiri,2,Alex,Dine-In,20.0
100837,2025-02-21 11:47:00,10,Spicy Tuna Roll,1,Mia,Dine-In,11.0
100602,2025-02-06 18:50:00,12,Salmon Nigiri,3,Jordan,Dine-In,27.0
102185,2025-05-13 12:14:00,29,Salmon Nigiri,1,Mia,Takeout,9.0
105296,2025-11-17 19:17:00,11,Miso Soup,1,Mia,Dine-In,4.0
104494,2025-09-28 20:29:00,16,Yellowtail Nigiri,4,Chris,Dine-In,44.0
105166,2025-11-09 18:44:00,30,Tempura Udon,1,Taylor,Takeout,14.0
101583,2025-04-09 18:28:00,2,California Roll,1,Mia,Dine-In,8.5
105118,2025-11-06 18:27:00,27,Spicy Tuna Roll,1,Taylor,Dine-In,11.0
103606,2025-08-08 11:36:00,2,Miso Soup,1,Chris,Takeout,4.0
103882,2025-08-24 13:34:00,30,Edamame,2,Taylor,Takeout,12.0
101071,2025-03-07 13:07:00,12,Salmon Roll,2,Mia,Takeout,21.0
101776,2025-04-21 12:13:00,1,Spicy Tuna Roll,3,Jordan,Dine-In,33.0
105787,2025-12-17 12:15:00,8,Edamame,1,Sam,Dine-In,6.0
101284,2025-03-22 17:54:00,4,Salmon Roll,3,Sam,Dine-In,31.5
105004,2025-10-30 19:57:00,4,California Roll,1,Taylor,Takeout,8.5
104395,2025-09-23 13:33:00,5,Yellowtail Nigiri,1,Sam,Takeout,11.0
105722,2025-12-13 12:20:00,6,Spicy Tuna Roll,1,Alex,Dine-In,11.0
101837,2025-04-24 13:10:00,15,Yellowtail Nigiri,1,Sam,Dine-In,11.0
105090,2025-11-04 13:44:00,3,Edamame,4,Chris,Dine-In,24.0
101020,2025-03-03 20:38:00,16,Tuna Nigiri,1,Jordan,Delivery,10.0
100971,2025-03-01 14:26:00,15,California Roll,2,Alex,Takeout,17.0
101327,2025-03-25 11:57:00,4,Spicy Tuna Roll,4,Chris,Dine-In,44.0
105906,2025-12-25 19:30:00,25,Yellowtail Nigiri,1,Alex,Takeout,11.0
100476,2025-01-28 21:20:00,19,Sashimi Platter,4,Jordan,Dine-In,96.0
102811,2025-06-21 14:30:00,15,Gyoza,1,Alex,Dine-In,8.0
104510,2025-09-30 17:06:00,26,Dragon Roll,4,Chris,Delivery,60.0
101652,2025-04-14 13:22:00,19,California Roll,1,Sam,Takeout,8.5
105590,2025-12-04 14:17:00,10,California Roll,1,Sam,Dine-In,8.5
105138,2025-11-07 21:21:00,30,Tuna Nigiri,3,Jordan,Dine-In,30.0
102529,2025-06-04 17:40:00,6,Tuna Nigiri,1,Sam,Dine-In,10.0
104296,2025-09-17 21:13:00,3,Dragon Roll,1,Chris,Dine-In,15.0
103529,2025-08-03 17:14:00,22,California Roll,1,Mia,Takeout,8.5
103681,2025-08-12 13:58:00,5,Salmon Roll,1,Alex,Dine-In,10.5
101374,2025-03-27 20:33:00,14,Hamachi Kama,1,Jordan,Takeout,18.0
100740,2025-02-14 21:10:00,20,California Roll,3,Taylor,Dine-In,25.5
104625,2025-10-07 20:13:00,26,Hamachi Kama,3,Chris,Takeout,54.0
103480,2025-07-30 13:20:00,6,California Roll,3,Mia,Dine-In,25.5
100868,2025-02-23 13:16:00,19,Tempura Udon,1,Taylor,Dine-In,14.0
102975,2025-06-30 19:37:00,30,California Roll,1,Taylor,Dine-In,8.5
101141,2025-03-12 19:21:00,13,Yellowtail Nigiri,1,Taylor,Dine-In,11.0
100998,2025-03-02 18:43:00,14,Edamame,4,Taylor,Dine-In,24.0
101338,2025-03-25 18:52:00,11,Yellowtail Nigiri,1,Mia,Delivery,11.0
100542,2025-02-02 18:26:00,15,Miso Soup,1,Sam,Dine-In,4.0
101100,2025-03-09 18:03:00,10,Tuna Nigiri,3,Chris,Dine-In,30.0
101133,2025-03-11 20:37:00,5,Sashimi Platter,1,Chris,Delivery,24.0
105841,2025-12-20 19:17:00,12,Salmon Roll,4,Taylor,Dine-In,42.0
103867,2025-08-22 21:22:00,26,Edamame,2,Sam,Delivery,12.0
102259,2025-05-17 20:17:00,23,Dragon Roll,2,Chris,Dine-In,30.0
105243,2025-11-13 21:15:00,12,Miso Soup,4,Sam,Dine-In,16.0
102963,2025-06-30 13:50:00,23,California Roll,2,Jordan,Dine-In,17.0
100060,2025-01-03 21:29:00,1,Sashimi Platter,3,Mia,Dine-In,72.0
103260,2025-07-16 12:17:00,25,Salmon Nigiri,3,Mia,Dine-In,27.0
102207,2025-05-14 19:45:00,27,Dragon Roll,4,Alex,Dine-In,60.0
101939,2025-04-29 18:42:00,13,Gyoza,4,Chris,Delivery,32.0
105332,2025-11-20 13:57:00,13,Yellowtail Nigiri,2,Taylor,Dine-In,22.0
105949,2025-12-28 14:25:00,9,Chicken Teriyaki,2,Alex,Takeout,32.0
104933,2025-10-26 20:44:00,16,Tempura Udon,2,Chris,Dine-In,28.0
102814,2025-06-21 19:30:00,28,Miso Soup,1,Mia,Dine-In,4.0
105209,2025-11-11 21:10:00,24,Salmon Nigiri,2,Jordan,Delivery,18.0
103443,2025-07-27 20:39:00,16,Spicy Tuna Roll,1,Chris,Dine-In,11.0
101079,2025-03-07 19:50:00,28,California Roll,2,Chris,Takeout,17.0
104839,2025-10-21 14:02:00,18,Edamame,1,Jordan,Dine-In,6.0
105525,2025-12-01 13:30:00,2,Spicy Tuna Roll,4,Mia,Dine-In,44.0
104532,2025-10-01 19:50:00,20,Tuna Nigiri,2,Jordan,Dine-In,20.0
103738,2025-08-15 12:31:00,10,Edamame,1,Taylor,Takeout,6.0
105833,2025-12-20 13:35:00,16,Salmon Roll,1,Mia,Dine-In,10.5
102631,2025-06-10 11:58:00,7,Tuna Nigiri,1,Sam,Takeout,10.0
104818,2025-10-19 18:30:00,15,Spicy Tuna Roll,1,Alex,Delivery,11.0
105522,2025-12-01 11:50:00,20,California Roll,2,Sam,Delivery,17.0
105880,2025-12-24 11:57:00,6,Salmon Nigiri,1,Jordan,Dine-In,9.0
100941,2025-02-27 18:37:00,29,Salmon Nigiri,2,Sam,Dine-In,18.0
101081,2025-03-07 20:45:00,18,California Roll,2,Alex,Takeout,17.0
100188,2025-01-11 14:23:00,28,California Roll,1,Alex,Dine-In,8.5
103746,2025-08-15 17:45:00,8,Salmon Nigiri,2,Taylor,Dine-In,18.0
104146,2025-09-08 14:10:00,2,Edamame,4,Alex,Dine-In,24.0
102086,2025-05-07 18:45:00,3,Gyoza,1,Alex,Dine-In,8.0
102250,2025-05-17 13:25:00,13,Dragon Roll,2,Jordan,Takeout,30.0
103712,2025-08-13 17:11:00,30,Spicy Tuna Roll,1,Mia,Dine-In,11.0
105915,2025-12-26 18:44:00,23,Salmon Roll,3,Alex,Delivery,31.5
102024,2025-05-04 14:25:00,28,Chicken Teriyaki,1,Sam,Takeout,16.0
103818,2025-08-19 18:56:00,22,Salmon Roll,2,Alex,Dine-In,21.0
101493,2025-04-03 20:13:00,17,Gyoza,3,Alex,Takeout,24.0
104618,2025-10-07 17:51:00,23,Tuna Nigiri,4,Taylor,Takeout,40.0
104067,2025-09-04 17:11:00,28,Yellowtail Nigiri,1,Mia,Takeout,11.0
100227,2025-01-13 13:19:00,22,Spicy Tuna Roll,2,Taylor,Dine-In,22.0
101014,2025-03-03 17:50:00,17,Yellowtail Nigiri,2,Unknown,Dine-In,22.0
102584,2025-06-07 18:36:00,25,Edamame,1,Jordan,Dine-In,6.0
101930,2025-04-29 12:07:00,27,Salmon Roll,1,Alex,Dine-In,10.5
104230,2025-09-13 17:28:00,9,Chicken Teriyaki,1,Taylor,Dine-In,16.0
105403,2025-11-24 13:23:00,18,California Roll,2,Alex,Dine-In,17.0
101405,2025-03-29 17:27:00,23,California Roll,2,Sam,Dine-In,17.0
102180,2025-05-12 20:20:00,8,California Roll,1,Taylor,Dine-In,8.5
100698,2025-02-12 20:13:00,2,Salmon Roll,3,Jordan,Dine-In,31.5
101125,2025-03-11 12:53:00,13,California Roll,2,Chris,Dine-In,17.0
103283,2025-07-17 19:33:00,14,Tuna Nigiri,3,Jordan,Dine-In,30.0
103985,2025-08-29 21:20:00,26,Edamame,1,Jordan,Takeout,6.0
104649,2025-10-09 12:31:00,24,Spicy Tuna Roll,1,Chris,Dine-In,11.0
101779,2025-04-21 13:08:00,18,Dragon Roll,1,Sam,Dine-In,15.0
102635,2025-06-10 13:35:00,30,Gyoza,2,Mia,Dine-In,16.0
103092,2025-07-06 20:52:00,12,Tempura Udon,1,Taylor,Dine-In,14.0
104074,2025-09-04 19:24:00,4,Salmon Nigiri,2,Sam,Takeout,18.0
101038,2025-03-04 21:03:00,16,Yellowtail Nigiri,1,Sam,Dine-In,11.0
105011,2025-10-31 12:07:00,8,Spicy Tuna Roll,2,Sam,Takeout,22.0
102257,2025-05-17 19:36:00,27,Salmon Nigiri,1,Chris,Dine-In,9.0
103797,2025-08-18 13:43:00,10,Tuna Nigiri,1,Alex,Dine-In,10.0
105955,2025-12-28 19:07:00,7,Spicy Tuna Roll,1,Taylor,Dine-In,11.0
100314,2025-01-18 12:37:00,3,Salmon Roll,1,Mia,Dine-In,10.5
102650,2025-06-10 20:29:00,10,Spicy Tuna Roll,1,Taylor,Takeout,11.0
102282,2025-05-19 18:39:00,4,Gyoza,2,Unknown,Takeout,16.0
103717,2025-08-13 17:52:00,3,Salmon Nigiri,3,Sam,Takeout,27.0
104302,2025-09-18 12:07:00,23,Salmon Nigiri,1,Jordan,Dine-In,9.0
102548,2025-06-05 12:10:00,13,Dragon Roll,1,Alex,Takeout,15.0
101417,2025-03-30 13:39:00,21,Gyoza,2,Chris,Dine-In,16.0
101037,2025-03-04 20:52:00,21,Miso Soup,4,Alex,Takeout,16.0
102160,2025-05-11 18:21:00,6,Salmon Roll,1,Mia,Dine-In,10.5
102985,2025-07-01 17:14:00,20,California Roll,2,Alex,Dine-In,17.0
103138,2025-07-09 17:28:00,21,Gyoza,3,Taylor,Takeout,24.0
104998,2025-10-30 17:39:00,5,Hamachi Kama,3,Alex,Dine-In,54.0
101755,2025-04-19 20:28:00,16,Miso Soup,4,Taylor,Dine-In,16.0
105950,2025-12-28 17:06:00,9,Salmon Nigiri,3,Chris,Dine-In,27.0
104005,2025-08-30 19:44:00,20,Hamachi Kama,1,Chris,Dine-In,18.0
105897,2025-12-25 13:58:00,6,Chicken Teriyaki,2,Sam,Dine-In,32.0
103650,2025-08-10 17:54:00,6,Yellowtail Nigiri,4,Mia,Dine-In,44.0
102521,2025-06-04 13:26:00,17,Miso Soup,2,Chris,Takeout,8.0
100874,2025-02-23 20:29:00,8,Spicy Tuna Roll,1,Chris,Takeout,11.0
104445,2025-09-25 20:23:00,11,Edamame,1,Taylor,Dine-In,6.0
104504,2025-09-29 18:12:00,7,Gyoza,1,Sam,Takeout,8.0
101507,2025-04-04 19:40:00,29,Salmon Roll,4,Jordan,Delivery,42.0
103916,2025-08-25 19:45:00,16,Chicken Teriyaki,1,Jordan,Dine-In,16.0
101924,2025-04-28 20:04:00,18,Tuna Nigiri,1,Alex,Takeout,10.0
100449,2025-01-26 20:25:00,6,Tempura Udon,2,Alex,Takeout,28.0
103483,2025-07-30 13:46:00,24,Miso Soup,1,Mia,Dine-In,4.0
105953,2025-12-28 18:47:00,14,California Roll,1,Taylor,Dine-In,8.5
105986,2025-12-30 21:04:00,21,Dragon Roll,1,Taylor,Takeout,15.0
103656,2025-08-10 20:32:00,26,Gyoza,1,Mia,Delivery,8.0
103258,2025-07-15 21:09:00,3,Spicy Tuna Roll,4,Chris,Takeout,44.0
100362,2025-01-20 19:20:00,12,Edamame,3,Jordan,Dine-In,18.0
102184,2025-05-13 12:05:00,6,Salmon Roll,4,Alex,Delivery,42.0
101135,2025-03-12 17:13:00,24,Hamachi Kama,1,Sam,Dine-In,18.0
105426,2025-11-25 19:04:00,3,Yellowtail Nigiri,4,Chris,Dine-In,44.0
103200,2025-07-13 12:00:00,4,Salmon Nigiri,2,Alex,Delivery,18.0
104796,2025-10-17 21:00:00,21,Gyoza,1,Chris,Dine-In,8.0
103439,2025-07-27 18:25:00,10,Salmon Roll,1,Jordan,Delivery,10.5
102156,2025-05-11 17:33:00,12,Edamame,4,Taylor,Delivery,24.0
101831,2025-04-23 21:15:00,16,California Roll,1,Taylor,Delivery,8.5
101054,2025-03-05 19:23:00,5,Miso Soup,4,Chris,Takeout,16.0
102461,2025-05-31 18:13:00,28,Spicy Tuna Roll,1,Alex,Delivery,11.0
100023,2025-01-02 14:00:00,20,Dragon Roll,4,Sam,Dine-In,60.0
102067,2025-05-06 18:46:00,17,Tuna Nigiri,1,Sam,Dine-In,10.0
101654,2025-04-14 17:27:00,14,Edamame,2,Chris,Dine-In,12.0
103685,2025-08-12 17:24:00,14,Spicy Tuna Roll,1,Chris,Dine-In,11.0
104693,2025-10-12 18:25:00,27,Dragon Roll,1,Alex,Dine-In,15.0
102744,2025-06-17 17:15:00,8,Salmon Roll,3,Chris,Delivery,31.5
104155,2025-09-08 20:06:00,13,Tempura Udon,2,Sam,Dine-In,28.0
104889,2025-10-24 18:49:00,9,Salmon Nigiri,1,Mia,Takeout,9.0
102469,2025-05-31 20:24:00,16,Salmon Nigiri,3,Mia,Takeout,27.0
102326,2025-05-22 21:05:00,4,Chicken Teriyaki,2,Chris,Takeout,32.0
100461,2025-01-27 20:19:00,7,Miso Soup,1,Jordan,Dine-In,4.0
101068,2025-03-06 19:01:00,9,Tempura Udon,1,Mia,Dine-In,14.0
100088,2025-01-05 14:05:00,25,Matcha Cheesecake,1,Mia,Takeout,7.0
101431,2025-03-30 19:43:00,27,Spicy Tuna Roll,1,Mia,Dine-In,11.0
104397,2025-09-23 17:14:00,1,Salmon Roll,1,Chris,Dine-In,10.5
100283,2025-01-16 18:45:00,20,Spicy Tuna Roll,4,Mia,Delivery,44.0
102484,2025-06-02 12:03:00,16,Spicy Tuna Roll,3,Chris,Delivery,33.0
100463,2025-01-27 21:08:00,2,Salmon Roll,3,Alex,Dine-In,31.5
100213,2025-01-12 20:06:00,3,Edamame,3,Taylor,Delivery,18.0
102589,2025-06-07 19:48:00,25,Spicy Tuna Roll,1,Mia,Dine-In,11.0
103560,2025-08-05 14:05:00,20,California Roll,1,Alex,Dine-In,8.5
102908,2025-06-26 20:42:00,1,Yellowtail Nigiri,1,Mia,Dine-In,11.0
102582,2025-06-07 18:17:00,21,Hamachi Kama,1,Mia,Takeout,18.0
101369,2025-03-27 19:00:00,13,Tuna Nigiri,2,Sam,Dine-In,20.0
100235,2025-01-13 20:28:00,15,Miso Soup,2,Sam,Dine-In,8.0
103947,2025-08-27 18:31:00,21,Edamame,2,Chris,Takeout,12.0
100598,2025-02-06 14:27:00,24,Miso Soup,1,Jordan,Dine-In,4.0
105314,2025-11-19 12:35:00,30,Spicy Tuna Roll,1,Sam,Dine-In,11.0
102251,2025-05-17 17:24:00,25,Spicy Tuna Roll,2,Chris,Takeout,22.0
104886,2025-10-24 14:09:00,14,Chicken Teriyaki,1,Mia,Dine-In,16.0
102284,2025-05-19 19:10:00,16,Spicy Tuna Roll,2,Mia,Takeout,22.0
100663,2025-02-10 19:44:00,13,Tempura Udon,2,Jordan,Dine-In,28.0
105980,2025-12-30 18:33:00,30,Miso Soup,1,Jordan,Dine-In,4.0
102286,2025-05-19 19:36:00,28,California Roll,4,Alex,Dine-In,34.0
103432,2025-07-27 14:12:00,20,Gyoza,1,Sam,Takeout,8.0
105677,2025-12-10 13:05:00,1,Salmon Roll,1,Taylor,Takeout,10.5
104335,2025-09-20 13:10:00,9,Spicy Tuna Roll,1,Chris,Takeout,11.0
103708,2025-08-13 13:21:00,8,Miso Soup,1,Chris,Dine-In,4.0
105494,2025-11-29 18:25:00,7,California Roll,2,Taylor,Dine-In,17.0
103469,2025-07-29 20:22:00,7,Tuna Nigiri,4,Chris,Dine-In,40.0
103564,2025-08-05 19:29:00,25,Chicken Teriyaki,1,Sam,Dine-In,16.0
102991,2025-07-01 20:21:00,30,Dragon Roll,1,Alex,Delivery,15.0
105353,2025-11-21 17:58:00,24,Sashimi Platter,1,Jordan,Dine-In,24.0
100780,2025-02-17 17:26:00,24,California Roll,1,Sam,Dine-In,8.5
102545,2025-06-04 20:57:00,27,Spicy Tuna Roll,1,Taylor,Dine-In,11.0
105303,2025-11-18 13:16:00,8,Tempura Udon,1,Alex,Takeout,14.0
104499,2025-09-29 14:28:00,7,Spicy Tuna Roll,1,Mia,Delivery,11.0
104404,2025-09-23 19:18:00,8,Sashimi Platter,1,Taylor,Delivery,24.0
104339,2025-09-20 17:13:00,16,Salmon Nigiri,4,Alex,Dine-In,36.0
104948,2025-10-27 18:29:00,5,Edamame,1,Alex,Dine-In,6.0
105821,2025-12-19 14:02:00,24,California Roll,2,Taylor,Delivery,17.0
100686,2025-02-12 13:06:00,23,Salmon Nigiri,4,Chris,Delivery,36.0
105959,2025-12-28 19:28:00,1,Edamame,2,Chris,Dine-In,12.0
103553,2025-08-04 18:36:00,1,Salmon Nigiri,1,Alex,Takeout,9.0
103244,2025-07-15 13:09:00,28,California Roll,3,Taylor,Delivery,25.5
101749,2025-04-19 17:33:00,2,California Roll,4,Mia,Takeout,34.0
103913,2025-08-25 18:19:00,27,Yellowtail Nigiri,2,Taylor,Takeout,22.0
105084,2025-11-04 11:43:00,12,Hamachi Kama,3,Jordan,Takeout,54.0
102838,2025-06-22 21:02:00,17,Spicy Tuna Roll,1,Chris,Takeout,11.0
103033,2025-07-04 11:37:00,21,Salmon Nigiri,2,Chris,Dine-In,18.0
102172,2025-05-12 17:47:00,29,Spicy Tuna Roll,1,Jordan,Dine-In,11.0
103791,2025-08-17 19:48:00,23,Edamame,4,Taylor,Dine-In,24.0
101851,2025-04-24 20:20:00,15,Yellowtail Nigiri,3,Jordan,Delivery,33.0
100488,2025-01-29 18:26:00,1,Chicken Teriyaki,4,Alex,Delivery,64.0
101689,2025-04-16 14:02:00,11,Matcha Cheesecake,4,Chris,Delivery,28.0
103474,2025-07-29 21:12:00,19,Salmon Nigiri,1,Chris,Takeout,9.0
104626,2025-10-07 21:17:00,3,Gyoza,1,Mia,Dine-In,8.0
102321,2025-05-22 19:22:00,6,Dragon Roll,4,Jordan,Dine-In,60.0
100783,2025-02-17 18:00:00,4,Tuna Nigiri,1,Chris,Delivery,10.0
100522,2025-02-01 17:24:00,20,Tuna Nigiri,3,Taylor,Delivery,30.0
100523,2025-02-01 17:29:00,19,Gyoza,4,Sam,Takeout,32.0
105215,2025-11-12 17:41:00,16,Spicy Tuna Roll,1,Alex,Dine-In,11.0
102940,2025-06-28 21:18:00,28,Salmon Roll,3,Sam,Dine-In,31.5
104697,2025-10-12 19:09:00,16,Edamame,1,Alex,Dine-In,6.0
104843,2025-10-21 18:03:00,3,Sashimi Platter,1,Alex,Delivery,24.0
102399,2025-05-28 13:22:00,21,Salmon Nigiri,2,Mia,Dine-In,18.0
102208,2025-05-14 20:02:00,22,Yellowtail Nigiri,3,Chris,Dine-In,33.0
105279,2025-11-16 20:11:00,5,Spicy Tuna Roll,2,Taylor,Dine-In,22.0
100781,2025-02-17 17:38:00,4,Tuna Nigiri,4,Jordan,Dine-In,40.0
104704,2025-10-12 20:40:00,3,Spicy Tuna Roll,1,Sam,Dine-In,11.0
104926,2025-10-26 18:26:00,14,Gyoza,3,Alex,Dine-In,24.0
101512,2025-04-05 13:30:00,5,Miso Soup,4,Alex,Dine-In,16.0
101883,2025-04-26 13:54:00,25,Edamame,3,Alex,Dine-In,18.0
100652,2025-02-10 11:58:00,25,Salmon Nigiri,4,Sam,Takeout,36.0
103972,2025-08-29 12:19:00,28,Salmon Nigiri,1,Taylor,Takeout,9.0
101802,2025-04-22 17:32:00,16,Yellowtail Nigiri,2,Mia,Dine-In,22.0
100370,2025-01-21 17:20:00,15,Salmon Nigiri,1,Sam,Dine-In,9.0
105252,2025-11-15 11:38:00,22,Miso Soup,1,Sam,Dine-In,4.0
103755,2025-08-16 12:08:00,1,Gyoza,2,Mia,Dine-In,16.0
100119,2025-01-07 18:04:00,3,California Roll,2,Jordan,Dine-In,17.0
100378,2025-01-21 21:29:00,18,California Roll,1,Jordan,Dine-In,8.5
100217,2025-01-12 21:10:00,10,Spicy Tuna Roll,2,Alex,Takeout,22.0
102217,2025-05-15 12:36:00,29,Gyoza,2,Jordan,Dine-In,16.0
104575,2025-10-04 13:30:00,11,Miso Soup,3,Jordan,Takeout,12.0
101614,2025-04-11 21:27:00,18,Salmon Nigiri,1,Sam,Dine-In,9.0
102884,2025-06-25 19:30:00,8,Tempura Udon,2,Alex,Dine-In,28.0
104310,2025-09-18 18:04:00,22,Spicy Tuna Roll,1,Alex,Delivery,11.0
105402,2025-11-24 13:14:00,21,California Roll,4,Jordan,Dine-In,34.0
100963,2025-02-28 20:46:00,20,Gyoza,2,Chris,Takeout,16.0
105418,2025-11-25 14:20:00,22,Edamame,1,Taylor,Dine-In,6.0
102511,2025-06-03 20:55:00,12,Edamame,1,Alex,Dine-In,6.0
105651,2025-12-08 19:36:00,13,California Roll,4,Chris,Dine-In,34.0
104580,2025-10-04 17:57:00,16,Salmon Roll,3,Chris,Delivery,31.5
104023,2025-09-01 13:05:00,4,Salmon Nigiri,1,Chris,Dine-In,9.0
100360,2025-01-20 18:44:00,25,Sashimi Platter,2,Mia,Delivery,48.0
101247,2025-03-19 18:48:00,5,Spicy Tuna Roll,2,Jordan,Dine-In,22.0
103409,2025-07-25 19:59:00,8,Salmon Nigiri,1,Chris,Dine-In,9.0
104185,2025-09-10 19:15:00,13,Chicken Teriyaki,1,Alex,Dine-In,16.0
102416,2025-05-29 13:16:00,23,California Roll,4,Chris,Takeout,34.0
105600,2025-12-04 21:17:00,22,California Roll,4,Jordan,Delivery,34.0
105080,2025-11-03 19:42:00,25,Edamame,4,Taylor,Dine-In,24.0
102186,2025-05-13 12:22:00,9,California Roll,2,Alex,Dine-In,17.0
104021,2025-08-31 20:49:00,5,Miso Soup,3,Jordan,Dine-In,12.0
102568,2025-06-06 19:02:00,1,Matcha Cheesecake,4,Jordan,Takeout,28.0
103424,2025-07-26 20:24:00,21,Chicken Teriyaki,1,Chris,Dine-In,16.0
102038,2025-05-05 12:07:00,8,California Roll,1,Sam,Delivery,8.5
105113,2025-11-06 13:24:00,24,Gyoza,1,Sam,Takeout,8.0
100773,2025-02-16 20:35:00,7,Miso Soup,2,Mia,Dine-In,8.0
101285,2025-03-22 18:00:00,1,California Roll,1,Alex,Dine-In,8.5
105533,2025-12-01 19:49:00,16,Tuna Nigiri,1,Sam,Delivery,10.0
103563,2025-08-05 17:54:00,6,Spicy Tuna Roll,1,Jordan,Dine-In,11.0
105701,2025-12-11 21:15:00,1,Gyoza,2,Jordan,Takeout,16.0
102588,2025-06-07 19:33:00,20,Yellowtail Nigiri,1,Alex,Takeout,11.0
105502,2025-11-29 20:56:00,11,Salmon Nigiri,1,Jordan,Dine-In,9.0
101415,2025-03-29 21:03:00,30,Spicy Tuna Roll,2,Mia,Dine-In,22.0
101235,2025-03-18 20:15:00,9,Salmon Nigiri,3,Alex,Dine-In,27.0
103842,2025-08-20 20:28:00,16,Hamachi Kama,3,Sam,Dine-In,54.0
100436,2025-01-26 11:30:00,8,Matcha Cheesecake,3,Alex,Dine-In,21.0
101675,2025-04-15 18:43:00,30,Salmon Nigiri,1,Sam,Takeout,9.0
103300,2025-07-19 11:32:00,8,Salmon Nigiri,1,Alex,Dine-In,9.0
100366,2025-01-21 12:36:00,11,Edamame,4,Sam,Dine-In,24.0
103765,2025-08-16 19:02:00,14,Gyoza,2,Sam,Delivery,16.0
100232,2025-01-13 18:28:00,10,Spicy Tuna Roll,4,Taylor,Dine-In,44.0
105119,2025-11-06 19:52:00,15,Tempura Udon,2,Chris,Takeout,28.0
100148,2025-01-08 19:59:00,15,Dragon Roll,4,Taylor,Takeout,60.0
105285,2025-11-17 13:39:00,6,Sashimi Platter,3,Taylor,Dine-In,72.0
103089,2025-07-06 19:16:00,21,Tempura Udon,1,Jordan,Takeout,14.0
105768,2025-12-15 21:16:00,28,California Roll,1,Alex,Dine-In,8.5
103555,2025-08-04 19:10:00,18,Spicy Tuna Roll,4,Sam,Dine-In,44.0
100408,2025-01-24 17:38:00,13,Spicy Tuna Roll,1,Jordan,Dine-In,11.0
105559,2025-12-02 21:09:00,11,Tuna Nigiri,1,Sam,Delivery,10.0
103457,2025-07-28 19:19:00,5,Yellowtail Nigiri,2,Mia,Dine-In,22.0
102091,2025-05-07 20:33:00,20,Gyoza,1,Taylor,Dine-In,8.0
100087,2025-01-05 13:47:00,29,Spicy Tuna Roll,3,Chris,Delivery,33.0
103577,2025-08-06 18:51:00,20,Gyoza,2,Alex,Delivery,16.0
103272,2025-07-16 20:28:00,19,Spicy Tuna Roll,1,Sam,Takeout,11.0
100845,2025-02-21 18:06:00,13,Spicy Tuna Roll,2,Taylor,Dine-In,22.0
101032,2025-03-04 19:55:00,22,Salmon Nigiri,3,Taylor,Dine-In,27.0
104523,2025-10-01 17:36:00,1,Miso Soup,1,Chris,Dine-In,4.0
104344,2025-09-20 18:18:00,26,Spicy Tuna Roll,1,Alex,Dine-In,11.0
103879,2025-08-23 20:51:00,7,Spicy Tuna Roll,1,Taylor,Dine-In,11.0
102988,2025-07-01 18:01:00,13,Miso Soup,4,Jordan,Dine-In,16.0
105598,2025-12-04 20:21:00,21,Sashimi Platter,1,Alex,Takeout,24.0
102629,2025-06-09 21:17:00,23,Gyoza,2,Taylor,Takeout,16.0
104906,2025-10-25 17:25:00,6,Tempura Udon,3,Taylor,Delivery,42.0
104787,2025-10-17 17:05:00,27,Salmon Nigiri,2,Alex,Dine-In,18.0
100856,2025-02-22 17:16:00,30,Yellowtail Nigiri,1,Chris,Takeout,11.0
103004,2025-07-02 19:46:00,1,Gyoza,1,Mia,Takeout,8.0
100079,2025-01-04 21:14:00,22,Chicken Teriyaki,1,Sam,Takeout,16.0
102993,2025-07-01 21:15:00,14,Miso Soup,1,Chris,Dine-In,4.0
102248,2025-05-17 11:58:00,21,Salmon Roll,2,Mia,Takeout,21.0
104083,2025-09-04 20:44:00,1,Dragon Roll,1,Jordan,Dine-In,15.0
105496,2025-11-29 19:20:00,9,Tempura Udon,4,Taylor,Delivery,56.0
105808,2025-12-18 17:03:00,18,Spicy Tuna Roll,1,Jordan,Delivery,11.0
100759,2025-02-15 21:30:00,17,Tuna Nigiri,4,Jordan,Dine-In,40.0
104122,2025-09-07 11:35:00,27,Miso Soup,2,Mia,Dine-In,8.0
103356,2025-07-22 18:50:00,12,Salmon Nigiri,4,Jordan,Dine-In,36.0
100789,2025-02-17 19:13:00,10,Miso Soup,2,Jordan,Dine-In,8.0
102280,2025-05-19 18:14:00,7,Spicy Tuna Roll,4,Alex,Dine-In,44.0
103698,2025-08-12 20:27:00,15,Dragon Roll,1,Sam,Dine-In,15.0
105235,2025-11-13 18:34:00,24,Spicy Tuna Roll,2,Jordan,Dine-In,22.0
104994,2025-10-30 13:59:00,21,Gyoza,2,Jordan,Dine-In,16.0
104790,2025-10-17 17:48:00,26,Yellowtail Nigiri,2,Sam,Takeout,22.0
103632,2025-08-09 18:52:00,24,Spicy Tuna Roll,1,Chris,Dine-In,11.0
104501,2025-09-29 17:49:00,26,Spicy Tuna Roll,1,Jordan,Dine-In,11.0
103780,2025-08-17 17:14:00,8,California Roll,3,Taylor,Dine-In,25.5
102177,2025-05-12 19:43:00,17,California Roll,3,Sam,Delivery,25.5
100425,2025-01-25 14:05:00,1,Yellowtail Nigiri,4,Chris,Dine-In,44.0
100393,2025-01-23 19:10:00,15,California Roll,2,Alex,Dine-In,17.0
105892,2025-12-25 11:44:00,16,Edamame,2,Mia,Dine-In,12.0
105687,2025-12-10 19:54:00,14,Edamame,3,Chris,Takeout,18.0
102240,2025-05-16 19:53:00,29,Salmon Roll,1,Taylor,Takeout,10.5
100105,2025-01-06 19:11:00,26,Salmon Nigiri,2,Alex,Dine-In,18.0
102673,2025-06-12 17:38:00,24,Tempura Udon,2,Alex,Takeout,28.0
105506,2025-11-30 13:17:00,14,Tuna Nigiri,3,Alex,Dine-In,30.0
103667,2025-08-11 17:39:00,12,Spicy Tuna Roll,3,Mia,Dine-In,33.0
102069,2025-05-06 18:58:00,4,Dragon Roll,2,Sam,Dine-In,30.0
104478,2025-09-28 12:29:00,27,Tuna Nigiri,1,Taylor,Takeout,10.0
103494,2025-07-31 13:01:00,18,Salmon Roll,1,Jordan,Dine-In,10.5
101949,2025-04-29 21:14:00,27,Tuna Nigiri,4,Alex,Dine-In,40.0
101460,2025-04-01 21:25:00,28,Salmon Roll,1,Sam,Takeout,10.5
101769,2025-04-20 18:21:00,20,California Roll,1,Alex,Takeout,8.5
103299,2025-07-18 21:25:00,2,Miso Soup,1,Jordan,Dine-In,4.0
105196,2025-11-11 13:31:00,3,Tuna Nigiri,3,Chris,Dine-In,30.0
105431,2025-11-25 21:04:00,5,Tempura Udon,3,Alex,Delivery,42.0
105764,2025-12-15 19:52:00,29,Matcha Cheesecake,2,Alex,Dine-In,14.0
101588,2025-04-10 12:55:00,15,California Roll,3,Jordan,Delivery,25.5
104656,2025-10-09 18:00:00,7,Matcha Cheesecake,3,Mia,Takeout,21.0
101732,2025-04-18 11:50:00,6,Yellowtail Nigiri,1,Mia,Dine-In,11.0
105281,2025-11-16 21:27:00,23,Miso Soup,1,Mia,Takeout,4.0
100183,2025-01-11 12:04:00,16,Dragon Roll,1,Mia,Dine-In,15.0
101792,2025-04-21 20:53:00,12,Salmon Roll,1,Alex,Dine-In,10.5
102356,2025-05-25 18:45:00,10,Salmon Roll,2,Sam,Dine-In,21.0
101941,2025-04-29 18:56:00,10,Chicken Teriyaki,1,Chris,Dine-In,16.0
100703,2025-02-13 12:25:00,17,Miso Soup,4,Taylor,Takeout,16.0
102443,2025-05-30 18:26:00,1,California Roll,3,Taylor,Dine-In,25.5
105791,2025-12-17 17:48:00,3,California Roll,2,Mia,Takeout,17.0
100497,2025-01-29 21:04:00,2,Spicy Tuna Roll,3,Jordan,Takeout,33.0
104680,2025-10-11 18:11:00,2,Spicy Tuna Roll,1,Mia,Dine-In,11.0
100465,2025-01-28 14:10:00,27,Spicy Tuna Roll,1,Jordan,Delivery,11.0
105575,2025-12-03 20:06:00,25,Salmon Roll,1,Mia,Dine-In,10.5
105201,2025-11-11 18:04:00,16,Spicy Tuna Roll,1,Taylor,Dine-In,11.0
100173,2025-01-10 18:07:00,5,California Roll,4,Mia,Dine-In,34.0
102021,2025-05-04 11:56:00,12,Dragon Roll,2,Sam,Dine-In,30.0
105773,2025-12-16 18:04:00,29,Hamachi Kama,2,Jordan,Dine-In,36.0
105359,2025-11-22 12:27:00,24,Edamame,3,Taylor,Takeout,18.0
102541,2025-06-04 20:21:00,2,Sashimi Platter,4,Jordan,Takeout,96.0
105973,2025-12-30 17:23:00,23,Salmon Roll,1,Taylor,Takeout,10.5
102010,2025-05-03 14:00:00,7,Edamame,3,Jordan,Takeout,18.0
102261,2025-05-18 11:51:00,15,Gyoza,4,Sam,Delivery,32.0
103085,2025-07-06 17:38:00,12,Gyoza,1,Alex,Takeout,8.0
102113,2025-05-09 12:54:00,23,Gyoza,4,Jordan,Dine-In,32.0
100901,2025-02-25 17:15:00,4,Salmon Nigiri,2,Chris,Delivery,18.0
101447,2025-04-01 11:36:00,10,Chicken Teriyaki,1,Chris,Dine-In,16.0
101912,2025-04-27 20:36:00,7,Spicy Tuna Roll,1,Mia,Takeout,11.0
103543,2025-08-04 11:47:00,1,California Roll,3,Mia,Dine-In,25.5
102698,2025-06-14 18:05:00,15,Miso Soup,1,Taylor,Dine-In,4.0
104040,2025-09-02 13:26:00,14,Spicy Tuna Roll,1,Sam,Dine-In,11.0
103663,2025-08-11 12:28:00,19,Spicy Tuna Roll,2,Jordan,Takeout,22.0
100742,2025-02-14 21:25:00,3,Tuna Nigiri,1,Jordan,Takeout,10.0
102294,2025-05-20 17:31:00,23,Tempura Udon,1,Mia,Dine-In,14.0
102453,2025-05-31 11:41:00,3,California Roll,4,Taylor,Dine-In,34.0
103729,2025-08-14 19:02:00,28,Miso Soup,4,Alex,Dine-In,16.0
104914,2025-10-25 20:31:00,8,Tuna Nigiri,4,Alex,Dine-In,40.0
101207,2025-03-16 20:19:00,15,Chicken Teriyaki,1,Alex,Dine-In,16.0
100510,2025-01-31 17:30:00,30,Salmon Roll,3,Alex,Takeout,31.5
104989,2025-10-29 20:17:00,28,Salmon Nigiri,2,Taylor,Dine-In,18.0
104036,2025-09-01 20:14:00,29,California Roll,2,Mia,Dine-In,17.0
103993,2025-08-30 17:20:00,19,Miso Soup,1,Jordan,Takeout,4.0
105452,2025-11-26 21:25:00,7,Chicken Teriyaki,2,Sam,Dine-In,32.0
101550,2025-04-07 19:07:00,9,Miso Soup,1,Sam,Dine-In,4.0
103030,2025-07-03 21:03:00,19,Tempura Udon,2,Chris,Takeout,28.0
104538,2025-10-02 12:52:00,6,Edamame,1,Jordan,Dine-In,6.0
102203,2025-05-14 17:03:00,17,Hamachi Kama,1,Mia,Delivery,18.0
102567,2025-06-06 17:42:00,26,Edamame,1,Alex,Takeout,6.0
105124,2025-11-07 17:38:00,4,Edamame,1,Chris,Dine-In,6.0
102045,2025-05-05 18:23:00,18,Dragon Roll,1,Taylor,Dine-In,15.0
100768,2025-02-16 18:54:00,8,Edamame,2,Chris,Delivery,12.0
105872,2025-12-23 20:16:00,11,Yellowtail Nigiri,1,Chris,Dine-In,11.0
103700,2025-08-12 20:41:00,23,Miso Soup,1,Jordan,Dine-In,4.0
101509,2025-04-04 21:17:00,28,Tuna Nigiri,1,Jordan,Dine-In,10.0
103135,2025-07-09 13:26:00,10,Salmon Nigiri,1,Alex,Delivery,9.0
105858,2025-12-22 20:17:00,17,California Roll,1,Mia,Takeout,8.5
100422,2025-01-25 12:58:00,5,Tempura Udon,1,Chris,Takeout,14.0
100124,2025-01-07 19:04:00,27,Spicy Tuna Roll,1,Jordan,Dine-In,11.0
104997,2025-10-30 17:38:00,28,Matcha Cheesecake,1,Jordan,Dine-In,7.0
105245,2025-11-14 13:24:00,2,Tuna Nigiri,1,Sam,Dine-In,10.0
103293,2025-07-18 18:41:00,17,Edamame,1,Jordan,Takeout,6.0
100820,2025-02-19 21:28:00,18,California Roll,3,Taylor,Dine-In,25.5
101404,2025-03-29 13:32:00,24,Dragon Roll,1,Alex,Delivery,15.0
101383,2025-03-28 17:02:00,1,Edamame,1,Jordan,Takeout,6.0
102149,2025-05-10 20:37:00,15,California Roll,3,Mia,Dine-In,25.5
105061,2025-11-02 19:41:00,21,Miso Soup,2,Chris,Takeout,8.0
101576,2025-04-09 14:07:00,8,Spicy Tuna Roll,2,Jordan,Dine-In,22.0
101639,2025-04-13 19:51:00,13,Salmon Nigiri,1,Jordan,Dine-In,9.0
101796,2025-04-22 12:41:00,28,Gyoza,2,Alex,Takeout,16.0
103332,2025-07-21 14:05:00,25,Tuna Nigiri,2,Mia,Takeout,20.0
105794,2025-12-17 19:42:00,9,Edamame,1,Sam,Dine-In,6.0
105357,2025-11-22 11:48:00,3,Salmon Nigiri,4,Jordan,Takeout,36.0
100400,2025-01-23 21:06:00,9,Salmon Nigiri,4,Mia,Dine-In,36.0
103152,2025-07-10 17:48:00,24,California Roll,4,Mia,Dine-In,34.0
102311,2025-05-21 17:54:00,4,Spicy Tuna Roll,1,Jordan,Dine-In,11.0
100883,2025-02-24 13:47:00,7,Edamame,1,Alex,Dine-In,6.0
103566,2025-08-05 19:57:00,14,Tuna Nigiri,1,Chris,Dine-In,10.0
105990,2025-12-31 14:20:00,23,Yellowtail Nigiri,1,Mia,Dine-In,11.0
101180,2025-03-14 19:08:00,10,Gyoza,2,Jordan,Dine-In,16.0
101353,2025-03-26 18:12:00,18,Spicy Tuna Roll,2,Jordan,Delivery,22.0
104016,2025-08-31 18:27:00,24,Tuna Nigiri,2,Mia,Dine-In,20.0
105476,2025-11-28 20:59:00,22,Tuna Nigiri,4,Sam,Delivery,40.0
102131,2025-05-10 12:51:00,12,Spicy Tuna Roll,4,Taylor,Dine-In,44.0
100983,2025-03-01 20:35:00,2,Tuna Nigiri,1,Jordan,Dine-In,10.0
100457,2025-01-27 18:50:00,5,California Roll,1,Mia,Dine-In,8.5
101487,2025-04-03 17:50:00,16,Tuna Nigiri,1,Jordan,Takeout,10.0
101080,2025-03-07 20:34:00,17,Miso Soup,3,Chris,Takeout,12.0
101951,2025-04-30 12:52:00,19,California Roll,1,Jordan,Takeout,8.5
105175,2025-11-10 12:55:00,15,Matcha Cheesecake,1,Taylor,Dine-In,7.0
100690,2025-02-12 17:40:00,19,Tuna Nigiri,1,Jordan,Dine-In,10.0
102430,2025-05-29 20:31:00,5,Spicy Tuna Roll,3,Jordan,Takeout,33.0
100642,2025-02-09 18:20:00,25,Edamame,1,Taylor,Takeout,6.0
102393,2025-05-27 19:50:00,7,Edamame,1,Mia,Dine-In,6.0
102826,2025-06-22 13:40:00,30,Chicken Teriyaki,2,Chris,Dine-In,32.0
101954,2025-04-30 17:00:00,22,Dragon Roll,3,Mia,Dine-In,45.0
103539,2025-08-03 20:46:00,12,Spicy Tuna Roll,2,Jordan,Dine-In,22.0
105509,2025-11-30 14:01:00,26,Dragon Roll,4,Taylor,Takeout,60.0
103059,2025-07-05 17:30:00,28,California Roll,4,Jordan,Takeout,34.0
103940,2025-08-27 13:13:00,1,California Roll,1,Alex,Delivery,8.5
104506,2025-09-29 18:21:00,1,Salmon Nigiri,3,Jordan,Dine-In,27.0
102711,2025-06-15 18:58:00,19,Tempura Udon,1,Taylor,Dine-In,14.0
101084,2025-03-07 21:06:00,21,Matcha Cheesecake,2,Mia,Delivery,14.0
104463,2025-09-26 21:28:00,23,Chicken Teriyaki,1,Sam,Dine-In,16.0
105737,2025-12-14 17:19:00,4,Salmon Nigiri,1,Mia,Takeout,9.0
105469,2025-11-28 18:30:00,26,Gyoza,4,Taylor,Delivery,32.0
101885,2025-04-26 14:29:00,28,Edamame,1,Alex,Takeout,6.0
104874,2025-10-23 18:36:00,28,Salmon Nigiri,3,Taylor,Dine-In,27.0
100390,2025-01-23 17:15:00,11,Dragon Roll,1,Mia,Takeout,15.0
102495,2025-06-02 19:44:00,13,Sashimi Platter,1,Mia,Dine-In,24.0
101852,2025-04-24 20:32:00,4,California Roll,3,Jordan,Takeout,25.5
103037,2025-07-04 14:19:00,28,Miso Soup,1,Chris,Dine-In,4.0
105383,2025-11-23 12:03:00,27,Salmon Nigiri,3,Jordan,Dine-In,27.0
103604,2025-08-07 20:20:00,16,Spicy Tuna Roll,2,Alex,Takeout,22.0
100846,2025-02-21 18:11:00,16,Dragon Roll,3,Sam,Takeout,45.0
100543,2025-02-02 18:52:00,15,Salmon Nigiri,2,Chris,Takeout,18.0
103725,2025-08-14 17:26:00,9,California Roll,1,Chris,Dine-In,8.5
100092,2025-01-05 19:50:00,9,Tuna Nigiri,4,Chris,Delivery,40.0
103680,2025-08-12 12:33:00,25,Salmon Nigiri,3,Mia,Dine-In,27.0
105663,2025-12-09 14:27:00,22,Dragon Roll,2,Mia,Dine-In,30.0
104271,2025-09-15 21:21:00,11,Tuna Nigiri,2,Jordan,Dine-In,20.0
101980,2025-05-01 19:54:00,4,Dragon Roll,1,Jordan,Dine-In,15.0
103245,2025-07-15 17:07:00,6,Gyoza,1,Sam,Dine-In,8.0
104003,2025-08-30 19:31:00,5,Salmon Roll,2,Taylor,Dine-In,21.0
103151,2025-07-10 17:41:00,26,Spicy Tuna Roll,1,Jordan,Dine-In,11.0
105010,2025-10-31 11:41:00,26,Gyoza,4,Sam,Dine-In,32.0
104119,2025-09-06 20:36:00,10,California Roll,2,Taylor,Dine-In,17.0
104376,2025-09-22 17:21:00,5,Tempura Udon,1,Chris,Dine-In,14.0
102965,2025-06-30 17:13:00,23,Gyoza,1,Alex,Takeout,8.0
103464,2025-07-29 17:21:00,4,Tempura Udon,2,Taylor,Dine-In,28.0
102530,2025-06-04 17:42:00,15,Salmon Roll,3,Alex,Dine-In,31.5
104123,2025-09-07 11:36:00,17,Dragon Roll,1,Chris,Dine-In,15.0
101677,2025-04-15 19:35:00,29,Edamame,1,Taylor,Dine-In,6.0
101049,2025-03-05 14:23:00,14,Salmon Roll,2,Taylor,Dine-In,21.0
102950,2025-06-29 19:41:00,18,Spicy Tuna Roll,2,Sam,Dine-In,22.0
101961,2025-04-30 18:29:00,26,Salmon Nigiri,1,Chris,Takeout,9.0
102531,2025-06-04 18:04:00,24,California Roll,2,Jordan,Takeout,17.0
104920,2025-10-26 13:20:00,6,Salmon Nigiri,1,Mia,Takeout,9.0
104450,2025-09-26 11:45:00,23,Spicy Tuna Roll,3,Chris,Dine-In,33.0
100238,2025-01-14 12:15:00,13,Dragon Roll,2,Sam,Delivery,30.0
104164,2025-09-09 17:53:00,17,Salmon Nigiri,2,Jordan,Dine-In,18.0
104540,2025-10-02 14:03:00,5,California Roll,2,Taylor,Dine-In,17.0
101134,2025-03-12 14:16:00,5,Yellowtail Nigiri,2,Jordan,Dine-In,22.0
102881,2025-06-25 19:17:00,2,Spicy Tuna Roll,3,Mia,Takeout,33.0
101806,2025-04-22 19:07:00,7,Gyoza,3,Chris,Dine-In,24.0
104975,2025-10-28 21:23:00,20,Tempura Udon,1,Chris,Dine-In,14.0
100164,2025-01-09 20:37:00,14,Tuna Nigiri,3,Sam,Takeout,30.0
105239,2025-11-13 20:03:00,12,Tuna Nigiri,2,Jordan,Delivery,20.0
105727,2025-12-13 18:05:00,29,Miso Soup,1,Sam,Takeout,4.0
105669,2025-12-09 20:46:00,28,Sashimi Platter,3,Sam,Delivery,72.0
104443,2025-09-25 19:52:00,20,Edamame,1,Sam,Takeout,6.0
104513,2025-09-30 19:12:00,10,Chicken Teriyaki,1,Mia,Dine-In,16.0
104341,2025-09-20 18:08:00,28,Gyoza,1,Chris,Delivery,8.0
100266,2025-01-15 19:51:00,28,Tuna Nigiri,1,Mia,Dine-In,10.0
102002,2025-05-02 20:05:00,16,Gyoza,1,Taylor,Dine-In,8.0
101812,2025-04-22 19:44:00,26,Salmon Roll,1,Mia,Dine-In,10.5
103278,2025-07-17 17:56:00,25,Edamame,1,Jordan,Dine-In,6.0
103871,2025-08-23 12:15:00,13,Chicken Teriyaki,2,Sam,Takeout,32.0
102979,2025-06-30 20:43:00,29,Spicy Tuna Roll,3,Jordan,Dine-In,33.0
104275,2025-09-16 13:29:00,10,Miso Soup,2,Alex,Dine-In,8.0
102907,2025-06-26 20:39:00,25,California Roll,1,Taylor,Dine-In,8.5
104305,2025-09-18 13:01:00,30,California Roll,4,Sam,Takeout,34.0
105518,2025-11-30 20:22:00,9,California Roll,1,Jordan,Dine-In,8.5
101429,2025-03-30 19:22:00,30,Spicy Tuna Roll,2,Chris,Dine-In,22.0
100399,2025-01-23 20:58:00,12,Salmon Nigiri,3,Sam,Takeout,27.0
103989,2025-08-30 12:54:00,15,Salmon Nigiri,2,Mia,Dine-In,18.0
105022,2025-10-31 18:02:00,26,Tempura Udon,1,Sam,Takeout,14.0
100948,2025-02-27 21:24:00,16,Gyoza,1,Sam,Dine-In,8.0
103079,2025-07-06 14:02:00,10,Sashimi Platter,1,Taylor,Dine-In,24.0
103139,2025-07-09 17:59:00,25,Gyoza,2,Chris,Takeout,16.0
105368,2025-11-22 17:56:00,7,Dragon Roll,1,Chris,Takeout,15.0
104940,2025-10-27 13:40:00,5,Spicy Tuna Roll,1,Mia,Dine-In,11.0
105594,2025-12-04 18:07:00,2,Yellowtail Nigiri,2,Jordan,Delivery,22.0
105165,2025-11-09 18:33:00,10,Spicy Tuna Roll,4,Jordan,Dine-In,44.0
103230,2025-07-14 19:17:00,24,Yellowtail Nigiri,2,Jordan,Takeout,22.0
104020,2025-08-31 20:47:00,12,Tuna Nigiri,1,Taylor,Dine-In,10.0
101453,2025-04-01 13:55:00,14,Dragon Roll,2,Alex,Dine-In,30.0
100594,2025-02-06 12:08:00,25,Sashimi Platter,3,Alex,Takeout,72.0
102726,2025-06-16 18:05:00,23,Spicy Tuna Roll,3,Taylor,Takeout,33.0
100042,2025-01-03 12:25:00,5,Miso Soup,4,Alex,Delivery,16.0
100561,2025-02-04 17:13:00,8,Salmon Nigiri,1,Taylor,Dine-In,9.0
104848,2025-10-21 19:33:00,2,Edamame,1,Jordan,Dine-In,6.0
104138,2025-09-07 20:39:00,23,Salmon Nigiri,3,Chris,Dine-In,27.0
100490,2025-01-29 18:57:00,5,Edamame,4,Chris,Dine-In,24.0
100244,2025-01-14 14:18:00,3,Tuna Nigiri,4,Sam,Dine-In,40.0
103173,2025-07-11 19:02:00,14,California Roll,3,Chris,Dine-In,25.5
101340,2025-03-25 19:20:00,22,Dragon Roll,1,Sam,Takeout,15.0
103961,2025-08-28 17:47:00,29,Spicy Tuna Roll,2,Taylor,Dine-In,22.0
100406,2025-01-24 14:17:00,23,Spicy Tuna Roll,1,Mia,Takeout,11.0
101443,2025-03-31 19:42:00,2,Salmon Roll,1,Sam,Dine-In,10.5
100262,2025-01-15 18:13:00,26,Edamame,3,Alex,Takeout,18.0
103937,2025-08-27 12:44:00,10,Spicy Tuna Roll,4,Mia,Dine-In,44.0
103538,2025-08-03 20:21:00,19,Tempura Udon,1,Alex,Dine-In,14.0
105489,2025-11-29 17:25:00,13,Miso Soup,4,Alex,Takeout,16.0
101690,2025-04-16 14:19:00,17,Spicy Tuna Roll,2,Jordan,Takeout,22.0
103479,2025-07-30 13:14:00,4,Salmon Nigiri,2,Chris,Dine-In,18.0
101726,2025-04-17 19:20:00,4,California Roll,4,Mia,Takeout,34.0
101204,2025-03-16 18:50:00,17,California Roll,4,Chris,Dine-In,34.0
100835,2025-02-20 20:03:00,1,Miso Soup,3,Chris,Takeout,12.0
101867,2025-04-25 18:49:00,9,Edamame,1,Sam,Takeout,6.0
102497,2025-06-02 19:48:00,16,Dragon Roll,4,Alex,Dine-In,60.0
103017,2025-07-03 18:30:00,8,Dragon Roll,1,Chris,Takeout,15.0
104527,2025-10-01 18:53:00,24,Miso Soup,2,Alex,Dine-In,8.0
102011,2025-05-03 14:28:00,8,Chicken Teriyaki,1,Alex,Dine-In,16.0
103956,2025-08-28 13:35:00,21,Edamame,2,Sam,Takeout,12.0
100341,2025-01-19 17:58:00,9,Salmon Nigiri,1,Chris,Dine-In,9.0
105395,2025-11-23 19:13:00,14,Spicy Tuna Roll,4,Jordan,Dine-In,44.0
101602,2025-04-11 11:54:00,29,Gyoza,2,Mia,Dine-In,16.0
102797,2025-06-20 14:28:00,12,Miso Soup,1,Alex,Dine-In,4.0
104866,2025-10-22 21:12:00,14,Edamame,1,Chris,Dine-In,6.0
105652,2025-12-08 20:00:00,21,Salmon Nigiri,2,Sam,Dine-In,18.0
100481,2025-01-29 14:21:00,22,Yellowtail Nigiri,1,Jordan,Delivery,11.0
103876,2025-08-23 17:47:00,1,Miso Soup,4,Taylor,Dine-In,16.0
103726,2025-08-14 18:39:00,25,Spicy Tuna Roll,2,Chris,Takeout,22.0
104026,2025-09-01 17:36:00,28,California Roll,2,Alex,Dine-In,17.0
102786,2025-06-19 20:18:00,16,Edamame,2,Jordan,Dine-In,12.0
101524,2025-04-06 11:44:00,14,California Roll,1,Alex,Dine-In,8.5
103622,2025-08-08 21:09:00,12,Edamame,1,Jordan,Dine-In,6.0
104482,2025-09-28 13:32:00,24,Salmon Nigiri,1,Taylor,Takeout,9.0
105340,2025-11-20 18:56:00,22,Miso Soup,3,Chris,Takeout,12.0
105581,2025-12-03 20:38:00,16,Spicy Tuna Roll,1,Taylor,Dine-In,11.0
105666,2025-12-09 20:05:00,15,Chicken Teriyaki,4,Jordan,Dine-In,64.0
100800,2025-02-18 17:45:00,2,Dragon Roll,1,Sam,Dine-In,15.0
101767,2025-04-20 17:23:00,21,California Roll,1,Sam,Dine-In,8.5
105384,2025-11-23 12:30:00,24,Salmon Nigiri,1,Jordan,Dine-In,9.0
103026,2025-07-03 20:10:00,12,Miso Soup,1,Chris,Dine-In,4.0
102454,2025-05-31 12:17:00,11,Edamame,4,Jordan,Dine-In,24.0
104359,2025-09-21 12:53:00,24,Salmon Roll,2,Taylor,Dine-In,21.0
104756,2025-10-15 13:03:00,8,California Roll,1,Sam,Takeout,8.5
104872,2025-10-23 17:18:00,19,Dragon Roll,1,Taylor,Dine-In,15.0
103705,2025-08-13 11:41:00,24,Tempura Udon,1,Chris,Delivery,14.0
105783,2025-12-16 20:45:00,2,Dragon Roll,1,Jordan,Delivery,15.0
100364,2025-01-20 20:55:00,30,Salmon Nigiri,3,Alex,Dine-In,27.0
101272,2025-03-21 13:06:00,20,Gyoza,2,Taylor,Dine-In,16.0
102004,2025-05-03 11:53:00,3,Yellowtail Nigiri,4,Mia,Dine-In,44.0
105415,2025-11-25 11:38:00,5,Yellowtail Nigiri,1,Taylor,Dine-In,11.0
104260,2025-09-15 12:57:00,29,Sashimi Platter,2,Alex,Takeout,48.0
105645,2025-12-08 13:09:00,1,Gyoza,2,Alex,Dine-In,16.0
105730,2025-12-13 19:15:00,6,Tuna Nigiri,3,Alex,Dine-In,30.0
100348,2025-01-19 19:39:00,15,Sashimi Platter,1,Jordan,Delivery,24.0
103351,2025-07-22 17:27:00,25,Matcha Cheesecake,3,Sam,Takeout,21.0
104797,2025-10-17 21:11:00,15,Dragon Roll,2,Jordan,Dine-In,30.0
103614,2025-08-08 17:39:00,14,Salmon Nigiri,2,Sam,Dine-In,18.0
102563,2025-06-06 11:57:00,23,Edamame,3,Chris,Dine-In,18.0
103028,2025-07-03 20:43:00,30,Salmon Nigiri,1,Sam,Takeout,9.0
104195,2025-09-11 12:18:00,16,Salmon Nigiri,1,Chris,Dine-In,9.0
105519,2025-11-30 21:02:00,10,Tuna Nigiri,1,Sam,Takeout,10.0
101424,2025-03-30 18:32:00,22,Miso Soup,1,Taylor,Takeout,4.0
100657,2025-02-10 17:38:00,7,California Roll,1,Mia,Delivery,8.5
103084,2025-07-06 17:24:00,8,Gyoza,1,Alex,Dine-In,8.0
105545,2025-12-02 14:21:00,20,Yellowtail Nigiri,4,Sam,Takeout,44.0
102103,2025-05-08 18:41:00,13,Edamame,1,Jordan,Dine-In,6.0
100633,2025-02-08 20:20:00,6,California Roll,4,Chris,Dine-In,34.0
104877,2025-10-23 18:58:00,6,Chicken Teriyaki,1,Sam,Delivery,16.0
102494,2025-06-02 19:42:00,21,California Roll,1,Alex,Dine-In,8.5
102666,2025-06-12 11:46:00,29,Salmon Nigiri,2,Chris,Dine-In,18.0
104353,2025-09-20 20:42:00,7,Gyoza,1,Sam,Dine-In,8.0
105987,2025-12-30 21:16:00,29,California Roll,4,Mia,Dine-In,34.0
104418,2025-09-24 13:35:00,28,Dragon Roll,1,Alex,Dine-In,15.0
104773,2025-10-16 19:10:00,29,Spicy Tuna Roll,3,Sam,Takeout,33.0
102335,2025-05-23 20:50:00,23,Spicy Tuna Roll,2,Sam,Dine-In,22.0
103549,2025-08-04 17:24:00,11,Gyoza,2,Alex,Dine-In,16.0
104610,2025-10-06 21:24:00,25,California Roll,2,Mia,Dine-In,17.0
102501,2025-06-03 17:16:00,18,Edamame,2,Alex,Dine-In,12.0
103620,2025-08-08 20:50:00,22,Miso Soup,1,Alex,Dine-In,4.0
101466,2025-04-02 13:31:00,23,Spicy Tuna Roll,1,Chris,Dine-In,11.0
103965,2025-08-28 19:08:00,13,Edamame,4,Jordan,Takeout,24.0
104039,2025-09-02 13:00:00,15,Tuna Nigiri,1,Taylor,Dine-In,10.0
104863,2025-10-22 19:38:00,27,Salmon Roll,4,Mia,Takeout,42.0
100116,2025-01-07 17:10:00,9,Spicy Tuna Roll,1,Taylor,Delivery,11.0
101822,2025-04-23 17:06:00,29,Yellowtail Nigiri,2,Chris,Dine-In,22.0
101495,2025-04-04 12:04:00,5,Salmon Roll,1,Chris,Dine-In,10.5
102402,2025-05-28 17:04:00,12,Tuna Nigiri,2,Taylor,Delivery,20.0
103875,2025-08-23 17:14:00,7,Matcha Cheesecake,4,Jordan,Dine-In,28.0
101233,2025-03-18 19:15:00,2,Salmon Nigiri,1,Chris,Takeout,9.0
102662,2025-06-11 19:44:00,28,Chicken Teriyaki,1,Alex,Dine-In,16.0
102818,2025-06-21 20:04:00,28,California Roll,4,Jordan,Dine-In,34.0
104094,2025-09-05 19:26:00,9,Sashimi Platter,1,Sam,Dine-In,24.0
105499,2025-11-29 19:51:00,8,Spicy Tuna Roll,2,Jordan,Delivery,22.0
101154,2025-03-13 14:00:00,19,Tuna Nigiri,2,Alex,Dine-In,20.0
103910,2025-08-25 17:23:00,26,Sashimi Platter,2,Jordan,Dine-In,48.0
104777,2025-10-16 19:29:00,1,Dragon Roll,2,Mia,Takeout,30.0
105346,2025-11-20 20:49:00,4,Spicy Tuna Roll,4,Sam,Dine-In,44.0
100058,2025-01-03 20:51:00,20,Spicy Tuna Roll,4,Mia,Takeout,44.0
104483,2025-09-28 13:35:00,20,Miso Soup,2,Jordan,Dine-In,8.0
103884,2025-08-24 17:17:00,14,California Roll,1,Chris,Dine-In,8.5
103062,2025-07-05 17:35:00,19,Chicken Teriyaki,1,Chris,Dine-In,16.0
105141,2025-11-08 12:20:00,14,Salmon Nigiri,2,Taylor,Dine-In,18.0
105960,2025-12-28 20:27:00,13,Gyoza,1,Mia,Takeout,8.0
101736,2025-04-18 18:47:00,1,Miso Soup,1,Chris,Delivery,4.0
105422,2025-11-25 18:20:00,30,Tuna Nigiri,2,Chris,Dine-In,20.0
102824,2025-06-22 12:44:00,24,California Roll,2,Alex,Dine-In,17.0
102197,2025-05-13 19:36:00,6,Sashimi Platter,3,Taylor,Dine-In,72.0
100160,2025-01-09 17:35:00,21,Spicy Tuna Roll,1,Sam,Dine-In,11.0
105100,2025-11-05 12:11:00,24,Yellowtail Nigiri,2,Jordan,Dine-In,22.0
102476,2025-06-01 17:57:00,28,Chicken Teriyaki,3,Sam,Takeout,48.0
102565,2025-06-06 13:01:00,15,Chicken Teriyaki,1,Taylor,Takeout,16.0
104309,2025-09-18 18:02:00,20,Salmon Roll,1,Jordan,Delivery,10.5
105066,2025-11-03 11:36:00,13,Tuna Nigiri,2,Chris,Dine-In,20.0
104154,2025-09-08 19:35:00,4,Edamame,1,Chris,Takeout,6.0
102609,2025-06-08 19:30:00,22,Matcha Cheesecake,3,Alex,Takeout,21.0
104653,2025-10-09 17:20:00,24,Tempura Udon,1,Chris,Dine-In,14.0
100708,2025-02-13 17:37:00,15,Spicy Tuna Roll,4,Chris,Dine-In,44.0
103047,2025-07-04 19:52:00,10,Miso Soup,2,Mia,Takeout,8.0
105343,2025-11-20 19:36:00,5,Dragon Roll,1,Alex,Delivery,15.0
101094,2025-03-09 12:01:00,30,Yellowtail Nigiri,1,Alex,Takeout,11.0
104591,2025-10-05 19:22:00,5,Edamame,3,Sam,Dine-In,18.0
101377,2025-03-27 21:26:00,21,Salmon Nigiri,1,Jordan,Takeout,9.0
105923,2025-12-26 20:58:00,8,Edamame,1,Alex,Dine-In,6.0
100073,2025-01-04 19:14:00,5,California Roll,4,Jordan,Dine-In,34.0
101923,2025-04-28 19:45:00,5,Salmon Roll,2,Jordan,Dine-In,21.0
104776,2025-10-16 19:22:00,11,California Roll,4,Jordan,Dine-In,34.0
104320,2025-09-19 14:08:00,27,California Roll,1,Taylor,Delivery,8.5
101765,2025-04-20 13:55:00,14,Salmon Nigiri,2,Chris,Delivery,18.0
100744,2025-02-15 12:00:00,24,Salmon Nigiri,3,Alex,Takeout,27.0
104100,2025-09-05 20:43:00,16,Yellowtail Nigiri,2,Alex,Dine-In,22.0
101006,2025-03-03 12:28:00,7,Matcha Cheesecake,2,Chris,Delivery,14.0
102669,2025-06-12 13:00:00,1,Tuna Nigiri,2,Mia,Dine-In,20.0
101191,2025-03-15 17:54:00,29,Yellowtail Nigiri,1,Chris,Dine-In,11.0
105427,2025-11-25 19:33:00,3,Matcha Cheesecake,1,Chris,Dine-In,7.0
102602,2025-06-08 13:55:00,11,Salmon Nigiri,1,Chris,Takeout,9.0
101126,2025-03-11 13:54:00,29,Tuna Nigiri,4,Sam,Dine-In,40.0
101242,2025-03-19 13:49:00,5,Matcha Cheesecake,2,Sam,Dine-In,14.0
104064,2025-09-04 13:30:00,7,Spicy Tuna Roll,2,Sam,Dine-In,22.0
105462,2025-11-28 13:27:00,30,Salmon Roll,2,Sam,Dine-In,21.0
104961,2025-10-28 14:00:00,3,Gyoza,1,Mia,Dine-In,8.0
105673,2025-12-09 21:24:00,16,Tuna Nigiri,1,Sam,Dine-In,10.0
103352,2025-07-22 17:32:00,13,Gyoza,1,Jordan,Dine-In,8.0
100999,2025-03-02 19:19:00,8,Spicy Tuna Roll,1,Mia,Dine-In,11.0
104476,2025-09-28 11:51:00,1,Salmon Roll,1,Mia,Takeout,10.5
103825,2025-08-19 19:30:00,13,Salmon Roll,3,Taylor,Dine-In,31.5
104009,2025-08-31 12:01:00,4,Yellowtail Nigiri,1,Sam,Dine-In,11.0
105647,2025-12-08 17:52:00,22,Salmon Roll,2,Mia,Delivery,21.0
102685,2025-06-13 17:19:00,8,Tuna Nigiri,2,Mia,Dine-In,20.0
101578,2025-04-09 17:02:00,3,Salmon Nigiri,1,Mia,Dine-In,9.0
103907,2025-08-25 14:22:00,27,Miso Soup,1,Chris,Dine-In,4.0
103730,2025-08-14 19:50:00,30,Edamame,1,Mia,Takeout,6.0
103669,2025-08-11 18:01:00,28,California Roll,1,Unknown,Delivery,8.5
105765,2025-12-15 20:08:00,26,Salmon Roll,4,Jordan,Dine-In,42.0
101827,2025-04-23 20:06:00,28,Tempura Udon,4,Alex,Takeout,56.0
101344,2025-03-25 20:24:00,16,Chicken Teriyaki,4,Mia,Takeout,64.0
105232,2025-11-13 17:32:00,11,Gyoza,1,Chris,Dine-In,8.0
104968,2025-10-28 18:28:00,25,Gyoza,2,Taylor,Dine-In,16.0
100441,2025-01-26 18:09:00,7,Tuna Nigiri,1,Alex,Takeout,10.0
105966,2025-12-29 18:32:00,26,Salmon Nigiri,3,Chris,Dine-In,27.0
101101,2025-03-09 18:32:00,30,California Roll,1,Sam,Dine-In,8.5
102638,2025-06-10 17:08:00,12,Edamame,2,Jordan,Dine-In,12.0
104232,2025-09-13 17:36:00,19,Salmon Nigiri,1,Taylor,Dine-In,9.0
100650,2025-02-09 21:14:00,24,Tuna Nigiri,1,Mia,Dine-In,10.0
101547,2025-04-07 17:58:00,7,Yellowtail Nigiri,4,Sam,Dine-In,44.0
103232,2025-07-14 19:39:00,8,Spicy Tuna Roll,1,Jordan,Dine-In,11.0
104505,2025-09-29 18:14:00,26,Chicken Teriyaki,3,Alex,Delivery,48.0
105542,2025-12-02 11:52:00,25,Hamachi Kama,2,Mia,Delivery,36.0
104590,2025-10-05 19:03:00,15,Dragon Roll,4,Taylor,Delivery,60.0
104160,2025-09-09 12:39:00,11,Edamame,3,Taylor,Dine-In,18.0
102853,2025-06-24 11:42:00,17,Yellowtail Nigiri,1,Taylor,Dine-In,11.0
103504,2025-07-31 21:23:00,15,Chicken Teriyaki,1,Taylor,Dine-In,16.0
104707,2025-10-13 11:38:00,15,California Roll,2,Sam,Delivery,17.0
100631,2025-02-08 19:38:00,29,Tuna Nigiri,2,Chris,Dine-In,20.0
100673,2025-02-11 17:00:00,6,Chicken Teriyaki,2,Sam,Dine-In,32.0
101250,2025-03-19 21:22:00,4,Tuna Nigiri,2,Alex,Dine-In,20.0
104104,2025-09-06 12:16:00,11,Spicy Tuna Roll,1,Unknown,Dine-In,11.0
100483,2025-01-29 17:27:00,9,Miso Soup,1,Taylor,Dine-In,4.0
101585,2025-04-09 20:46:00,26,Salmon Roll,1,Jordan,Dine-In,10.5
104248,2025-09-14 13:30:00,27,Edamame,3,Taylor,Takeout,18.0
105564,2025-12-03 17:11:00,19,Miso Soup,4,Taylor,Takeout,16.0
105803,2025-12-18 11:32:00,2,Spicy Tuna Roll,1,Alex,Dine-In,11.0
101463,2025-04-02 12:44:00,20,Tempura Udon,1,Mia,Takeout,14.0
103041,2025-07-04 18:15:00,28,Hamachi Kama,1,Taylor,Dine-In,18.0
104042,2025-09-02 17:12:00,7,Tuna Nigiri,4,Chris,Dine-In,40.0
104635,2025-10-08 13:41:00,29,Salmon Roll,1,Alex,Dine-In,10.5
104827,2025-10-20 17:16:00,2,Salmon Roll,4,Jordan,Takeout,42.0
104627,2025-10-07 21:24:00,18,Spicy Tuna Roll,2,Mia,Dine-In,22.0
105998,2025-12-31 20:22:00,23,California Roll,2,Chris,Dine-In,17.0
103274,2025-07-16 21:30:00,13,Yellowtail Nigiri,2,Alex,Dine-In,22.0
103239,2025-07-14 21:21:00,5,Edamame,2,Chris,Takeout,12.0
103132,2025-07-09 12:36:00,28,Tuna Nigiri,4,Chris,Takeout,40.0
103684,2025-08-12 17:01:00,2,Salmon Roll,1,Jordan,Dine-In,10.5
102579,2025-06-07 14:19:00,8,Spicy Tuna Roll,2,Alex,Dine-In,22.0
104746,2025-10-14 20:33:00,30,Salmon Roll,2,Chris,Dine-In,21.0
100050,2025-01-03 18:16:00,30,Tuna Nigiri,2,Alex,Dine-In,20.0
105142,2025-11-08 12:23:00,12,Matcha Cheesecake,1,Taylor,Delivery,7.0
104231,2025-09-13 17:35:00,28,Hamachi Kama,3,Sam,Dine-In,54.0
100859,2025-02-22 18:48:00,18,Miso Soup,3,Mia,Dine-In,12.0
103226,2025-07-14 18:12:00,15,Yellowtail Nigiri,2,Taylor,Dine-In,22.0
101073,2025-03-07 14:18:00,7,Edamame,1,Alex,Delivery,6.0
100720,2025-02-13 20:56:00,13,Salmon Nigiri,1,Jordan,Dine-In,9.0
102200,2025-05-14 12:33:00,27,Chicken Teriyaki,1,Taylor,Dine-In,16.0
102632,2025-06-10 12:53:00,10,Salmon Roll,2,Taylor,Delivery,21.0
105873,2025-12-23 20:17:00,22,Gyoza,2,Taylor,Dine-In,16.0
101661,2025-04-14 20:30:00,23,Salmon Roll,1,Taylor,Dine-In,10.5
101657,2025-04-14 19:22:00,2,Hamachi Kama,1,Taylor,Delivery,18.0
102426,2025-05-29 18:48:00,25,Sashimi Platter,4,Chris,Dine-In,96.0
104565,2025-10-03 19:04:00,25,Edamame,1,Alex,Takeout,6.0
105071,2025-11-03 17:48:00,21,Salmon Roll,2,Mia,Takeout,21.0
105991,2025-12-31 18:33:00,27,California Roll,1,Chris,Dine-In,8.5
104419,2025-09-24 13:43:00,11,Gyoza,3,Jordan,Dine-In,24.0
103098,2025-07-07 17:02:00,14,Tuna Nigiri,2,Mia,Takeout,20.0
103977,2025-08-29 17:59:00,19,Spicy Tuna Roll,1,Jordan,Dine-In,11.0
105387,2025-11-23 13:57:00,20,Tempura Udon,1,Mia,Dine-In,14.0
105902,2025-12-25 18:15:00,19,Edamame,1,Chris,Dine-In,6.0
105719,2025-12-12 20:33:00,3,California Roll,1,Jordan,Takeout,8.5
103190,2025-07-12 18:16:00,15,Dragon Roll,2,Jordan,Takeout,30.0
103990,2025-08-30 13:14:00,12,Salmon Nigiri,2,Sam,Dine-In,18.0
102935,2025-06-28 19:37:00,6,Salmon Nigiri,2,Sam,Dine-In,18.0
104957,2025-10-28 12:41:00,18,Tuna Nigiri,1,Sam,Takeout,10.0
104272,2025-09-16 11:39:00,7,Tuna Nigiri,2,Jordan,Dine-In,20.0
102607,2025-06-08 17:59:00,13,Yellowtail Nigiri,4,Unknown,Dine-In,44.0
101386,2025-03-28 17:24:00,22,Salmon Nigiri,3,Alex,Takeout,27.0
104769,2025-10-16 13:45:00,14,Salmon Nigiri,2,Chris,Takeout,18.0
101400,2025-03-29 12:02:00,29,Spicy Tuna Roll,1,Sam,Dine-In,11.0
101196,2025-03-16 11:35:00,16,Sashimi Platter,1,Mia,Takeout,24.0
101409,2025-03-29 18:48:00,22,Tempura Udon,1,Jordan,Delivery,14.0
101846,2025-04-24 19:18:00,21,Tempura Udon,2,Taylor,Dine-In,28.0
101799,2025-04-22 14:12:00,26,Edamame,1,Sam,Dine-In,6.0
103958,2025-08-28 14:03:00,1,Sashimi Platter,1,Mia,Dine-In,24.0
101476,2025-04-02 19:36:00,29,Spicy Tuna Roll,1,Sam,Dine-In,11.0
100036,2025-01-02 20:38:00,2,Tuna Nigiri,1,Sam,Dine-In,10.0
100445,2025-01-26 19:23:00,12,Spicy Tuna Roll,4,Alex,Dine-In,44.0
102360,2025-05-25 20:18:00,26,California Roll,3,Taylor,Takeout,25.5
103655,2025-08-10 20:15:00,17,Spicy Tuna Roll,1,Jordan,Dine-In,11.0
103180,2025-07-11 21:29:00,18,Dragon Roll,4,Jordan,Takeout,60.0
101287,2025-03-22 19:13:00,12,Salmon Nigiri,1,Alex,Dine-In,9.0
104669,2025-10-10 18:26:00,2,Salmon Nigiri,1,Sam,Dine-In,9.0
103417,2025-07-26 17:20:00,3,Hamachi Kama,1,Mia,Takeout,18.0
102138,2025-05-10 17:16:00,5,Hamachi Kama,2,Mia,Dine-In,36.0
102637,2025-06-10 14:09:00,26,Salmon Roll,1,Chris,Dine-In,10.5
104017,2025-08-31 19:20:00,19,Salmon Nigiri,2,Mia,Delivery,18.0
105820,2025-12-19 13:12:00,20,Salmon Roll,4,Sam,Delivery,42.0
101682,2025-04-15 21:08:00,3,Chicken Teriyaki,4,Sam,Takeout,64.0
104375,2025-09-22 17:06:00,13,California Roll,1,Sam,Dine-In,8.5
101693,2025-04-16 17:39:00,6,Salmon Roll,1,Chris,Takeout,10.5
104439,2025-09-25 17:40:00,7,Salmon Roll,2,Sam,Delivery,21.0
104793,2025-10-17 19:15:00,6,Edamame,1,Taylor,Dine-In,6.0
103636,2025-08-09 19:56:00,15,Salmon Roll,2,Mia,Dine-In,21.0
100373,2025-01-21 20:06:00,13,Dragon Roll,1,Jordan,Dine-In,15.0
104621,2025-10-07 19:30:00,20,Dragon Roll,1,Mia,Delivery,15.0
100141,2025-01-08 17:41:00,24,Edamame,1,Mia,Takeout,6.0
105611,2025-12-06 11:35:00,7,Miso Soup,2,Chris,Dine-In,8.0
100715,2025-02-13 20:00:00,19,Tuna Nigiri,1,Alex,Takeout,10.0
103189,2025-07-12 18:14:00,22,Chicken Teriyaki,2,Sam,Takeout,32.0
105689,2025-12-10 21:21:00,27,Tuna Nigiri,2,Chris,Dine-In,20.0
104726,2025-10-13 20:59:00,11,Spicy Tuna Roll,2,Taylor,Takeout,22.0
100407,2025-01-24 17:01:00,1,Salmon Roll,1,Sam,Takeout,10.5
100021,2025-01-02 12:26:00,10,Dragon Roll,2,Chris,Dine-In,30.0
101005,2025-03-03 12:03:00,22,Miso Soup,1,Alex,Takeout,4.0
102412,2025-05-28 21:05:00,17,Yellowtail Nigiri,1,Jordan,Takeout,11.0
102546,2025-06-04 21:11:00,24,California Roll,2,Chris,Dine-In,17.0
102391,2025-05-27 18:22:00,12,Salmon Roll,3,Chris,Dine-In,31.5
104835,2025-10-20 20:04:00,2,Spicy Tuna Roll,3,Mia,Takeout,33.0
100043,2025-01-03 12:32:00,7,Salmon Nigiri,2,Chris,Dine-In,18.0
102831,2025-06-22 17:47:00,2,California Roll,2,Alex,Dine-In,17.0
103372,2025-07-23 19:24:00,18,Spicy Tuna Roll,1,Taylor,Dine-In,11.0
103023,2025-07-03 19:57:00,2,Edamame,4,Alex,Dine-In,24.0
103365,2025-07-23 13:41:00,25,Salmon Roll,2,Jordan,Dine-In,21.0
100012,2025-01-01 19:28:00,25,Salmon Roll,1,Mia,Dine-In,10.5
101178,2025-03-14 18:52:00,11,Tempura Udon,4,Taylor,Takeout,56.0
101948,2025-04-29 21:00:00,22,Salmon Nigiri,1,Taylor,Delivery,9.0
102502,2025-06-03 17:21:00,20,California Roll,1,Sam,Takeout,8.5
102864,2025-06-24 19:23:00,25,Tempura Udon,3,Sam,Dine-In,42.0
103866,2025-08-22 20:55:00,23,California Roll,2,Chris,Dine-In,17.0
101027,2025-03-04 14:27:00,16,Tuna Nigiri,4,Chris,Dine-In,40.0
103849,2025-08-21 17:35:00,8,Matcha Cheesecake,2,Chris,Dine-In,14.0
102990,2025-07-01 18:40:00,8,Gyoza,4,Sam,Takeout,32.0
100962,2025-02-28 20:46:00,20,Edamame,2,Mia,Dine-In,12.0
102890,2025-06-26 11:41:00,8,Salmon Roll,2,Jordan,Dine-In,21.0
103016,2025-07-03 18:29:00,7,Gyoza,2,Jordan,Takeout,16.0
103339,2025-07-21 18:46:00,3,Spicy Tuna Roll,3,Mia,Dine-In,33.0
104245,2025-09-14 12:14:00,2,Spicy Tuna Roll,4,Chris,Dine-In,44.0
100736,2025-02-14 20:39:00,4,Salmon Nigiri,1,Mia,Takeout,9.0
101441,2025-03-31 18:32:00,2,Edamame,1,Mia,Delivery,6.0
102876,2025-06-25 17:07:00,24,Yellowtail Nigiri,1,Mia,Dine-In,11.0
103987,2025-08-30 12:30:00,5,Spicy Tuna Roll,3,Alex,Takeout,33.0
100917,2025-02-25 21:21:00,11,Salmon Roll,1,Mia,Dine-In,10.5
105019,2025-10-31 17:36:00,9,California Roll,1,Chris,Dine-In,8.5
104090,2025-09-05 14:05:00,13,Edamame,3,Alex,Dine-In,18.0
105562,2025-12-03 14:11:00,20,Miso Soup,2,Taylor,Dine-In,8.0
104702,2025-10-12 20:20:00,10,Spicy Tuna Roll,3,Jordan,Dine-In,33.0
102773,2025-06-19 17:13:00,3,Edamame,1,Mia,Dine-In,6.0
101625,2025-04-12 20:22:00,14,Hamachi Kama,2,Alex,Dine-In,36.0
104771,2025-10-16 17:07:00,27,Sashimi Platter,2,Alex,Dine-In,48.0
100822,2025-02-20 12:16:00,10,Chicken Teriyaki,2,Jordan,Dine-In,32.0
101368,2025-03-27 18:17:00,19,Dragon Roll,1,Sam,Dine-In,15.0
103713,2025-08-13 17:17:00,16,California Roll,2,Taylor,Takeout,17.0
105411,2025-11-24 19:12:00,1,Salmon Nigiri,2,Alex,Dine-In,18.0
100851,2025-02-21 19:22:00,8,Miso Soup,4,Jordan,Dine-In,16.0
101001,2025-03-02 20:41:00,11,Yellowtail Nigiri,1,Chris,Dine-In,11.0
104474,2025-09-27 20:57:00,18,Gyoza,3,Jordan,Takeout,24.0
104115,2025-09-06 19:02:00,10,Tuna Nigiri,2,Alex,Dine-In,20.0
101638,2025-04-13 19:39:00,27,California Roll,1,Taylor,Dine-In,8.5
101668,2025-04-15 12:29:00,23,California Roll,3,Jordan,Takeout,25.5
103174,2025-07-11 19:29:00,6,Miso Soup,1,Jordan,Takeout,4.0
104577,2025-10-04 17:03:00,29,Gyoza,3,Jordan,Dine-In,24.0
101348,2025-03-26 12:52:00,21,Salmon Roll,1,Chris,Takeout,10.5
104699,2025-10-12 19:43:00,7,Salmon Roll,2,Jordan,Delivery,21.0
103231,2025-07-14 19:27:00,21,Salmon Nigiri,1,Sam,Dine-In,9.0
104225,2025-09-13 12:47:00,9,Salmon Roll,1,Mia,Dine-In,10.5
104623,2025-10-07 19:37:00,4,Yellowtail Nigiri,3,Jordan,Dine-In,33.0
103233,2025-07-14 19:44:00,25,Tuna Nigiri,4,Chris,Dine-In,40.0
104918,2025-10-26 12:27:00,22,Tuna Nigiri,1,Jordan,Dine-In,10.0
100704,2025-02-13 13:29:00,29,Sashimi Platter,1,Sam,Dine-In,24.0
104798,2025-10-18 11:52:00,2,Chicken Teriyaki,2,Alex,Dine-In,32.0
103292,2025-07-18 17:48:00,25,Salmon Nigiri,4,Taylor,Dine-In,36.0
103674,2025-08-11 19:17:00,9,Edamame,4,Sam,Dine-In,24.0
102409,2025-05-28 20:32:00,20,Gyoza,1,Alex,Dine-In,8.0
101328,2025-03-25 12:51:00,28,Dragon Roll,2,Alex,Dine-In,30.0
105607,2025-12-05 20:07:00,9,Miso Soup,2,Alex,Dine-In,8.0
104928,2025-10-26 18:35:00,22,Tuna Nigiri,1,Taylor,Dine-In,10.0
105322,2025-11-19 18:43:00,7,Edamame,1,Mia,Dine-In,6.0
100987,2025-03-01 21:21:00,11,Sashimi Platter,1,Jordan,Dine-In,24.0
105461,2025-11-27 20:45:00,12,Matcha Cheesecake,4,Jordan,Dine-In,28.0
105813,2025-12-18 18:27:00,19,Miso Soup,2,Alex,Dine-In,8.0
105445,2025-11-26 18:24:00,23,Salmon Roll,1,Taylor,Takeout,10.5
104050,2025-09-03 17:21:00,23,Spicy Tuna Roll,4,Chris,Dine-In,44.0
103486,2025-07-30 17:31:00,24,Tuna Nigiri,1,Mia,Delivery,10.0
102475,2025-06-01 14:09:00,26,Miso Soup,1,Jordan,Dine-In,4.0
103874,2025-08-23 17:01:00,9,Dragon Roll,2,Mia,Dine-In,30.0
101199,2025-03-16 13:05:00,16,Edamame,1,Jordan,Dine-In,6.0
104182,2025-09-10 18:26:00,21,Gyoza,2,Jordan,Dine-In,16.0
101519,2025-04-05 19:24:00,15,Spicy Tuna Roll,4,Sam,Dine-In,44.0
101800,2025-04-22 14:15:00,14,Spicy Tuna Roll,2,Taylor,Takeout,22.0
101015,2025-03-03 18:01:00,28,Gyoza,1,Alex,Dine-In,8.0
100129,2025-01-07 21:08:00,24,Chicken Teriyaki,1,Alex,Dine-In,16.0
101365,2025-03-27 14:00:00,8,Salmon Nigiri,1,Jordan,Dine-In,9.0
105086,2025-11-04 12:55:00,11,Gyoza,4,Jordan,Dine-In,32.0
100892,2025-02-24 20:01:00,18,Salmon Nigiri,1,Mia,Takeout,9.0
102794,2025-06-20 11:47:00,1,Miso Soup,1,Chris,Dine-In,4.0
105050,2025-11-01 19:05:00,3,Chicken Teriyaki,1,Taylor,Dine-In,16.0
105738,2025-12-14 17:30:00,11,California Roll,1,Sam,Delivery,8.5
105158,2025-11-09 13:37:00,1,Salmon Roll,2,Jordan,Takeout,21.0
103250,2025-07-15 18:01:00,1,Salmon Roll,1,Taylor,Takeout,10.5
101209,2025-03-16 20:44:00,10,Salmon Nigiri,2,Chris,Takeout,18.0
103869,2025-08-23 11:49:00,10,Miso Soup,2,Jordan,Dine-In,8.0
104066,2025-09-04 14:14:00,6,Dragon Roll,1,Alex,Takeout,15.0
105588,2025-12-04 13:49:00,18,Salmon Roll,1,Jordan,Dine-In,10.5
101240,2025-03-19 13:26:00,16,Dragon Roll,1,Mia,Dine-In,15.0
102290,2025-05-20 12:29:00,25,Miso Soup,4,Taylor,Delivery,16.0
102741,2025-06-17 12:45:00,27,Salmon Nigiri,1,Mia,Dine-In,9.0
100276,2025-01-16 13:43:00,11,Salmon Roll,1,Alex,Dine-In,10.5
101036,2025-03-04 20:42:00,17,Salmon Roll,2,Alex,Takeout,21.0
101230,2025-03-18 17:10:00,16,Tempura Udon,2,Alex,Dine-In,28.0
101009,2025-03-03 13:07:00,20,California Roll,2,Unknown,Takeout,17.0
103829,2025-08-19 21:06:00,24,Spicy Tuna Roll,1,Sam,Delivery,11.0
102533,2025-06-04 18:33:00,11,Yellowtail Nigiri,1,Alex,Dine-In,11.0
101059,2025-03-06 11:56:00,24,Spicy Tuna Roll,2,Jordan,Takeout,22.0
104467,2025-09-27 17:34:00,10,Tuna Nigiri,1,Taylor,Dine-In,10.0
100282,2025-01-16 17:36:00,11,Gyoza,1,Sam,Dine-In,8.0
101044,2025-03-05 12:19:00,29,Gyoza,1,Alex,Delivery,8.0
101317,2025-03-24 18:24:00,6,Chicken Teriyaki,2,Sam,Takeout,32.0
100969,2025-03-01 13:22:00,19,Yellowtail Nigiri,1,Jordan,Delivery,11.0
102382,2025-05-27 14:01:00,10,Spicy Tuna Roll,1,Sam,Dine-In,11.0
104804,2025-10-18 17:18:00,19,Edamame,1,Alex,Dine-In,6.0
101940,2025-04-29 18:43:00,21,Salmon Nigiri,4,Chris,Dine-In,36.0
104315,2025-09-18 21:26:00,6,Spicy Tuna Roll,3,Alex,Dine-In,33.0
101275,2025-03-21 17:17:00,14,Tuna Nigiri,4,Alex,Takeout,40.0
100620,2025-02-08 11:44:00,24,Spicy Tuna Roll,1,Mia,Takeout,11.0
104369,2025-09-21 20:34:00,23,Hamachi Kama,3,Chris,Dine-In,54.0
101743,2025-04-18 20:16:00,10,Chicken Teriyaki,1,Alex,Delivery,16.0
101391,2025-03-28 19:16:00,23,Spicy Tuna Roll,2,Sam,Dine-In,22.0
104897,2025-10-24 21:25:00,4,Salmon Roll,1,Taylor,Dine-In,10.5
101580,2025-04-09 17:18:00,26,Tuna Nigiri,1,Mia,Takeout,10.0
101656,2025-04-14 18:17:00,23,Salmon Roll,2,Chris,Dine-In,21.0
103569,2025-08-06 11:53:00,25,Tuna Nigiri,1,Mia,Takeout,10.0
102353,2025-05-25 18:24:00,3,Salmon Nigiri,2,Alex,Dine-In,18.0
102213,2025-05-15 11:53:00,17,Salmon Nigiri,3,Taylor,Dine-In,27.0
105989,2025-12-31 12:09:00,29,California Roll,2,Jordan,Dine-In,17.0
103179,2025-07-11 21:08:00,8,Tuna Nigiri,2,Mia,Dine-In,20.0
103193,2025-07-12 19:58:00,10,Salmon Roll,1,Chris,Takeout,10.5
101308,2025-03-23 21:10:00,7,Spicy Tuna Roll,1,Chris,Takeout,11.0
100576,2025-02-04 21:24:00,30,Yellowtail Nigiri,2,Jordan,Dine-In,22.0
102361,2025-05-25 20:23:00,9,California Roll,1,Chris,Dine-In,8.5
101281,2025-03-22 13:17:00,1,Chicken Teriyaki,2,Jordan,Dine-In,32.0
105697,2025-12-11 18:25:00,21,Edamame,2,Taylor,Dine-In,12.0
104978,2025-10-29 13:26:00,16,Dragon Roll,4,Sam,Dine-In,60.0
101994,2025-05-02 17:16:00,30,Dragon Roll,1,Alex,Takeout,15.0
102640,2025-06-10 18:22:00,2,Tuna Nigiri,3,Chris,Dine-In,30.0
100270,2025-01-15 21:20:00,24,Salmon Roll,1,Sam,Dine-In,10.5
100630,2025-02-08 18:41:00,8,Yellowtail Nigiri,2,Mia,Delivery,22.0
104459,2025-09-26 19:17:00,16,California Roll,1,Sam,Dine-In,8.5
103082,2025-07-06 17:08:00,8,Salmon Nigiri,1,Sam,Dine-In,9.0
103467,2025-07-29 18:52:00,17,Chicken Teriyaki,4,Mia,Dine-In,64.0
105251,2025-11-14 19:59:00,29,Spicy Tuna Roll,4,Alex,Dine-In,44.0
104024,2025-09-01 17:28:00,20,Salmon Roll,4,Alex,Takeout,42.0
102047,2025-05-05 19:43:00,11,Gyoza,1,Taylor,Dine-In,8.0
104727,2025-10-13 21:05:00,26,Gyoza,2,Chris,Dine-In,16.0
102114,2025-05-09 13:08:00,29,Miso Soup,2,Alex,Takeout,8.0
100028,2025-01-02 18:45:00,3,Miso Soup,1,Chris,Dine-In,4.0
102041,2025-05-05 13:44:00,6,Gyoza,1,Alex,Delivery,8.0
103929,2025-08-26 20:07:00,3,Spicy Tuna Roll,1,Sam,Dine-In,11.0
105442,2025-11-26 14:28:00,26,Dragon Roll,1,Jordan,Takeout,15.0
103217,2025-07-14 11:41:00,7,Spicy Tuna Roll,1,Alex,Dine-In,11.0
103815,2025-08-19 13:32:00,29,Yellowtail Nigiri,4,Taylor,Takeout,44.0
100130,2025-01-07 21:14:00,11,California Roll,1,Taylor,Dine-In,8.5
104462,2025-09-26 21:16:00,8,Gyoza,4,Jordan,Delivery,32.0
105913,2025-12-26 17:12:00,27,California Roll,2,Chris,Takeout,17.0
100014,2025-01-01 20:21:00,29,Tuna Nigiri,2,Sam,Dine-In,20.0
105159,2025-11-09 13:40:00,27,Tuna Nigiri,1,Mia,Dine-In,10.0
101526,2025-04-06 13:37:00,6,Salmon Nigiri,1,Mia,Dine-In,9.0
102366,2025-05-26 13:13:00,9,Dragon Roll,1,Taylor,Takeout,15.0
103053,2025-07-05 12:50:00,17,Miso Soup,2,Jordan,Dine-In,8.0
104006,2025-08-30 19:44:00,24,California Roll,2,Taylor,Takeout,17.0
102341,2025-05-24 17:50:00,12,Salmon Roll,3,Taylor,Dine-In,31.5
100375,2025-01-21 20:24:00,5,Dragon Roll,2,Taylor,Dine-In,30.0
104387,2025-09-22 20:57:00,10,Matcha Cheesecake,2,Taylor,Dine-In,14.0
105169,2025-11-09 20:07:00,6,Salmon Roll,4,Sam,Dine-In,42.0
100940,2025-02-27 18:00:00,24,Salmon Nigiri,4,Chris,Dine-In,36.0
105767,2025-12-15 21:15:00,27,Chicken Teriyaki,1,Jordan,Dine-In,16.0
102148,2025-05-10 20:18:00,7,Tuna Nigiri,4,Jordan,Dine-In,40.0
103592,2025-08-07 13:30:00,30,Spicy Tuna Roll,1,Chris,Dine-In,11.0
105926,2025-12-27 12:20:00,5,Miso Soup,1,Jordan,Dine-In,4.0
105058,2025-11-02 13:42:00,2,Spicy Tuna Roll,3,Taylor,Takeout,33.0
103624,2025-08-09 12:23:00,29,Yellowtail Nigiri,1,Sam,Dine-In,11.0
100530,2025-02-01 19:48:00,8,Gyoza,1,Mia,Takeout,8.0
103715,2025-08-13 17:36:00,22,Spicy Tuna Roll,4,Mia,Takeout,44.0
101270,2025-03-21 12:11:00,19,Spicy Tuna Roll,1,Jordan,Dine-In,11.0
104282,2025-09-16 17:51:00,12,Miso Soup,1,Sam,Dine-In,4.0
101395,2025-03-28 21:12:00,29,Matcha Cheesecake,2,Taylor,Dine-In,14.0
104010,2025-08-31 13:44:00,16,Miso Soup,1,Sam,Dine-In,4.0
101798,2025-04-22 13:55:00,15,Dragon Roll,1,Alex,Dine-In,15.0
102980,2025-06-30 21:08:00,1,California Roll,1,Alex,Delivery,8.5
101442,2025-03-31 18:53:00,14,Spicy Tuna Roll,1,Chris,Takeout,11.0
105748,2025-12-15 12:36:00,22,Gyoza ,4,Sam,Dine-In,32.0
105874,2025-12-23 20:18:00,18,Dragon Roll,1,Taylor,Dine-In,15.0
103812,2025-08-19 12:02:00,10,Salmon Roll,3,Chris,Dine-In,31.5
101274,2025-03-21 14:03:00,17,Salmon Roll,2,Sam,Takeout,21.0
101713,2025-04-17 12:38:00,2,Miso Soup,3,Chris,Dine-In,12.0
100956,2025-02-28 18:16:00,15,Chicken Teriyaki,1,Sam,Delivery,16.0
104457,2025-09-26 19:01:00,7,California Roll,1,Sam,Dine-In,8.5
104811,2025-10-19 12:56:00,5,Gyoza,1,Mia,Dine-In,8.0
105320,2025-11-19 17:40:00,4,California Roll,1,Jordan,Takeout,8.5
100404,2025-01-24 12:51:00,3,Edamame,2,Taylor,Delivery,12.0
102072,2025-05-06 20:28:00,1,Yellowtail Nigiri,2,Sam,Dine-In,22.0
105724,2025-12-13 12:31:00,22,Spicy Tuna Roll,2,Taylor,Delivery,22.0
101978,2025-05-01 19:32:00,13,California Roll,2,Sam,Dine-In,17.0
100159,2025-01-09 17:06:00,26,Salmon Nigiri,1,Alex,Takeout,9.0
103889,2025-08-24 18:23:00,16,California Roll,1,Sam,Dine-In,8.5
100903,2025-02-25 17:43:00,26,Salmon Roll,2,Chris,Dine-In,21.0
100353,2025-01-20 14:03:00,29,Sashimi Platter,4,Taylor,Dine-In,96.0
104131,2025-09-07 18:18:00,13,California Roll,2,Sam,Dine-In,17.0
100755,2025-02-15 18:45:00,17,Salmon Nigiri,1,Mia,Takeout,9.0
102972,2025-06-30 19:19:00,10,Gyoza,1,Jordan,Dine-In,8.0
105996,2025-12-31 20:04:00,12,Hamachi Kama,2,Taylor,Takeout,36.0
102921,2025-06-27 20:58:00,29,Salmon Nigiri,1,Sam,Dine-In,9.0
100312,2025-01-18 12:03:00,1,Edamame,4,Sam,Takeout,24.0
100662,2025-02-10 19:24:00,13,Edamame,3,Mia,Dine-In,18.0
101990,2025-05-02 12:38:00,2,California Roll,1,Chris,Delivery,8.5
103666,2025-08-11 17:32:00,21,Edamame,2,Chris,Delivery,12.0
100307,2025-01-17 20:29:00,26,Chicken Teriyaki,3,Mia,Dine-In,48.0
102336,2025-05-24 11:31:00,2,Edamame,2,Jordan,Dine-In,12.0
102357,2025-05-25 19:01:00,6,Salmon Nigiri,4,Jordan,Dine-In,36.0
103703,2025-08-12 21:17:00,26,Salmon Roll,1,Alex,Dine-In,10.5
103805,2025-08-18 20:23:00,14,Edamame,1,Chris,Dine-In,6.0
101928,2025-04-28 21:11:00,1,Chicken Teriyaki,3,Mia,Dine-In,48.0
103428,2025-07-27 12:04:00,24,Spicy Tuna Roll,1,Mia,Takeout,11.0
100750,2025-02-15 14:05:00,18,Tuna Nigiri,2,Chris,Dine-In,20.0
103639,2025-08-09 20:24:00,24,Salmon Roll,1,Alex,Dine-In,10.5
104378,2025-09-22 17:35:00,11,Salmon Roll,1,Alex,Delivery,10.5
101267,2025-03-21 11:40:00,17,Salmon Roll,4,Sam,Dine-In,42.0
104568,2025-10-03 19:50:00,10,Miso Soup,1,Sam,Takeout,4.0
105318,2025-11-19 17:20:00,7,Spicy Tuna Roll,2,Sam,Takeout,22.0
103596,2025-08-07 17:03:00,22,Edamame,2,Jordan,Delivery,12.0
102135,2025-05-10 13:48:00,1,California Roll,1,Chris,Dine-In,8.5
104110,2025-09-06 17:01:00,5,Salmon Roll,2,Sam,Delivery,21.0
100515,2025-01-31 20:31:00,15,Salmon Nigiri,2,Mia,Dine-In,18.0
105382,2025-11-23 11:51:00,8,Edamame,2,Taylor,Takeout,12.0
100410,2025-01-24 18:15:00,18,Miso Soup,1,Sam,Takeout,4.0
104490,2025-09-28 18:46:00,29,Dragon Roll,1,Sam,Dine-In,15.0
105956,2025-12-28 19:08:00,19,California Roll,3,Taylor,Dine-In,25.5
105211,2025-11-12 12:42:00,2,Salmon Nigiri,3,Sam,Dine-In,27.0
100208,2025-01-12 14:21:00,12,Dragon Roll,1,Alex,Dine-In,15.0
100459,2025-01-27 19:35:00,9,Yellowtail Nigiri,2,Mia,Takeout,22.0
102055,2025-05-06 12:51:00,6,Edamame,1,Alex,Dine-In,6.0
102431,2025-05-29 20:36:00,21,Dragon Roll,4,Jordan,Takeout,60.0
100251,2025-01-14 19:13:00,9,California Roll,2,Mia,Takeout,17.0
105136,2025-11-07 20:34:00,1,Tempura Udon,4,Jordan,Dine-In,56.0
101108,2025-03-10 11:46:00,30,Sashimi Platter,2,Jordan,Dine-In,48.0
104879,2025-10-23 19:38:00,14,Spicy Tuna Roll,1,Jordan,Takeout,11.0
101714,2025-04-17 13:01:00,20,California Roll,1,Chris,Dine-In,8.5
103912,2025-08-25 18:02:00,27,Salmon Roll,1,Alex,Takeout,10.5
100716,2025-02-13 20:23:00,27,California Roll,2,Taylor,Dine-In,17.0
100553,2025-02-03 18:04:00,24,Edamame,4,Sam,Dine-In,24.0
101440,2025-03-31 18:31:00,7,Edamame,1,Mia,Dine-In,6.0
102271,2025-05-19 12:22:00,9,Yellowtail Nigiri,1,Chris,Dine-In,11.0
103145,2025-07-10 12:24:00,22,Yellowtail Nigiri,1,Taylor,Takeout,11.0
105753,2025-12-15 14:06:00,10,California Roll,2,Mia,Dine-In,17.0
100635,2025-02-09 12:03:00,15,Sashimi Platter,1,Mia,Takeout,24.0
100317,2025-01-18 13:38:00,18,Salmon Roll,1,Taylor,Takeout,10.5
105658,2025-12-09 13:21:00,11,Tempura Udon,2,Alex,Dine-In,28.0
100428,2025-01-25 18:00:00,7,Sashimi Platter,4,Chris,Delivery,96.0
104468,2025-09-27 17:39:00,8,California Roll,1,Mia,Dine-In,8.5
100106,2025-01-06 19:27:00,18,California Roll,2,Taylor,Dine-In,17.0
103042,2025-07-04 18:28:00,9,Miso Soup,4,Taylor,Takeout,16.0
104239,2025-09-13 19:25:00,4,Gyoza,3,Mia,Dine-In,24.0
102170,2025-05-12 12:11:00,5,Chicken Teriyaki,2,Jordan,Dine-In,32.0
101710,2025-04-17 11:32:00,7,Tempura Udon,1,Taylor,Dine-In,14.0
100090,2025-01-05 18:52:00,2,Yellowtail Nigiri,4,Mia,Dine-In,44.0
102242,2025-05-16 20:47:00,22,Gyoza,2,Chris,Dine-In,16.0
103175,2025-07-11 19:34:00,21,Spicy Tuna Roll,4,Alex,Takeout,44.0
105457,2025-11-27 14:08:00,16,Spicy Tuna Roll,1,Sam,Delivery,11.0
101950,2025-04-30 12:10:00,16,Miso Soup,3,Chris,Dine-In,12.0
104045,2025-09-02 21:28:00,30,Dragon Roll,1,Alex,Dine-In,15.0
102849,2025-06-23 20:04:00,26,Tuna Nigiri,2,Taylor,Dine-In,20.0
100002,2025-01-01 12:42:00,11,Gyoza,3,Alex,Takeout,24.0
104338,2025-09-20 14:16:00,21,Edamame,1,Jordan,Dine-In,6.0
100936,2025-02-27 12:03:00,17,Yellowtail Nigiri,2,Alex,Dine-In,22.0
105150,2025-11-08 17:37:00,19,Gyoza,4,Mia,Dine-In,32.0
102721,2025-06-16 13:46:00,16,Edamame,1,Sam,Dine-In,6.0
100592,2025-02-05 20:58:00,2,California Roll,2,Taylor,Dine-In,17.0
104512,2025-09-30 18:28:00,2,Tuna Nigiri,1,Taylor,Takeout,10.0
102937,2025-06-28 20:27:00,13,Spicy Tuna Roll,1,Chris,Takeout,11.0
102449,2025-05-30 20:08:00,5,Yellowtail Nigiri,2,Jordan,Takeout,22.0
101577,2025-04-09 17:00:00,20,Edamame,2,Jordan,Dine-In,12.0
105021,2025-10-31 18:01:00,27,Salmon Nigiri,2,Taylor,Takeout,18.0
100214,2025-01-12 20:45:00,9,Tempura Udon,1,Alex,Takeout,14.0
100779,2025-02-17 14:14:00,29,Salmon Nigiri,3,Taylor,Dine-In,27.0
103497,2025-07-31 17:10:00,1,California Roll,2,Taylor,Dine-In,17.0
105655,2025-12-09 12:00:00,12,California Roll,2,Chris,Delivery,17.0
105459,2025-11-27 18:34:00,20,Edamame,4,Taylor,Dine-In,24.0
101568,2025-04-08 18:49:00,26,Tuna Nigiri,1,Sam,Dine-In,10.0
100166,2025-01-10 11:31:00,21,Salmon Roll,4,Chris,Dine-In,42.0
103567,2025-08-05 20:09:00,14,Edamame,1,Jordan,Dine-In,6.0
104607,2025-10-06 19:37:00,17,Salmon Nigiri,2,Chris,Dine-In,18.0
102014,2025-05-03 17:41:00,9,Edamame,2,Taylor,Dine-In,12.0
100274,2025-01-16 12:52:00,19,Yellowtail Nigiri,3,Taylor,Dine-In,33.0
103861,2025-08-22 18:38:00,5,Gyoza,4,Sam,Dine-In,32.0
104168,2025-09-09 20:59:00,21,California Roll,1,Taylor,Dine-In,8.5
105313,2025-11-19 12:09:00,5,Yellowtail Nigiri,4,Mia,Delivery,44.0
103789,2025-08-17 19:31:00,18,Gyoza,2,Jordan,Takeout,16.0
100395,2025-01-23 20:06:00,21,California Roll,2,Mia,Dine-In,17.0
100584,2025-02-05 17:48:00,30,Tuna Nigiri,2,Alex,Delivery,20.0
103676,2025-08-11 20:17:00,8,Salmon Roll,1,Taylor,Takeout,10.5
105585,2025-12-04 12:55:00,1,California Roll,4,Alex,Takeout,34.0
105763,2025-12-15 19:50:00,17,Spicy Tuna Roll,1,Alex,Dine-In,11.0
100521,2025-02-01 17:08:00,15,Dragon Roll,1,Sam,Delivery,15.0
101764,2025-04-20 13:30:00,10,Spicy Tuna Roll,3,Taylor,Dine-In,33.0
101876,2025-04-25 20:46:00,1,Yellowtail Nigiri,1,Chris,Dine-In,11.0
103966,2025-08-28 19:14:00,18,Miso Soup,2,Mia,Takeout,8.0
103345,2025-07-21 21:28:00,13,Edamame,2,Jordan,Dine-In,12.0
102254,2025-05-17 18:57:00,6,Salmon Roll,2,Alex,Takeout,21.0
103225,2025-07-14 18:10:00,8,Salmon Nigiri,1,Jordan,Dine-In,9.0
100527,2025-02-01 18:05:00,29,Tempura Udon,2,Mia,Takeout,28.0
102947,2025-06-29 18:57:00,20,Edamame,1,Sam,Takeout,6.0
103900,2025-08-25 12:25:00,11,Miso Soup,1,Chris,Dine-In,4.0
100693,2025-02-12 18:39:00,1,Miso Soup,1,Jordan,Dine-In,4.0
105696,2025-12-11 18:12:00,1,Hamachi Kama,2,Alex,Dine-In,36.0
103634,2025-08-09 19:23:00,16,Yellowtail Nigiri,2,Sam,Dine-In,22.0
101051,2025-03-05 18:16:00,3,Gyoza,3,Chris,Takeout,24.0
100591,2025-02-05 20:52:00,12,Salmon Nigiri,1,Alex,Takeout,9.0
100520,2025-02-01 12:27:00,23,Gyoza,2,Mia,Takeout,16.0
103381,2025-07-24 12:08:00,1,Tuna Nigiri,4,Alex,Dine-In,40.0
103677,2025-08-11 20:19:00,16,California Roll,3,Jordan,Dine-In,25.5
104954,2025-10-28 12:00:00,13,Yellowtail Nigiri,4,Mia,Dine-In,44.0
101608,2025-04-11 18:04:00,30,Miso Soup,4,Chris,Dine-In,16.0
103611,2025-08-08 13:48:00,17,Sashimi Platter,2,Mia,Dine-In,48.0
105750,2025-12-15 12:48:00,23,Edamame,3,Sam,Takeout,18.0
101810,2025-04-22 19:33:00,22,Sashimi Platter,2,Jordan,Takeout,48.0
100792,2025-02-17 20:22:00,15,Tuna Nigiri,1,Mia,Takeout,10.0
100793,2025-02-17 20:58:00,23,Spicy Tuna Roll,2,Taylor,Dine-In,22.0
104944,2025-10-27 17:39:00,24,Dragon Roll,1,Mia,Takeout,15.0
101856,2025-04-24 21:10:00,20,Gyoza,2,Chris,Takeout,16.0
101981,2025-05-01 20:55:00,24,California Roll,4,Alex,Delivery,34.0
103234,2025-07-14 19:45:00,26,Miso Soup,4,Taylor,Dine-In,16.0
103599,2025-08-07 18:25:00,10,Gyoza,4,Sam,Takeout,32.0
100934,2025-02-26 20:17:00,21,Tuna Nigiri,3,Jordan,Takeout,30.0
103964,2025-08-28 18:39:00,22,California Roll,1,Sam,Dine-In,8.5
105734,2025-12-14 12:46:00,23,Salmon Nigiri,1,Sam,Dine-In,9.0
104180,2025-09-10 18:06:00,5,Tempura Udon,3,Sam,Dine-In,42.0
104027,2025-09-01 18:19:00,30,Tempura Udon,4,Taylor,Takeout,56.0
104117,2025-09-06 20:20:00,14,Edamame,3,Alex,Takeout,18.0
100989,2025-03-02 12:21:00,13,Gyoza,1,Alex,Dine-In,8.0
105690,2025-12-11 11:49:00,20,Sashimi Platter,4,Alex,Takeout,96.0
103454,2025-07-28 18:16:00,9,Chicken Teriyaki,2,Taylor,Takeout,32.0
105498,2025-11-29 19:49:00,29,Dragon Roll,2,Alex,Takeout,30.0
103779,2025-08-17 13:18:00,4,Matcha Cheesecake,2,Taylor,Dine-In,14.0
105046,2025-11-01 17:55:00,29,Matcha Cheesecake,2,Alex,Dine-In,14.0
103094,2025-07-07 11:57:00,3,Miso Soup,4,Mia,Delivery,16.0
103156,2025-07-10 18:13:00,18,California Roll,2,Mia,Dine-In,17.0
103202,2025-07-13 12:42:00,16,Gyoza,2,Jordan,Takeout,16.0
104856,2025-10-22 17:33:00,16,Salmon Roll,1,Sam,Dine-In,10.5
101099,2025-03-09 13:56:00,20,Dragon Roll,3,Mia,Takeout,45.0
104996,2025-10-30 17:04:00,26,Miso Soup,3,Alex,Dine-In,12.0
102845,2025-06-23 13:11:00,12,Tuna Nigiri,2,Sam,Dine-In,20.0
100887,2025-02-24 17:28:00,3,California Roll,1,Sam,Dine-In,8.5
105944,2025-12-28 12:40:00,4,California Roll,2,Alex,Dine-In,17.0
104668,2025-10-10 18:01:00,17,California Roll,1,Mia,Dine-In,8.5
100516,2025-01-31 20:47:00,23,Dragon Roll,1,Taylor,Takeout,15.0
105556,2025-12-02 19:57:00,16,Chicken Teriyaki,2,Jordan,Delivery,32.0
101454,2025-04-01 14:05:00,25,Salmon Nigiri,2,Jordan,Dine-In,18.0
103554,2025-08-04 18:59:00,17,Yellowtail Nigiri,2,Chris,Dine-In,22.0
103610,2025-08-08 13:24:00,30,Yellowtail Nigiri,4,Mia,Dine-In,44.0
102507,2025-06-03 20:01:00,26,Miso Soup,1,Chris,Dine-In,4.0
102995,2025-07-02 17:37:00,14,Tuna Nigiri,4,Taylor,Takeout,40.0
104000,2025-08-30 18:18:00,27,California Roll,2,Mia,Dine-In,17.0
105710,2025-12-12 13:53:00,21,Hamachi Kama,2,Chris,Dine-In,36.0
100907,2025-02-25 18:57:00,30,Spicy Tuna Roll,1,Taylor,Takeout,11.0
100029,2025-01-02 18:57:00,8,Spicy Tuna Roll,2,Taylor,Dine-In,22.0
102508,2025-06-03 20:05:00,7,Salmon Nigiri,1,Taylor,Dine-In,9.0
102429,2025-05-29 20:22:00,27,Hamachi Kama,1,Alex,Dine-In,18.0
100763,2025-02-16 13:38:00,23,Yellowtail Nigiri,4,Taylor,Dine-In,44.0
103748,2025-08-15 18:48:00,18,Gyoza,2,Mia,Takeout,16.0
100285,2025-01-16 19:48:00,3,Tempura Udon,2,Mia,Dine-In,28.0
100687,2025-02-12 13:41:00,28,Gyoza,1,Chris,Dine-In,8.0
102354,2025-05-25 18:34:00,9,Miso Soup,1,Taylor,Takeout,4.0
104842,2025-10-21 17:36:00,30,Matcha Cheesecake,1,Jordan,Dine-In,7.0
100022,2025-01-02 13:36:00,29,Tempura Udon,3,Jordan,Dine-In,42.0
102753,2025-06-18 12:08:00,14,Gyoza,3,Chris,Dine-In,24.0
100886,2025-02-24 17:01:00,3,Salmon Nigiri,1,Sam,Takeout,9.0
100918,2025-02-26 11:42:00,25,Dragon Roll,1,Taylor,Takeout,15.0
101041,2025-03-05 11:50:00,12,California Roll,1,Sam,Dine-In,8.5
101266,2025-03-20 21:27:00,5,California Roll,3,Taylor,Takeout,25.5
105205,2025-11-11 19:36:00,24,Spicy Tuna Roll,1,Jordan,Takeout,11.0
100278,2025-01-16 17:06:00,18,California Roll,2,Alex,Dine-In,17.0
102085,2025-05-07 18:42:00,21,Sashimi Platter,3,Alex,Delivery,72.0
101246,2025-03-19 18:28:00,4,salmon nigiri,1,Taylor,Dine-In,9.0
102383,2025-05-27 14:18:00,1,Salmon Nigiri,3,Alex,Dine-In,27.0
100572,2025-02-04 19:41:00,1,Miso Soup,4,Sam,Takeout,16.0
101436,2025-03-31 14:15:00,13,California Roll,1,Chris,Dine-In,8.5
103903,2025-08-25 13:33:00,29,California Roll,3,Alex,Dine-In,25.5
101248,2025-03-19 19:34:00,19,Salmon Roll,1,Chris,Dine-In,10.5
103527,2025-08-03 12:16:00,2,Sashimi Platter,1,Jordan,Delivery,24.0
102515,2025-06-04 11:50:00,21,Salmon Nigiri,1,Mia,Dine-In,9.0
101008,2025-03-03 12:46:00,18,California Roll,2,Alex,Takeout,17.0
105210,2025-11-11 21:20:00,22,Yellowtail Nigiri,1,Taylor,Dine-In,11.0
102065,2025-05-06 18:28:00,24,California Roll,1,Sam,Delivery,8.5
105592,2025-12-04 17:39:00,2,Dragon Roll,2,Chris,Dine-In,30.0
101691,2025-04-16 14:20:00,14,Edamame,2,Alex,Dine-In,12.0
105191,2025-11-10 21:21:00,16,Miso Soup,3,Sam,Delivery,12.0
101986,2025-05-01 21:30:00,17,Matcha Cheesecake,1,Jordan,Dine-In,7.0
100295,2025-01-17 11:35:00,11,Miso Soup,2,Taylor,Takeout,8.0
101548,2025-04-07 18:21:00,30,Dragon Roll,4,Sam,Dine-In,60.0
102013,2025-05-03 17:33:00,4,California Roll,1,Alex,Takeout,8.5
100589,2025-02-05 19:54:00,1,California Roll,2,Jordan,Takeout,17.0
103330,2025-07-20 20:52:00,13,Salmon Nigiri,1,Sam,Takeout,9.0
102404,2025-05-28 19:10:00,27,Spicy Tuna Roll,1,Chris,Dine-In,11.0
102130,2025-05-10 12:18:00,5,Spicy Tuna Roll,3,Alex,Delivery,33.0
103999,2025-08-30 17:58:00,9,Edamame,4,Mia,Dine-In,24.0
105268,2025-11-16 13:08:00,14,Salmon Roll,2,Mia,Dine-In,21.0
103742,2025-08-15 17:08:00,27,Gyoza,1,Mia,Dine-In,8.0
103509,2025-08-01 18:23:00,27,Salmon Roll,1,Sam,Dine-In,10.5
102720,2025-06-16 13:31:00,15,Chicken Teriyaki,1,Alex,Takeout,16.0
104522,2025-10-01 17:36:00,11,Miso Soup,2,Chris,Dine-In,8.0
105482,2025-11-29 12:24:00,21,Miso Soup,1,Jordan,Dine-In,4.0
105488,2025-11-29 14:17:00,15,Spicy Tuna Roll,4,Taylor,Takeout,44.0
100557,2025-02-03 20:20:00,28,Edamame,4,Taylor,Dine-In,24.0
102470,2025-05-31 20:41:00,17,Salmon Nigiri,1,Taylor,Takeout,9.0
103739,2025-08-15 12:54:00,9,Matcha Cheesecake,1,Alex,Delivery,7.0
104287,2025-09-16 19:40:00,4,Edamame,3,Mia,Dine-In,18.0
105299,2025-11-17 20:10:00,2,Salmon Roll,3,Alex,Dine-In,31.5
101717,2025-04-17 13:56:00,18,Gyoza,2,Sam,Dine-In,16.0
102605,2025-06-08 17:04:00,28,Tuna Nigiri,1,Jordan,Dine-In,10.0
104960,2025-10-28 13:56:00,16,Spicy Tuna Roll,2,Sam,Takeout,22.0
101705,2025-04-16 20:46:00,23,Spicy Tuna Roll,2,Alex,Takeout,22.0
102140,2025-05-10 17:43:00,12,Edamame,2,Sam,Dine-In,12.0
103240,2025-07-15 11:33:00,17,Spicy Tuna Roll,2,Chris,Takeout,22.0
102384,2025-05-27 14:25:00,3,Gyoza,1,Sam,Dine-In,8.0
104312,2025-09-18 18:42:00,10,Salmon Roll,4,Alex,Dine-In,42.0
101286,2025-03-22 19:09:00,20,Gyoza,2,Mia,Dine-In,16.0
105122,2025-11-07 14:27:00,23,Salmon Roll,2,Alex,Dine-In,21.0
105378,2025-11-22 20:40:00,5,California Roll,4,Chris,Takeout,34.0
103931,2025-08-26 20:37:00,7,Matcha Cheesecake,4,Sam,Dine-In,28.0
104553,2025-10-02 21:00:00,13,Gyoza,4,Alex,Takeout,32.0
101592,2025-04-10 17:40:00,19,Yellowtail Nigiri,1,Jordan,Dine-In,11.0
105330,2025-11-20 13:07:00,21,California Roll,4,Sam,Delivery,34.0
102163,2025-05-11 18:47:00,14,Salmon Roll,4,Sam,Takeout,42.0
102397,2025-05-28 13:02:00,4,Edamame,4,Jordan,Dine-In,24.0
100318,2025-01-18 13:49:00,25,Salmon Roll,4,Jordan,Dine-In,42.0
105404,2025-11-24 13:38:00,21,Salmon Nigiri,1,Mia,Dine-In,9.0
103112,2025-07-07 21:28:00,8,California Roll,1,Sam,Delivery,8.5
104037,2025-09-01 20:27:00,19,Gyoza,3,Jordan,Dine-In,24.0
100796,2025-02-18 11:47:00,16,Spicy Tuna Roll,1,Sam,Dine-In,11.0
103021,2025-07-03 19:43:00,29,Dragon Roll,1,Chris,Dine-In,15.0
101712,2025-04-17 12:27:00,16,Salmon Nigiri,1,Taylor,Dine-In,9.0
103388,2025-07-24 18:25:00,28,Miso Soup,3,Alex,Dine-In,12.0
100037,2025-01-02 20:38:00,28,Spicy Tuna Roll,1,Jordan,Takeout,11.0
104550,2025-10-02 19:40:00,6,Miso Soup,4,Sam,Takeout,16.0
100914,2025-02-25 20:50:00,16,Chicken Teriyaki,1,Unknown,Dine-In,16.0
103973,2025-08-29 13:12:00,4,California Roll,1,Mia,Dine-In,8.5
104134,2025-09-07 18:49:00,25,Yellowtail Nigiri,3,Mia,Dine-In,33.0
100975,2025-03-01 18:38:00,25,Sashimi Platter,1,Alex,Takeout,24.0
100984,2025-03-01 20:48:00,2,Tuna Nigiri,4,Chris,Dine-In,40.0
104909,2025-10-25 18:26:00,11,California Roll,1,Taylor,Dine-In,8.5
101419,2025-03-30 17:03:00,20,Gyoza,1,Jordan,Delivery,8.0
101561,2025-04-08 12:59:00,13,Matcha Cheesecake,2,Sam,Dine-In,14.0
104136,2025-09-07 20:20:00,11,California Roll,2,Alex,Delivery,17.0
104266,2025-09-15 18:09:00,18,Dragon Roll,1,Sam,Delivery,15.0
101356,2025-03-26 18:31:00,16,Hamachi Kama,3,Sam,Dine-In,54.0
105713,2025-12-12 14:00:00,11,Sashimi Platter,1,Mia,Dine-In,24.0
100988,2025-03-02 11:58:00,18,Salmon Roll,2,Jordan,Takeout,21.0
102683,2025-06-13 12:37:00,22,California Roll,2,Chris,Takeout,17.0
101641,2025-04-13 20:07:00,19,Tempura Udon,1,Jordan,Dine-In,14.0
101291,2025-03-22 20:16:00,23,Salmon Roll,1,Chris,Dine-In,10.5
103682,2025-08-12 14:27:00,24,Salmon Nigiri,1,Taylor,Dine-In,9.0
101381,2025-03-28 12:56:00,28,California Roll,1,Taylor,Delivery,8.5
101934,2025-04-29 13:08:00,25,Dragon Roll,1,Taylor,Takeout,15.0
105062,2025-11-02 19:54:00,1,California Roll,4,Chris,Dine-In,34.0
103161,2025-07-10 19:09:00,17,Salmon Roll,4,Taylor,Dine-In,42.0
102031,2025-05-04 18:31:00,13,Salmon Nigiri,1,Chris,Dine-In,9.0
100893,2025-02-24 20:44:00,26,Tuna Nigiri,1,Mia,Dine-In,10.0
104070,2025-09-04 18:49:00,21,Miso Soup,4,Alex,Dine-In,16.0
104256,2025-09-14 18:58:00,7,Spicy Tuna Roll,4,Mia,Dine-In,44.0
100003,2025-01-01 12:50:00,27,Yellowtail Nigiri,1,Mia,Dine-In,11.0
102110,2025-05-09 12:00:00,18,Gyoza,1,Taylor,Dine-In,8.0
100850,2025-02-21 18:37:00,22,Dragon Roll,2,Sam,Dine-In,30.0
102738,2025-06-17 12:01:00,13,Spicy Tuna Roll,2,Chris,Dine-In,22.0
102467,2025-05-31 20:02:00,11,Salmon Nigiri,4,Alex,Dine-In,36.0
101915,2025-04-28 14:17:00,8,Yellowtail Nigiri,2,Sam,Dine-In,22.0
101597,2025-04-10 19:35:00,9,Spicy Tuna Roll,4,Jordan,Dine-In,44.0
101914,2025-04-28 13:46:00,26,Miso Soup,3,Jordan,Takeout,12.0
105674,2025-12-10 11:56:00,3,Salmon Nigiri,4,Taylor,Dine-In,36.0
102737,2025-06-17 11:35:00,26,Dragon Roll,1,Taylor,Dine-In,15.0
100727,2025-02-14 13:20:00,25,Dragon Roll,1,Jordan,Takeout,15.0
100054,2025-01-03 19:16:00,12,Dragon Roll,1,Chris,Dine-In,15.0
101797,2025-04-22 13:12:00,13,Matcha Cheesecake,3,Jordan,Dine-In,21.0
103846,2025-08-21 13:49:00,13,Dragon Roll,3,Mia,Dine-In,45.0
102554,2025-06-05 14:18:00,18,Tempura Udon,3,Taylor,Delivery,42.0
102801,2025-06-20 19:13:00,6,Salmon Roll,1,Mia,Dine-In,10.5
100937,2025-02-27 12:05:00,27,Tempura Udon,4,Chris,Takeout,56.0
104958,2025-10-28 13:11:00,12,Edamame,2,Mia,Dine-In,12.0
100825,2025-02-20 13:11:00,26,Salmon Nigiri,1,Sam,Takeout,9.0
104322,2025-09-19 14:13:00,18,Salmon Nigiri,1,Jordan,Dine-In,9.0
103402,2025-07-25 13:19:00,19,Gyoza,3,Jordan,Dine-In,24.0
101390,2025-03-28 18:54:00,23,Miso Soup,2,Chris,Delivery,8.0
103565,2025-08-05 19:56:00,26,CALIFORNIA ROLL,2,Alex,Dine-In,17.0
100885,2025-02-24 14:06:00,30,Tuna Nigiri,1,Jordan,Dine-In,10.0
101869,2025-04-25 19:24:00,13,California Roll,4,Chris,Delivery,34.0
100011,2025-01-01 18:38:00,19,Miso Soup,1,Sam,Dine-In,4.0
103416,2025-07-26 17:17:00,30,Salmon Roll,2,Mia,Delivery,21.0
101464,2025-04-02 12:57:00,11,Miso Soup,2,Mia,Dine-In,8.0
100807,2025-02-19 11:37:00,30,Matcha Cheesecake,1,Sam,Dine-In,7.0
104732,2025-10-14 12:30:00,15,Spicy Tuna Roll,1,Alex,Delivery,11.0
104069,2025-09-04 18:08:00,10,California Roll,3,Mia,Dine-In,25.5
102109,2025-05-08 21:21:00,12,Tuna Nigiri,1,Mia,Dine-In,10.0
105079,2025-11-03 18:44:00,6,Dragon Roll,4,Jordan,Delivery,60.0
105972,2025-12-29 21:14:00,30,Salmon Roll,1,Jordan,Takeout,10.5
102235,2025-05-16 18:24:00,22,Edamame,2,Mia,Delivery,12.0
100964,2025-02-28 21:07:00,11,Tuna Nigiri,3,Chris,Takeout,30.0
104495,2025-09-28 21:27:00,24,Dragon Roll,4,Jordan,Dine-In,60.0
102633,2025-06-10 13:05:00,17,Chicken Teriyaki,1,Chris,Dine-In,16.0
100705,2025-02-13 14:10:00,7,Dragon Roll,1,Jordan,Takeout,15.0
100432,2025-01-25 19:26:00,2,Spicy Tuna Roll,3,Taylor,Takeout,33.0
104389,2025-09-22 21:11:00,26,Yellowtail Nigiri,1,Jordan,Dine-In,11.0
100146,2025-01-08 18:42:00,8,Salmon Roll,3,Taylor,Dine-In,31.5
102034,2025-05-04 20:21:00,2,Tempura Udon,3,Taylor,Delivery,42.0
105047,2025-11-01 17:56:00,24,Salmon Nigiri,3,Taylor,Takeout,27.0
101166,2025-03-14 12:52:00,14,California Roll,2,Sam,Takeout,17.0
103501,2025-07-31 19:22:00,15,Gyoza,1,Sam,Takeout,8.0
102051,2025-05-05 20:43:00,10,Chicken Teriyaki,3,Jordan,Delivery,48.0
103761,2025-08-16 17:53:00,19,Hamachi Kama,1,Mia,Dine-In,18.0
102625,2025-06-09 20:45:00,11,Gyoza,2,Alex,Dine-In,16.0
104485,2025-09-28 17:22:00,11,Sashimi Platter,4,Taylor,Dine-In,96.0
104436,2025-09-25 14:16:00,4,California Roll,2,Mia,Delivery,17.0
104795,2025-10-17 20:38:00,3,Salmon Nigiri,1,Sam,Delivery,9.0
104665,2025-10-10 12:34:00,22,Salmon Nigiri,1,Mia,Takeout,9.0
104362,2025-09-21 17:22:00,11,California Roll,1,Alex,Dine-In,8.5
102425,2025-05-29 18:45:00,12,Spicy Tuna Roll,2,Chris,Delivery,22.0
101263,2025-03-20 18:59:00,19,Matcha Cheesecake,2,Sam,Dine-In,14.0
101772,2025-04-20 19:13:00,30,Tempura Udon,2,Sam,Takeout,28.0
103512,2025-08-01 19:15:00,21,California Roll,1,Sam,Dine-In,8.5
100272,2025-01-16 12:24:00,6,Tempura Udon,3,Mia,Delivery,42.0
100245,2025-01-14 14:21:00,12,Salmon Roll,3,Taylor,Dine-In,31.5
105845,2025-12-21 12:10:00,10,Tuna Nigiri,4,Taylor,Takeout,40.0
104573,2025-10-04 13:08:00,29,Salmon Nigiri,1,Mia,Takeout,9.0
102033,2025-05-04 19:35:00,6,Salmon Nigiri,4,Taylor,Takeout,36.0
104757,2025-10-15 14:14:00,30,Gyoza,4,Jordan,Dine-In,32.0
100814,2025-02-19 18:47:00,25,Salmon Nigiri,2,Chris,Takeout,18.0
103811,2025-08-19 11:36:00,19,Salmon Roll,2,Mia,Takeout,21.0
104885,2025-10-24 13:51:00,23,Salmon Roll,1,Jordan,Dine-In,10.5
101805,2025-04-22 19:06:00,6,Miso Soup,2,Alex,Dine-In,8.0
104347,2025-09-20 18:38:00,27,Spicy Tuna Roll,1,Mia,Dine-In,11.0
102462,2025-05-31 18:14:00,23,Edamame,2,Taylor,Delivery,12.0
100546,2025-02-02 19:42:00,29,Yellowtail Nigiri,1,Alex,Takeout,11.0
103242,2025-07-15 12:36:00,16,California Roll,1,Sam,Takeout,8.5
100739,2025-02-14 21:07:00,4,Edamame,1,Sam,Dine-In,6.0
100311,2025-01-18 12:01:00,27,Miso Soup,1,Jordan,Dine-In,4.0
103522,2025-08-02 18:32:00,30,California Roll,2,Taylor,Takeout,17.0
101132,2025-03-11 19:52:00,3,Tuna Nigiri,1,Jordan,Takeout,10.0
105932,2025-12-27 17:37:00,1,Tempura Udon,2,Sam,Dine-In,28.0
104112,2025-09-06 17:59:00,22,Hamachi Kama,2,Chris,Dine-In,36.0
102770,2025-06-19 14:10:00,30,Dragon Roll,2,Taylor,Dine-In,30.0
100921,2025-02-26 12:10:00,30,Yellowtail Nigiri,2,Mia,Dine-In,22.0
103588,2025-08-06 21:19:00,2,Salmon Roll,1,Unknown,Dine-In,10.5
103960,2025-08-28 17:42:00,25,Sashimi Platter,4,Jordan,Dine-In,96.0
100039,2025-01-02 20:48:00,12,Tuna Nigiri,1,Mia,Dine-In,10.0
104460,2025-09-26 19:39:00,6,Edamame,1,Jordan,Takeout,6.0
104279,2025-09-16 17:18:00,9,California Roll,2,Mia,Delivery,17.0
102984,2025-07-01 14:16:00,6,Yellowtail Nigiri,4,Sam,Delivery,44.0
102668,2025-06-12 12:30:00,2,Salmon Nigiri,2,Taylor,Takeout,18.0
103224,2025-07-14 18:07:00,28,Gyoza,1,Jordan,Dine-In,8.0
101183,2025-03-14 20:54:00,26,Spicy Tuna Roll,2,Alex,Dine-In,22.0
100615,2025-02-07 18:33:00,11,Salmon Roll,2,Taylor,Dine-In,21.0
105914,2025-12-26 17:24:00,12,Gyoza,1,Mia,Takeout,8.0
101467,2025-04-02 17:38:00,18,Chicken Teriyaki,1,Jordan,Dine-In,16.0
104498,2025-09-29 11:50:00,22,California Roll,3,Mia,Dine-In,25.5
103043,2025-07-04 18:40:00,16,Edamame,1,Chris,Takeout,6.0
100935,2025-02-26 20:56:00,11,Salmon Nigiri,1,Chris,Takeout,9.0
102420,2025-05-29 17:16:00,11,Matcha Cheesecake,1,Taylor,Dine-In,7.0
105432,2025-11-25 21:12:00,18,Sashimi Platter,3,Mia,Takeout,72.0
104873,2025-10-23 18:28:00,21,Dragon Roll,2,Sam,Dine-In,30.0
100827,2025-02-20 17:00:00,18,Gyoza,4,Chris,Dine-In,32.0
101522,2025-04-05 20:29:00,5,California Roll,1,Mia,Dine-In,8.5
102931,2025-06-28 18:33:00,21,Dragon Roll,2,Alex,Takeout,30.0
104233,2025-09-13 17:40:00,17,Tuna Nigiri,3,Jordan,Dine-In,30.0
100629,2025-02-08 18:08:00,23,Tuna Nigiri,3,Mia,Dine-In,30.0
104431,2025-09-24 19:37:00,22,Chicken Teriyaki,4,Taylor,Delivery,64.0
103854,2025-08-21 21:28:00,9,Salmon Roll,1,Mia,Dine-In,10.5
100391,2025-01-23 18:29:00,5,Tempura Udon,3,Chris,Dine-In,42.0
104346,2025-09-20 18:24:00,3,Tuna Nigiri,4,Sam,Takeout,40.0
105875,2025-12-23 20:18:00,25,Miso Soup,4,Taylor,Takeout,16.0
103991,2025-08-30 13:31:00,24,Chicken Teriyaki,1,Sam,Dine-In,16.0
100401,2025-01-23 21:12:00,7,Salmon Roll,1,Alex,Dine-In,10.5
103360,2025-07-22 21:09:00,29,Miso Soup,1,Sam,Takeout,4.0
100047,2025-01-03 17:09:00,15,Tuna Nigiri,4,Taylor,Dine-In,40.0
105777,2025-12-16 19:03:00,7,California Roll,2,Sam,Dine-In,17.0
105935,2025-12-27 18:29:00,11,Salmon Roll,1,Alex,Dine-In,10.5
103643,2025-08-10 12:23:00,2,Sashimi Platter,2,Mia,Dine-In,48.0
103727,2025-08-14 18:47:00,29,Yellowtail Nigiri,1,Chris,Dine-In,11.0
105849,2025-12-21 18:32:00,22,Tuna Nigiri,2,Mia,Dine-In,20.0
102422,2025-05-29 18:02:00,2,Spicy Tuna Roll,2,Jordan,Dine-In,22.0
101751,2025-04-19 18:49:00,8,Spicy Tuna Roll,1,Mia,Dine-In,11.0
105823,2025-12-19 18:33:00,19,California Roll,1,Chris,Dine-In,8.5
104924,2025-10-26 17:14:00,11,Spicy Tuna Roll,2,Mia,Dine-In,22.0
104063,2025-09-04 12:35:00,11,Hamachi Kama,2,Alex,Takeout,36.0
100339,2025-01-19 13:52:00,6,Salmon Nigiri,1,Jordan,Dine-In,9.0
100216,2025-01-12 21:02:00,28,California Roll,2,Sam,Dine-In,17.0
103664,2025-08-11 12:37:00,6,Salmon Roll,3,Taylor,Dine-In,31.5
101342,2025-03-25 20:02:00,17,Tuna Nigiri,1,Chris,Delivery,10.0
105856,2025-12-22 18:59:00,7,Salmon Roll,1,Mia,Takeout,10.5
103895,2025-08-24 21:30:00,2,Yellowtail Nigiri,3,Mia,Delivery,33.0
103641,2025-08-09 21:07:00,12,Spicy Tuna Roll,4,Chris,Dine-In,44.0
100330,2025-01-18 19:52:00,7,California Roll,1,Taylor,Dine-In,8.5
103005,2025-07-03 12:21:00,25,Spicy Tuna Roll,1,Mia,Dine-In,11.0
105754,2025-12-15 14:22:00,21,Dragon Roll,4,Mia,Dine-In,60.0
103116,2025-07-08 14:15:00,4,Yellowtail Nigiri,2,Alex,Takeout,22.0
105826,2025-12-19 20:51:00,26,California Roll,1,Mia,Dine-In,8.5
102323,2025-05-22 20:41:00,20,Tuna Nigiri,4,Alex,Dine-In,40.0
104198,2025-09-11 18:28:00,25,Tempura Udon,1,Taylor,Takeout,14.0
103550,2025-08-04 17:37:00,21,Spicy Tuna Roll,1,Sam,Dine-In,11.0
101459,2025-04-01 21:23:00,22,Gyoza,1,Mia,Takeout,8.0
100172,2025-01-10 17:49:00,30,Salmon Nigiri,1,Chris,Dine-In,9.0
104204,2025-09-11 20:29:00,12,California Roll,1,Chris,Takeout,8.5
105037,2025-11-01 11:47:00,26,Miso Soup,1,Chris,Delivery,4.0
103570,2025-08-06 11:55:00,6,California Roll,1,Mia,Takeout,8.5
104227,2025-09-13 13:40:00,2,Gyoza,2,Taylor,Takeout,16.0
104905,2025-10-25 13:42:00,15,Gyoza,2,Alex,Dine-In,16.0
104953,2025-10-27 21:07:00,28,Spicy Tuna Roll,1,Sam,Takeout,11.0
100939,2025-02-27 17:21:00,1,Edamame,1,Mia,Dine-In,6.0
100061,2025-01-04 11:59:00,20,Edamame,1,Sam,Takeout,6.0
101241,2025-03-19 13:42:00,16,Tuna Nigiri,1,Sam,Dine-In,10.0
105026,2025-10-31 19:09:00,9,Yellowtail Nigiri,3,Jordan,Dine-In,33.0
102121,2025-05-09 17:46:00,17,Spicy Tuna Roll,4,Alex,Dine-In,44.0
101525,2025-04-06 13:01:00,2,Salmon Roll,2,Taylor,Dine-In,21.0
100154,2025-01-09 11:52:00,22,California Roll,3,Jordan,Dine-In,25.5
100482,2025-01-29 14:30:00,10,Edamame,3,Sam,Takeout,18.0
104461,2025-09-26 20:28:00,10,Salmon Roll,1,Alex,Dine-In,10.5
103921,2025-08-26 17:10:00,24,Sashimi Platter,1,Jordan,Takeout,24.0
101763,2025-04-20 12:33:00,24,Edamame,2,Jordan,Dine-In,12.0
100751,2025-02-15 17:31:00,13,Salmon Roll,1,Sam,Delivery,10.5
101786,2025-04-21 20:14:00,28,Edamame,2,Sam,Takeout,12.0
104502,2025-09-29 18:06:00,18,Miso Soup,3,Chris,Dine-In,12.0
102712,2025-06-15 19:10:00,6,Edamame,1,Mia,Takeout,6.0
104862,2025-10-22 19:34:00,4,Edamame,3,Mia,Takeout,18.0
104194,2025-09-11 11:47:00,22,Spicy Tuna Roll,1,Jordan,Dine-In,11.0
101334,2025-03-25 17:23:00,15,Salmon Nigiri,1,Mia,Takeout,9.0
105355,2025-11-21 20:17:00,11,Spicy Tuna Roll,4,Jordan,Takeout,44.0
102855,2025-06-24 12:58:00,23,Gyoza,1,Taylor,Takeout,8.0
100187,2025-01-11 14:09:00,19,Tuna Nigiri,2,Taylor,Takeout,20.0
101137,2025-03-12 17:32:00,19,Spicy Tuna Roll,2,Chris,Dine-In,22.0
102059,2025-05-06 13:47:00,3,Matcha Cheesecake,2,Sam,Delivery,14.0
105039,2025-11-01 13:43:00,13,California Roll,1,Taylor,Takeout,8.5
100149,2025-01-08 20:19:00,15,Matcha Cheesecake,3,Mia,Dine-In,21.0
104125,2025-09-07 13:29:00,24,Edamame,2,Taylor,Takeout,12.0
103364,2025-07-23 13:24:00,7,Miso Soup,1,Sam,Dine-In,4.0
102867,2025-06-24 19:57:00,26,Edamame,1,Jordan,Delivery,6.0
103777,2025-08-17 12:48:00,1,Spicy Tuna Roll,1,Chris,Dine-In,11.0
101387,2025-03-28 17:56:00,12,Tuna Nigiri,1,Alex,Dine-In,10.0
105693,2025-12-11 14:28:00,18,Salmon Nigiri,1,Sam,Dine-In,9.0
104976,2025-10-29 11:38:00,24,Tuna Nigiri,3,Alex,Takeout,30.0
103630,2025-08-09 14:03:00,25,Spicy Tuna Roll,1,Taylor,Takeout,11.0
105417,2025-11-25 14:01:00,12,Tuna Nigiri,1,Mia,Takeout,10.0
103029,2025-07-03 20:48:00,10,California Roll,4,Jordan,Dine-In,34.0
102970,2025-06-30 19:07:00,16,Spicy Tuna Roll,2,Chris,Takeout,22.0
105225,2025-11-13 12:13:00,20,California Roll,1,Alex,Dine-In,8.5
101709,2025-04-17 11:30:00,22,Tuna Nigiri,2,Taylor,Dine-In,20.0
102954,2025-06-29 20:21:00,7,Spicy Tuna Roll,3,Taylor,Takeout,33.0
100455,2025-01-27 17:37:00,23,California Roll,1,Jordan,Dine-In,8.5
100610,2025-02-07 17:34:00,28,Tempura Udon,3,Mia,Dine-In,42.0
104264,2025-09-15 17:48:00,13,Matcha Cheesecake,3,Mia,Takeout,21.0
105098,2025-11-04 21:26:00,26,Chicken Teriyaki,2,Jordan,Delivery,32.0
102075,2025-05-07 11:30:00,3,Tuna Nigiri,4,Chris,Takeout,40.0
104053,2025-09-03 18:54:00,27,Salmon Nigiri,1,Taylor,Dine-In,9.0
104890,2025-10-24 19:19:00,29,Chicken Teriyaki,2,Mia,Takeout,32.0
101623,2025-04-12 19:22:00,9,Gyoza,2,Alex,Dine-In,16.0
104684,2025-10-11 21:14:00,10,Spicy Tuna Roll,3,Alex,Dine-In,33.0
105270,2025-11-16 13:29:00,6,California Roll,4,Alex,Dine-In,34.0
100041,2025-01-03 12:08:00,14,California Roll,3,Mia,Dine-In,25.5
102090,2025-05-07 20:23:00,11,California Roll,1,Jordan,Dine-In,8.5
103925,2025-08-26 18:38:00,1,California Roll,2,Sam,Dine-In,17.0
102176,2025-05-12 19:09:00,20,Tempura Udon,2,Alex,Dine-In,28.0
100075,2025-01-04 19:44:00,29,Matcha Cheesecake,3,Alex,Dine-In,21.0
104815,2025-10-19 17:09:00,4,Yellowtail Nigiri,4,Taylor,Dine-In,44.0
105942,2025-12-27 20:39:00,29,Chicken Teriyaki,1,Alex,Takeout,16.0
102658,2025-06-11 13:27:00,13,Miso Soup,2,Jordan,Dine-In,8.0
103181,2025-07-12 11:45:00,14,Gyoza,2,Chris,Dine-In,16.0
102077,2025-05-07 13:25:00,20,Gyoza,3,Mia,Dine-In,24.0
100442,2025-01-26 18:48:00,4,Chicken Teriyaki,4,Alex,Dine-In,64.0
102052,2025-05-05 21:11:00,21,Yellowtail Nigiri,2,Alex,Takeout,22.0
102542,2025-06-04 20:23:00,25,California Roll,1,Taylor,Dine-In,8.5
101302,2025-03-23 14:06:00,3,Dragon Roll,1,Alex,Delivery,15.0
103431,2025-07-27 14:10:00,17,Tuna Nigiri,1,Taylor,Dine-In,10.0
101305,2025-03-23 18:52:00,7,Edamame,1,Alex,Dine-In,6.0
100237,2025-01-14 11:46:00,3,Spicy Tuna Roll,4,Alex,Dine-In,44.0
105012,2025-10-31 12:33:00,16,Tempura Udon,1,Taylor,Dine-In,14.0
102600,2025-06-08 13:33:00,2,Salmon Nigiri,3,Alex,Takeout,27.0
104617,2025-10-07 13:52:00,2,Salmon Roll,1,Mia,Takeout,10.5
102574,2025-06-06 21:13:00,17,Salmon Roll,4,Sam,Dine-In,42.0
103281,2025-07-17 19:05:00,8,Miso Soup,2,Alex,Dine-In,8.0
103187,2025-07-12 17:38:00,6,Salmon Roll,1,Alex,Dine-In,10.5
103954,2025-08-28 12:44:00,2,Tuna Nigiri,4,Sam,Dine-In,40.0
102769,2025-06-19 13:54:00,17,Gyoza,2,Sam,Dine-In,16.0
104224,2025-09-13 12:05:00,29,California Roll,4,Jordan,Delivery,34.0
102107,2025-05-08 19:56:00,11,Edamame,2,Sam,Dine-In,12.0
102680,2025-06-12 20:14:00,24,Miso Soup,2,Mia,Dine-In,8.0
102762,2025-06-18 19:39:00,4,Chicken Teriyaki,2,Sam,Dine-In,32.0
104689,2025-10-12 13:51:00,2,Tempura Udon,1,Alex,Dine-In,14.0
101388,2025-03-28 18:10:00,29,California Roll,1,Alex,Dine-In,8.5
105653,2025-12-08 20:46:00,23,Matcha Cheesecake,1,Chris,Dine-In,7.0
105447,2025-11-26 19:43:00,29,Miso Soup,2,Sam,Dine-In,8.0
101280,2025-03-22 13:09:00,3,Salmon Roll,3,Sam,Delivery,31.5
105904,2025-12-25 18:50:00,18,Salmon Roll,2,Mia,Dine-In,21.0
101556,2025-04-07 21:17:00,23,California Roll,2,Taylor,Dine-In,17.0
105659,2025-12-09 13:32:00,9,Spicy Tuna Roll,1,Taylor,Dine-In,11.0
103191,2025-07-12 18:23:00,10,California Roll,3,Taylor,Takeout,25.5
104567,2025-10-03 19:38:00,22,Tuna Nigiri,3,Chris,Dine-In,30.0
104803,2025-10-18 17:16:00,28,Salmon Roll,4,Sam,Dine-In,42.0
105648,2025-12-08 18:12:00,19,Gyoza,1,Chris,Delivery,8.0
103595,2025-08-07 14:29:00,1,Spicy Tuna Roll,3,Sam,Dine-In,33.0
101921,2025-04-28 18:06:00,1,Tuna Nigiri,2,Chris,Delivery,20.0
100514,2025-01-31 19:29:00,30,Dragon Roll,1,Jordan,Dine-In,15.0
104178,2025-09-10 17:27:00,13,Salmon Nigiri,1,Sam,Dine-In,9.0
101309,2025-03-23 21:17:00,16,Edamame,4,Mia,Dine-In,24.0
100915,2025-02-25 20:58:00,27,Salmon Nigiri,2,Jordan,Dine-In,18.0
103453,2025-07-28 18:14:00,26,Tuna Nigiri,2,Taylor,Takeout,20.0
103696,2025-08-12 19:58:00,27,Spicy Tuna Roll,1,Taylor,Dine-In,11.0
104243,2025-09-13 20:31:00,21,Spicy Tuna Roll,1,Taylor,Dine-In,11.0
103157,2025-07-10 18:28:00,28,Gyoza,1,Jordan,Takeout,8.0
102199,2025-05-13 20:25:00,26,Yellowtail Nigiri,1,Jordan,Dine-In,11.0
100775,2025-02-16 21:30:00,13,Edamame,2,Jordan,Takeout,12.0
104426,2025-09-24 17:43:00,9,Edamame,1,Sam,Dine-In,6.0
100944,2025-02-27 19:51:00,20,Spicy Tuna Roll,3,Sam,Takeout,33.0
100823,2025-02-20 12:22:00,6,Salmon Nigiri,1,Chris,Dine-In,9.0
104278,2025-09-16 17:09:00,13,Sashimi Platter,2,Jordan,Delivery,48.0
100165,2025-01-09 20:43:00,26,California Roll,1,Jordan,Dine-In,8.5
104548,2025-10-02 19:13:00,21,Gyoza,4,Alex,Delivery,32.0
103984,2025-08-29 21:15:00,16,Tuna Nigiri,1,Chris,Takeout,10.0
102539,2025-06-04 19:18:00,30,Salmon Nigiri,1,Jordan,Dine-In,9.0
105747,2025-12-15 12:14:00,25,California Roll,4,Mia,Dine-In,34.0
101312,2025-03-24 12:57:00,25,Salmon Nigiri,1,Alex,Delivery,9.0
105471,2025-11-28 18:47:00,6,Spicy Tuna Roll,1,Taylor,Dine-In,11.0
105014,2025-10-31 13:21:00,17,Salmon Nigiri,2,Alex,Dine-In,18.0
105589,2025-12-04 13:53:00,8,Spicy Tuna Roll,1,Jordan,Dine-In,11.0
103301,2025-07-19 12:19:00,23,Miso Soup,3,Jordan,Dine-In,12.0
103311,2025-07-19 18:56:00,6,Tuna Nigiri,2,Taylor,Dine-In,20.0
100328,2025-01-18 19:36:00,4,Edamame,1,Sam,Dine-In,6.0
102491,2025-06-02 17:25:00,8,Salmon Nigiri,4,Taylor,Dine-In,36.0
105642,2025-12-08 12:30:00,23,Dragon Roll,3,Taylor,Dine-In,45.0
104409,2025-09-23 20:22:00,8,Chicken Teriyaki,1,Mia,Takeout,16.0
100833,2025-02-20 19:32:00,1,Salmon Roll,2,Taylor,Delivery,21.0
103080,2025-07-06 14:29:00,15,Dragon Roll,2,Alex,Takeout,30.0
103463,2025-07-29 17:04:00,19,Tuna Nigiri,1,Taylor,Dine-In,10.0
105271,2025-11-16 17:56:00,13,Chicken Teriyaki,2,Sam,Takeout,32.0
100055,2025-01-03 19:30:00,7,Salmon Nigiri,1,Mia,Delivery,9.0
104065,2025-09-04 13:46:00,29,Yellowtail Nigiri,1,Jordan,Delivery,11.0
103452,2025-07-28 18:05:00,11,Tuna Nigiri,2,Taylor,Dine-In,20.0
101902,2025-04-27 17:05:00,11,Tuna Nigiri,2,Taylor,Delivery,20.0
101482,2025-04-03 12:38:00,27,Gyoza,2,Mia,Dine-In,16.0
104151,2025-09-08 17:46:00,24,Spicy Tuna Roll,3,Sam,Delivery,33.0
103336,2025-07-21 18:00:00,7,Salmon Nigiri,2,Alex,Takeout,18.0
100947,2025-02-27 20:59:00,13,California Roll,1,Chris,Delivery,8.5
103294,2025-07-18 18:48:00,21,Edamame,1,Sam,Dine-In,6.0
102162,2025-05-11 18:35:00,10,Salmon Roll,2,Unknown,Dine-In,21.0
105558,2025-12-02 20:38:00,3,Salmon Roll,1,Alex,Dine-In,10.5
103058,2025-07-05 13:52:00,6,Tempura Udon,4,Jordan,Dine-In,56.0
100769,2025-02-16 19:17:00,28,Miso Soup,1,Alex,Delivery,4.0
105662,2025-12-09 14:10:00,18,Miso Soup,1,Taylor,Takeout,4.0
103496,2025-07-31 17:10:00,15,Salmon Roll,2,Mia,Dine-In,21.0
100286,2025-01-16 19:56:00,10,Salmon Roll,4,Alex,Dine-In,42.0
105952,2025-12-28 17:44:00,9,Dragon Roll,1,Chris,Takeout,15.0
104525,2025-10-01 18:18:00,18,Dragon Roll,3,Taylor,Dine-In,45.0
105352,2025-11-21 17:45:00,6,Spicy Tuna Roll,2,Sam,Dine-In,22.0
102333,2025-05-23 18:16:00,10,Yellowtail Nigiri,1,Alex,Takeout,11.0
102718,2025-06-16 11:54:00,27,Tuna Nigiri,2,Alex,Dine-In,20.0
102080,2025-05-07 17:56:00,6,Hamachi Kama,2,Mia,Dine-In,36.0
103390,2025-07-24 19:35:00,18,Dragon Roll,1,Alex,Takeout,15.0
100723,2025-02-14 12:28:00,29,Miso Soup,1,Mia,Takeout,4.0
100952,2025-02-28 14:13:00,22,Spicy Tuna Roll,1,Alex,Dine-In,11.0
105240,2025-11-13 20:19:00,9,Miso Soup,2,Sam,Takeout,8.0
102263,2025-05-18 12:55:00,24,Gyoza,2,Sam,Delivery,16.0
100990,2025-03-02 12:27:00,7,Tuna Nigiri,1,Taylor,Dine-In,10.0
103213,2025-07-13 20:48:00,29,Sashimi Platter,4,Mia,Dine-In,96.0
101760,2025-04-19 21:07:00,14,California Roll,3,Sam,Dine-In,25.5
104936,2025-10-26 21:22:00,26,Tempura Udon,1,Mia,Delivery,14.0
104423,2025-09-24 14:29:00,24,Salmon Roll,4,Mia,Dine-In,42.0
101725,2025-04-17 19:00:00,26,California Roll,2,Mia,Dine-In,17.0
100342,2025-01-19 18:20:00,30,Tempura Udon,1,Sam,Delivery,14.0
103702,2025-08-12 21:11:00,15,Edamame,1,Taylor,Dine-In,6.0
104244,2025-09-13 20:47:00,5,California Roll,1,Mia,Takeout,8.5
100689,2025-02-12 13:45:00,4,Dragon Roll,1,Mia,Takeout,15.0
103433,2025-07-27 14:22:00,6,Dragon Roll,2,Sam,Dine-In,30.0
100967,2025-03-01 12:50:00,2,Yellowtail Nigiri,2,Taylor,Takeout,22.0
105688,2025-12-10 20:36:00,11,Chicken Teriyaki,3,Mia,Dine-In,48.0
102204,2025-05-14 18:08:00,18,Gyoza,2,Taylor,Takeout,16.0
102714,2025-06-15 19:59:00,6,Edamame,3,Mia,Dine-In,18.0
104758,2025-10-15 18:46:00,27,Sashimi Platter,1,Sam,Dine-In,24.0
105298,2025-11-17 20:03:00,7,California Roll,2,Alex,Dine-In,17.0
105507,2025-11-30 13:34:00,1,Gyoza,1,Taylor,Delivery,8.0
103573,2025-08-06 14:07:00,21,Hamachi Kama,2,Sam,Dine-In,36.0
104806,2025-10-18 18:59:00,29,California Roll,1,Chris,Takeout,8.5
101991,2025-05-02 14:04:00,3,Sashimi Platter,2,Jordan,Dine-In,48.0
104121,2025-09-06 21:30:00,12,Miso Soup,2,Alex,Delivery,8.0
104760,2025-10-15 20:19:00,1,Salmon Roll,4,Chris,Dine-In,42.0
104931,2025-10-26 20:24:00,25,Gyoza,1,Mia,Dine-In,8.0
105714,2025-12-12 17:17:00,1,Salmon Roll,2,Sam,Dine-In,21.0
105707,2025-12-12 12:51:00,29,Edamame,1,Mia,Dine-In,6.0
103601,2025-08-07 19:30:00,4,Tuna Nigiri,1,Alex,Delivery,10.0
105493,2025-11-29 18:09:00,16,Edamame,1,Chris,Dine-In,6.0
105997,2025-12-31 20:16:00,14,California Roll,1,Alex,Dine-In,8.5
104955,2025-10-28 12:11:00,13,Tuna Nigiri,2,Taylor,Takeout,20.0
100386,2025-01-22 20:24:00,29,Edamame,1,Jordan,Takeout,6.0
105246,2025-11-14 13:33:00,26,California Roll,2,Chris,Delivery,17.0
105495,2025-11-29 19:18:00,12,Spicy Tuna Roll,1,Sam,Takeout,11.0
100537,2025-02-02 14:16:00,9,Miso Soup,2,Chris,Dine-In,8.0
105831,2025-12-20 12:03:00,13,Spicy Tuna Roll,1,Mia,Delivery,11.0
104213,2025-09-12 19:34:00,8,California Roll,2,Alex,Dine-In,17.0
103508,2025-08-01 13:05:00,25,California Roll,2,Mia,Dine-In,17.0
100202,2025-01-11 20:12:00,3,Salmon Roll,2,Taylor,Delivery,21.0
101333,2025-03-25 17:19:00,7,Salmon Nigiri,1,Alex,Dine-In,9.0
103503,2025-07-31 20:13:00,21,Edamame,2,Taylor,Dine-In,12.0
102709,2025-06-15 18:52:00,22,Salmon Roll,1,Taylor,Delivery,10.5
104663,2025-10-10 12:12:00,22,Edamame,1,Mia,Takeout,6.0
104022,2025-09-01 12:18:00,28,Salmon Roll,1,Alex,Dine-In,10.5
101855,2025-04-24 21:03:00,29,Spicy Tuna Roll,2,Jordan,Delivery,22.0
105379,2025-11-22 20:40:00,27,Hamachi Kama,4,Chris,Dine-In,72.0
102873,2025-06-25 13:14:00,23,Edamame,4,Alex,Dine-In,24.0
103031,2025-07-03 21:23:00,29,Tuna Nigiri,2,Taylor,Takeout,20.0
101206,2025-03-16 19:53:00,20,Spicy Tuna Roll,4,Jordan,Takeout,44.0
101646,2025-04-13 20:58:00,27,Salmon Roll,3,Mia,Dine-In,31.5
103418,2025-07-26 17:53:00,27,California Roll,4,Mia,Delivery,34.0
103477,2025-07-30 12:46:00,27,Chicken Teriyaki,2,Jordan,Dine-In,32.0
102862,2025-06-24 19:05:00,22,Miso Soup,2,Sam,Dine-In,8.0
101793,2025-04-21 21:09:00,15,Tuna Nigiri,2,Sam,Takeout,20.0
103798,2025-08-18 17:29:00,16,California Roll,1,Alex,Delivery,8.5
103369,2025-07-23 17:13:00,4,Salmon Nigiri,2,Chris,Dine-In,18.0
103368,2025-07-23 14:27:00,27,Spicy Tuna Roll,2,Mia,Takeout,22.0
103534,2025-08-03 17:46:00,4,Miso Soup,1,Mia,Dine-In,4.0
105931,2025-12-27 17:05:00,30,Edamame,1,Chris,Dine-In,6.0
103450,2025-07-28 14:16:00,5,California Roll,4,Sam,Delivery,34.0
100604,2025-02-06 19:37:00,2,California Roll,1,Alex,Dine-In,8.5
103057,2025-07-05 13:31:00,13,Gyoza,2,Chris,Dine-In,16.0
105230,2025-11-13 14:16:00,26,Hamachi Kama,3,Taylor,Delivery,54.0
100127,2025-01-07 19:46:00,25,Salmon Roll,2,Alex,Dine-In,21.0
103877,2025-08-23 18:18:00,3,Gyoza,1,Sam,Dine-In,8.0
102936,2025-06-28 20:03:00,2,Salmon Nigiri,1,Taylor,Dine-In,9.0
104452,2025-09-26 12:22:00,7,Matcha Cheesecake,3,Taylor,Dine-In,21.0
103532,2025-08-03 17:46:00,24,Edamame,3,Taylor,Dine-In,18.0
102731,2025-06-16 18:39:00,25,Tuna Nigiri,2,Jordan,Takeout,20.0
100828,2025-02-20 17:02:00,26,Tuna Nigiri,1,Chris,Delivery,10.0
101640,2025-04-13 20:00:00,26,California Roll,1,Sam,Dine-In,8.5
100985,2025-03-01 21:03:00,15,Chicken Teriyaki,1,Chris,Dine-In,16.0
103282,2025-07-17 19:08:00,29,Miso Soup ,4,Mia,Dine-In,16.0
105988,2025-12-30 21:18:00,22,Salmon Roll,2,Sam,Dine-In,21.0
102189,2025-05-13 17:41:00,2,Spicy Tuna Roll,2,Alex,Dine-In,22.0
105544,2025-12-02 12:29:00,12,Yellowtail Nigiri,4,Jordan,Dine-In,44.0
102444,2025-05-30 18:35:00,15,Chicken Teriyaki,1,Chris,Takeout,16.0
100363,2025-01-20 20:46:00,21,Miso Soup,2,Taylor,Dine-In,8.0
102350,2025-05-25 17:19:00,25,Edamame,2,Sam,Takeout,12.0
100346,2025-01-19 18:53:00,16,Miso Soup,2,Mia,Dine-In,8.0
100815,2025-02-19 19:57:00,13,Yellowtail Nigiri,1,Chris,Dine-In,11.0
104808,2025-10-19 11:51:00,13,Edamame,1,Taylor,Dine-In,6.0
103206,2025-07-13 17:36:00,2,Salmon Roll,3,Taylor,Takeout,31.5
104995,2025-10-30 14:11:00,9,Miso Soup,4,Taylor,Dine-In,16.0
105772,2025-12-16 17:59:00,15,Miso Soup,2,Sam,Takeout,8.0
103326,2025-07-20 19:23:00,25,Salmon Nigiri,4,Mia,Dine-In,36.0
104107,2025-09-06 14:08:00,11,Tempura Udon,2,Jordan,Dine-In,28.0
102117,2025-05-09 14:15:00,16,Tuna Nigiri,3,Taylor,Dine-In,30.0
101835,2025-04-24 12:46:00,30,California Roll,2,Taylor,Dine-In,17.0
100794,2025-02-17 21:02:00,16,Spicy Tuna Roll,2,Taylor,Dine-In,22.0
105961,2025-12-28 20:47:00,1,California Roll,3,Sam,Takeout,25.5
102675,2025-06-12 17:42:00,4,Chicken Teriyaki,1,Chris,Dine-In,16.0
100095,2025-01-05 20:25:00,3,Spicy Tuna Roll,1,Taylor,Dine-In,11.0
104226,2025-09-13 13:34:00,10,Dragon Roll,1,Mia,Dine-In,15.0
103757,2025-08-16 12:21:00,11,Tuna Nigiri,2,Jordan,Takeout,20.0
102892,2025-06-26 12:16:00,22,Spicy Tuna Roll,2,Jordan,Dine-In,22.0
102372,2025-05-26 19:14:00,1,Hamachi Kama,1,Taylor,Dine-In,18.0
104982,2025-10-29 17:34:00,29,Dragon Roll,4,Taylor,Dine-In,60.0
105331,2025-11-20 13:40:00,19,Edamame,3,Jordan,Dine-In,18.0
103229,2025-07-14 19:01:00,28,California Roll,2,Mia,Dine-In,17.0
105363,2025-11-22 13:02:00,20,Salmon Nigiri,2,Mia,Dine-In,18.0
102854,2025-06-24 12:01:00,21,Yellowtail Nigiri,1,Jordan,Dine-In,11.0
102913,2025-06-27 17:00:00,2,California Roll,4,Jordan,Dine-In,34.0
101866,2025-04-25 17:55:00,16,Tuna Nigiri,1,Chris,Delivery,10.0
104613,2025-10-07 12:37:00,6,Salmon Roll,4,Jordan,Dine-In,42.0
101858,2025-04-25 12:24:00,19,Salmon Roll,4,Alex,Delivery,42.0
102646,2025-06-10 19:20:00,30,Dragon Roll,1,Chris,Dine-In,15.0
102244,2025-05-16 21:17:00,1,Yellowtail Nigiri,1,Taylor,Delivery,11.0
102337,2025-05-24 12:50:00,26,Yellowtail Nigiri,1,Mia,Delivery,11.0
100951,2025-02-28 13:04:00,24,California Roll,3,Chris,Dine-In,25.5
103069,2025-07-05 19:39:00,17,Spicy Tuna Roll,1,Jordan,Takeout,11.0
101121,2025-03-11 12:06:00,23,Spicy Tuna Roll,1,Mia,Takeout,11.0
102598,2025-06-08 12:48:00,3,Sashimi Platter,1,Taylor,Dine-In,24.0
102205,2025-05-14 18:16:00,10,Salmon Roll,1,Taylor,Takeout,10.5
100420,2025-01-25 12:54:00,10,Chicken Teriyaki,2,Alex,Dine-In,32.0
100923,2025-02-26 13:37:00,11,Hamachi Kama,1,Chris,Dine-In,18.0
101255,2025-03-20 13:05:00,22,Salmon Nigiri,2,Jordan,Dine-In,18.0
100478,2025-01-29 13:16:00,4,Salmon Roll,3,Chris,Dine-In,31.5
102036,2025-05-04 21:28:00,25,Gyoza,2,Chris,Takeout,16.0
101203,2025-03-16 18:23:00,12,Gyoza,1,Alex,Delivery,8.0
102627,2025-06-09 20:48:00,8,Edamame,1,Sam,Dine-In,6.0
105797,2025-12-17 20:16:00,21,Edamame,4,Jordan,Dine-In,24.0
101971,2025-05-01 17:40:00,30,Salmon Roll,1,Alex,Dine-In,10.5
103111,2025-07-07 21:26:00,25,Gyoza,2,Taylor,Takeout,16.0
104019,2025-08-31 20:09:00,29,Tuna Nigiri,1,Chris,Dine-In,10.0
102152,2025-05-11 12:01:00,10,Salmon Roll,2,Taylor,Dine-In,21.0
103688,2025-08-12 18:36:00,13,Hamachi Kama,2,Jordan,Takeout,36.0
104917,2025-10-26 12:22:00,21,Salmon Nigiri,2,Sam,Delivery,18.0
101998,2025-05-02 19:30:00,2,California Roll,2,Jordan,Takeout,17.0
104034,2025-09-01 19:49:00,29,Yellowtail Nigiri,2,Mia,Dine-In,22.0
105908,2025-12-25 19:42:00,18,Spicy Tuna Roll,3,Alex,Takeout,33.0
103055,2025-07-05 12:53:00,26,Edamame,1,Alex,Dine-In,6.0
101249,2025-03-19 21:15:00,1,California Roll,3,Jordan,Dine-In,25.5
102193,2025-05-13 19:11:00,1,Tuna Nigiri,2,Taylor,Dine-In,20.0
102713,2025-06-15 19:56:00,10,Miso Soup,3,Chris,Takeout,12.0
100993,2025-03-02 17:40:00,29,Chicken Teriyaki,1,Taylor,Dine-In,16.0
102191,2025-05-13 18:09:00,18,Tuna Nigiri,2,Taylor,Dine-In,20.0
104671,2025-10-10 19:22:00,22,Edamame,4,Chris,Dine-In,24.0
103763,2025-08-16 18:23:00,20,Salmon Nigiri,3,Jordan,Delivery,27.0
103598,2025-08-07 18:05:00,19,Dragon Roll,1,Chris,Dine-In,15.0
104712,2025-10-13 17:05:00,26,Dragon Roll,2,Jordan,Takeout,30.0
101319,2025-03-24 19:18:00,27,Tuna Nigiri,2,Mia,Delivery,20.0
101864,2025-04-25 17:29:00,5,Tuna Nigiri,2,Sam,Dine-In,20.0
102344,2025-05-24 20:58:00,30,Tempura Udon,1,Chris,Dine-In,14.0
102450,2025-05-30 20:47:00,11,Chicken Teriyaki,2,Chris,Takeout,32.0
102137,2025-05-10 14:30:00,22,Yellowtail Nigiri,2,Sam,Dine-In,22.0
101066,2025-03-06 18:33:00,1,Gyoza,1,Taylor,Dine-In,8.0
105976,2025-12-30 18:04:00,24,Miso Soup,3,Jordan,Dine-In,12.0
104228,2025-09-13 17:11:00,23,Tuna Nigiri,4,Jordan,Dine-In,40.0
102622,2025-06-09 19:18:00,13,Tuna Nigiri,2,Alex,Dine-In,20.0
100078,2025-01-04 20:08:00,10,Tuna Nigiri,2,Mia,Dine-In,20.0
102899,2025-06-26 18:51:00,29,Spicy Tuna Roll,2,Sam,Delivery,22.0
104821,2025-10-19 19:25:00,30,Salmon Roll,3,Sam,Dine-In,31.5
101315,2025-03-24 17:35:00,1,Salmon Nigiri,1,Mia,Dine-In,9.0
105925,2025-12-26 21:28:00,4,Salmon Nigiri,2,Alex,Takeout,18.0
100873,2025-02-23 19:51:00,2,Edamame,1,Mia,Dine-In,6.0
103851,2025-08-21 19:00:00,16,California Roll,2,Taylor,Takeout,17.0
105762,2025-12-15 19:48:00,26,Spicy Tuna Roll,1,Chris,Dine-In,11.0
102966,2025-06-30 17:28:00,1,California Roll,1,Taylor,Delivery,8.5
103392,2025-07-24 19:47:00,15,Miso Soup,1,Jordan,Takeout,4.0
102561,2025-06-05 20:43:00,2,Spicy Tuna Roll,2,Alex,Dine-In,22.0
105901,2025-12-25 17:48:00,22,California Roll,4,Jordan,Takeout,34.0
102636,2025-06-10 13:58:00,2,Miso Soup,1,Alex,Takeout,4.0
103531,2025-08-03 17:42:00,3,Dragon Roll,2,Jordan,Dine-In,30.0
100376,2025-01-21 20:29:00,5,Edamame,1,Mia,Dine-In,6.0
101909,2025-04-27 19:44:00,13,California Roll,4,Chris,Dine-In,34.0
104430,2025-09-24 18:30:00,1,Salmon Roll,3,Mia,Dine-In,31.5
105200,2025-11-11 17:30:00,24,California Roll,1,Sam,Delivery,8.5
105258,2025-11-15 14:08:00,29,California Roll,3,Jordan,Dine-In,25.5
104028,2025-09-01 19:23:00,15,Miso Soup,1,Jordan,Dine-In,4.0
101605,2025-04-11 14:07:00,6,Chicken Teriyaki,1,Alex,Takeout,16.0
101119,2025-03-11 12:03:00,5,Yellowtail Nigiri,3,Mia,Dine-In,33.0
103678,2025-08-11 20:24:00,13,Tuna Nigiri,1,Chris,Dine-In,10.0
103491,2025-07-30 21:13:00,14,Spicy Tuna Roll,4,Chris,Dine-In,44.0
105860,2025-12-22 20:47:00,19,Gyoza,1,Taylor,Dine-In,8.0
102959,2025-06-29 21:25:00,30,Gyoza,1,Alex,Takeout,8.0
101995,2025-05-02 17:32:00,22,Matcha Cheesecake,2,Mia,Delivery,14.0
105971,2025-12-29 20:37:00,11,Dragon Roll,3,Mia,Takeout,45.0
105224,2025-11-13 12:05:00,26,Yellowtail Nigiri,1,Chris,Dine-In,11.0
102377,2025-05-26 20:11:00,4,Dragon Roll,4,Sam,Dine-In,60.0
101343,2025-03-25 20:18:00,6,Yellowtail Nigiri,1,Chris,Dine-In,11.0
100321,2025-01-18 18:07:00,23,California Roll,3,Chris,Dine-In,25.5
101620,2025-04-12 18:00:00,19,California Roll,1,Alex,Dine-In,8.5
103714,2025-08-13 17:28:00,27,CALIFORNIA ROLL,1,Sam,Dine-In,8.5
102061,2025-05-06 17:30:00,4,Salmon Nigiri,2,Mia,Dine-In,18.0
102220,2025-05-15 18:36:00,16,Edamame,2,Mia,Takeout,12.0
101674,2025-04-15 17:43:00,16,California Roll,2,Mia,Takeout,17.0
100261,2025-01-15 17:40:00,14,Spicy Tuna Roll,3,Alex,Dine-In,33.0
105310,2025-11-18 20:52:00,12,California Roll,1,Mia,Dine-In,8.5
102040,2025-05-05 13:20:00,19,Salmon Nigiri,2,Mia,Dine-In,18.0
104786,2025-10-17 13:06:00,11,Spicy Tuna Roll,4,Jordan,Takeout,44.0
100902,2025-02-25 17:20:00,6,California Roll,4,Chris,Dine-In,34.0
103745,2025-08-15 17:43:00,25,Salmon Roll,1,Taylor,Takeout,10.5
102027,2025-05-04 17:49:00,18,Yellowtail Nigiri,1,Sam,Delivery,11.0
104235,2025-09-13 17:58:00,24,Salmon Nigiri,3,Jordan,Delivery,27.0
101918,2025-04-28 17:35:00,24,Miso Soup,1,Sam,Dine-In,4.0
101829,2025-04-23 20:55:00,30,Dragon Roll,1,Mia,Delivery,15.0
101574,2025-04-09 13:12:00,15,Salmon Roll,4,Mia,Dine-In,42.0
104416,2025-09-24 12:46:00,26,Yellowtail Nigiri,1,Taylor,Dine-In,11.0
104750,2025-10-14 20:48:00,26,Tempura Udon,4,Alex,Dine-In,56.0
105278,2025-11-16 20:04:00,22,Chicken Teriyaki,2,Mia,Delivery,32.0
104655,2025-10-09 17:54:00,24,Gyoza,2,Jordan,Dine-In,16.0
104209,2025-09-12 18:15:00,26,Salmon Nigiri,1,Chris,Dine-In,9.0
104628,2025-10-08 11:52:00,16,Salmon Nigiri,1,Taylor,Takeout,9.0
100225,2025-01-13 12:48:00,7,Salmon Roll,2,Sam,Takeout,21.0
100724,2025-02-14 12:29:00,13,Spicy Tuna Roll,2,Chris,Dine-In,22.0
105399,2025-11-24 12:02:00,5,Salmon Roll,3,Taylor,Takeout,31.5
101142,2025-03-12 19:25:00,7,Edamame,2,Sam,Dine-In,12.0
102763,2025-06-18 19:58:00,2,Spicy Tuna Roll,4,Jordan,Dine-In,44.0
100847,2025-02-21 18:26:00,21,Spicy Tuna Roll,1,Chris,Dine-In,11.0
104290,2025-09-16 20:40:00,10,Edamame,1,Mia,Dine-In,6.0
105043,2025-11-01 17:31:00,11,Hamachi Kama,1,Chris,Delivery,18.0
102552,2025-06-05 13:34:00,22,Gyoza,1,Alex,Dine-In,8.0
102929,2025-06-28 17:22:00,13,Salmon Nigiri,1,Taylor,Dine-In,9.0
100118,2025-01-07 18:02:00,30,Yellowtail Nigiri,1,Jordan,Delivery,11.0
100646,2025-02-09 20:12:00,11,Yellowtail Nigiri,1,Sam,Dine-In,11.0
100004,2025-01-01 14:10:00,19,Salmon Nigiri,1,Taylor,Takeout,9.0
104171,2025-09-10 12:55:00,22,Hamachi Kama,1,Chris,Delivery,18.0
100006,2025-01-01 17:41:00,9,Tempura Udon,1,Chris,Dine-In,14.0
100920,2025-02-26 11:53:00,8,Spicy Tuna Roll,3,Chris,Delivery,33.0
102596,2025-06-08 12:09:00,23,Hamachi Kama,1,Jordan,Dine-In,18.0
104325,2025-09-19 19:16:00,27,Spicy Tuna Roll,2,Sam,Dine-In,22.0
101064,2025-03-06 18:02:00,27,California Roll,1,Alex,Dine-In,8.5
102591,2025-06-07 20:13:00,23,Yellowtail Nigiri,1,Alex,Dine-In,11.0
100243,2025-01-14 13:53:00,15,Gyoza,2,Mia,Dine-In,16.0
105231,2025-11-13 17:07:00,20,Yellowtail Nigiri,2,Mia,Delivery,22.0
101161,2025-03-13 20:15:00,3,Gyoza,3,Sam,Dine-In,24.0
103736,2025-08-14 21:30:00,6,Salmon Nigiri,2,Chris,Dine-In,18.0
102398,2025-05-28 13:03:00,29,California Roll,1,Jordan,Dine-In,8.5
103518,2025-08-02 13:01:00,27,Salmon Roll,1,Chris,Dine-In,10.5
103422,2025-07-26 19:24:00,10,Salmon Nigiri,2,Taylor,Takeout,18.0
102564,2025-06-06 12:02:00,1,Tempura Udon,3,Jordan,Dine-In,42.0
101606,2025-04-11 17:26:00,12,Salmon Roll,1,Taylor,Dine-In,10.5
105809,2025-12-18 17:15:00,3,Edamame,3,Mia,Dine-In,18.0
102325,2025-05-22 20:57:00,24,Spicy Tuna Roll,2,Alex,Dine-In,22.0
102710,2025-06-15 18:54:00,29,California Roll,1,Sam,Takeout,8.5
105284,2025-11-17 12:42:00,25,Salmon Roll,2,Chris,Dine-In,21.0
101313,2025-03-24 13:13:00,11,California Roll,1,Mia,Takeout,8.5
103449,2025-07-28 13:41:00,16,Spicy Tuna Roll,1,Taylor,Dine-In,11.0
103813,2025-08-19 12:44:00,3,Salmon Roll,1,Jordan,Dine-In,10.5
105695,2025-12-11 17:41:00,27,Edamame,4,Alex,Takeout,24.0
102363,2025-05-26 12:31:00,11,California Roll,2,Mia,Dine-In,17.0
101976,2025-05-01 18:55:00,17,Spicy Tuna Roll,1,Mia,Dine-In,11.0
103515,2025-08-01 20:55:00,7,Tuna Nigiri,1,Mia,Delivery,10.0
101762,2025-04-20 12:12:00,24,Spicy Tuna Roll,2,Mia,Dine-In,22.0
102740,2025-06-17 12:43:00,18,Spicy Tuna Roll,1,Jordan,Dine-In,11.0
105608,2025-12-05 20:23:00,29,Miso Soup,3,Taylor,Takeout,12.0
102473,2025-06-01 12:09:00,24,Tuna Nigiri,2,Jordan,Delivery,20.0
104008,2025-08-31 11:45:00,22,Chicken Teriyaki,1,Taylor,Dine-In,16.0
104719,2025-10-13 19:32:00,28,Tuna Nigiri,4,Sam,Dine-In,40.0
101494,2025-04-03 21:02:00,4,Matcha Cheesecake,1,Chris,Dine-In,7.0
104207,2025-09-12 12:05:00,20,Edamame,1,Taylor,Takeout,6.0
102159,2025-05-11 18:13:00,9,Spicy Tuna Roll,2,Alex,Dine-In,22.0
105436,2025-11-26 12:17:00,18,Miso Soup,3,Jordan,Takeout,12.0
100233,2025-01-13 19:04:00,1,Yellowtail Nigiri,2,Jordan,Dine-In,22.0
100067,2025-01-04 18:04:00,9,Gyoza,1,Jordan,Dine-In,8.0
101604,2025-04-11 13:18:00,9,Salmon Nigiri,4,Sam,Dine-In,36.0
103284,2025-07-17 20:17:00,18,Yellowtail Nigiri,4,Mia,Dine-In,44.0
103597,2025-08-07 17:25:00,3,Edamame,1,Mia,Takeout,6.0
104633,2025-10-08 13:00:00,5,California Roll,3,Taylor,Takeout,25.5
100126,2025-01-07 19:30:00,6,Chicken Teriyaki,1,Chris,Delivery,16.0
101297,2025-03-23 11:37:00,5,California Roll,4,Jordan,Delivery,34.0
101977,2025-05-01 18:58:00,9,Sashimi Platter,3,Mia,Dine-In,72.0
105437,2025-11-26 12:37:00,12,Spicy Tuna Roll,2,Sam,Dine-In,22.0
105978,2025-12-30 18:26:00,21,Yellowtail Nigiri,1,Mia,Delivery,11.0
102076,2025-05-07 13:14:00,12,Spicy Tuna Roll,3,Unknown,Takeout,33.0
104581,2025-10-04 18:18:00,25,Spicy Tuna Roll,2,Sam,Dine-In,22.0
103087,2025-07-06 18:53:00,1,Chicken Teriyaki,2,Taylor,Dine-In,32.0
105214,2025-11-12 17:31:00,8,Salmon Roll,2,Taylor,Takeout,21.0
103346,2025-07-22 11:41:00,23,Yellowtail Nigiri,4,Sam,Takeout,44.0
105374,2025-11-22 20:03:00,5,Salmon Roll,1,Taylor,Dine-In,10.5
102798,2025-06-20 18:29:00,6,Salmon Roll,1,Chris,Dine-In,10.5
100919,2025-02-26 11:51:00,8,Gyoza,2,Chris,Dine-In,16.0
101647,2025-04-13 21:01:00,12,Gyoza,1,Chris,Dine-In,8.0
105123,2025-11-07 17:07:00,27,Tuna Nigiri,1,Sam,Dine-In,10.0
105127,2025-11-07 18:10:00,24,Salmon Nigiri,1,Sam,Dine-In,9.0
104979,2025-10-29 14:18:00,24,Chicken Teriyaki,1,Taylor,Takeout,16.0
104622,2025-10-07 19:30:00,5,Tuna Nigiri,2,Sam,Dine-In,20.0
100365,2025-01-21 11:51:00,1,Yellowtail Nigiri,1,Taylor,Dine-In,11.0
103288,2025-07-18 12:34:00,13,Dragon Roll,3,Alex,Takeout,45.0
102126,2025-05-09 19:06:00,11,California Roll,2,Alex,Dine-In,17.0
104124,2025-09-07 12:35:00,19,Matcha Cheesecake,2,Sam,Dine-In,14.0
104570,2025-10-04 11:55:00,3,Matcha Cheesecake,4,Jordan,Dine-In,28.0
100526,2025-02-01 18:02:00,9,Salmon Roll,1,Taylor,Takeout,10.5
104822,2025-10-19 20:28:00,7,Salmon Nigiri,1,Taylor,Dine-In,9.0
100056,2025-01-03 19:59:00,21,Salmon Nigiri,2,Alex,Takeout,18.0
100639,2025-02-09 17:36:00,12,California Roll,2,Chris,Takeout,17.0
100303,2025-01-17 19:03:00,24,Chicken Teriyaki,3,Chris,Dine-In,48.0
102767,2025-06-19 13:09:00,19,Edamame,1,Mia,Delivery,6.0
101277,2025-03-21 19:57:00,21,California Roll,4,Chris,Dine-In,34.0
104721,2025-10-13 19:54:00,4,Hamachi Kama,2,Sam,Dine-In,36.0
102056,2025-05-06 12:58:00,23,Matcha Cheesecake,1,Sam,Dine-In,7.0
105146,2025-11-08 13:30:00,16,California Roll,1,Sam,Takeout,8.5
104433,2025-09-24 20:00:00,13,California Roll,3,Jordan,Dine-In,25.5
103645,2025-08-10 13:17:00,8,Miso Soup,4,Jordan,Dine-In,16.0
104144,2025-09-08 12:34:00,25,Dragon Roll,3,Chris,Dine-In,45.0
102879,2025-06-25 19:09:00,1,Spicy Tuna Roll,3,Taylor,Dine-In,33.0
104203,2025-09-11 20:18:00,7,Tempura Udon,3,Jordan,Dine-In,42.0
105176,2025-11-10 13:02:00,30,Spicy Tuna Roll,1,Mia,Delivery,11.0
102287,2025-05-19 20:07:00,13,California Roll,1,Taylor,Dine-In,8.5
102262,2025-05-18 12:07:00,30,Spicy Tuna Roll,1,Taylor,Dine-In,11.0
102297,2025-05-20 18:36:00,17,Hamachi Kama,2,Sam,Dine-In,36.0
101754,2025-04-19 20:18:00,27,Spicy Tuna Roll,2,Taylor,Dine-In,22.0
101969,2025-05-01 17:23:00,7,California Roll,1,Sam,Delivery,8.5
105220,2025-11-12 19:57:00,24,Tuna Nigiri,2,Chris,Dine-In,20.0
103118,2025-07-08 18:55:00,3,Spicy Tuna Roll,2,Sam,Dine-In,22.0
102394,2025-05-27 20:11:00,10,Tempura Udon,3,Jordan,Dine-In,42.0
100524,2025-02-01 17:41:00,14,Edamame,4,Chris,Dine-In,24.0
103901,2025-08-25 12:35:00,4,Spicy Tuna Roll,2,Mia,Takeout,22.0
105613,2025-12-06 14:25:00,27,Salmon Nigiri,1,Taylor,Dine-In,9.0
104700,2025-10-12 19:55:00,13,Spicy Tuna Roll,1,Taylor,Dine-In,11.0
105434,2025-11-26 11:35:00,6,Salmon Nigiri,1,Mia,Dine-In,9.0
103123,2025-07-08 20:02:00,30,Gyoza,3,Alex,Takeout,24.0
104157,2025-09-08 21:15:00,18,Salmon Roll,1,Jordan,Dine-In,10.5
101970,2025-05-01 17:33:00,8,California Roll,3,Chris,Dine-In,25.5
100672,2025-02-11 13:25:00,5,Miso Soup,2,Mia,Dine-In,8.0
104189,2025-09-10 20:06:00,25,Matcha Cheesecake,1,Taylor,Takeout,7.0
100667,2025-02-10 20:47:00,22,Miso Soup,3,Mia,Takeout,12.0
105206,2025-11-11 19:54:00,2,Tuna Nigiri,1,Chris,Takeout,10.0
101888,2025-04-26 18:10:00,20,Salmon Roll,3,Mia,Dine-In,31.5
103267,2025-07-16 18:56:00,7,Miso Soup,2,Jordan,Delivery,8.0
100281,2025-01-16 17:29:00,5,Salmon Nigiri,2,Taylor,Dine-In,18.0
101720,2025-04-17 18:07:00,7,Spicy Tuna Roll,4,Taylor,Dine-In,44.0
102948,2025-06-29 19:08:00,16,Chicken Teriyaki,3,Sam,Takeout,48.0
104456,2025-09-26 18:54:00,28,Dragon Roll,1,Alex,Dine-In,15.0
100900,2025-02-25 12:54:00,11,Miso Soup,4,Mia,Dine-In,16.0
105839,2025-12-20 18:49:00,7,Yellowtail Nigiri,1,Sam,Takeout,11.0
100761,2025-02-16 12:10:00,28,Edamame,3,Mia,Takeout,18.0
101907,2025-04-27 18:29:00,29,Gyoza,1,Alex,Takeout,8.0
104043,2025-09-02 18:01:00,2,Edamame,4,Taylor,Takeout,24.0
103824,2025-08-19 19:29:00,24,Salmon Roll,1,Jordan,Dine-In,10.5
104139,2025-09-07 20:44:00,1,Gyoza,1,Sam,Takeout,8.0
103819,2025-08-19 19:02:00,27,Edamame,1,Alex,Dine-In,6.0
104301,2025-09-18 11:41:00,21,Chicken Teriyaki,2,Mia,Dine-In,32.0
102594,2025-06-08 11:44:00,22,Salmon Nigiri,2,Jordan,Takeout,18.0
104165,2025-09-09 18:13:00,18,Spicy Tuna Roll,2,Alex,Dine-In,22.0
103032,2025-07-04 11:33:00,17,Tuna Nigiri,1,Mia,Dine-In,10.0
103580,2025-08-06 19:58:00,1,Spicy Tuna Roll,4,Jordan,Dine-In,44.0
102833,2025-06-22 19:20:00,30,Salmon Roll,1,Jordan,Delivery,10.5
103473,2025-07-29 20:45:00,29,California Roll,2,Mia,Dine-In,17.0
100138,2025-01-08 17:08:00,14,Salmon Nigiri,2,Taylor,Dine-In,18.0
104893,2025-10-24 19:48:00,25,Matcha Cheesecake,4,Jordan,Dine-In,28.0
102181,2025-05-12 21:27:00,16,Edamame,4,Mia,Dine-In,24.0
102129,2025-05-10 11:30:00,15,California Roll,3,Mia,Dine-In,25.5
103178,2025-07-11 20:37:00,20,Dragon Roll,1,Mia,Dine-In,15.0
104855,2025-10-22 17:05:00,26,Salmon Nigiri,4,Chris,Dine-In,36.0
104638,2025-10-08 18:39:00,15,Salmon Nigiri,2,Chris,Delivery,18.0
105116,2025-11-06 14:10:00,29,Edamame,4,Jordan,Dine-In,24.0
105241,2025-11-13 20:22:00,8,Salmon Nigiri,2,Chris,Delivery,18.0
104262,2025-09-15 17:45:00,3,Tuna Nigiri,4,Chris,Takeout,40.0
104345,2025-09-20 18:20:00,17,Edamame,3,Jordan,Takeout,18.0
101332,2025-03-25 17:06:00,15,California Roll,1,Mia,Dine-In,8.5
102018,2025-05-03 20:36:00,9,Gyoza,4,Alex,Dine-In,32.0
104543,2025-10-02 17:10:00,27,Gyoza,2,Sam,Dine-In,16.0
102483,2025-06-02 11:47:00,13,Spicy Tuna Roll,1,Jordan,Dine-In,11.0
101359,2025-03-26 19:46:00,18,Hamachi Kama,1,Mia,Takeout,18.0
101330,2025-03-25 13:35:00,20,Spicy Tuna Roll,1,Sam,Takeout,11.0
105934,2025-12-27 17:47:00,5,Spicy Tuna Roll,2,Sam,Dine-In,22.0
102151,2025-05-10 21:15:00,22,Yellowtail Nigiri,1,Jordan,Dine-In,11.0
104531,2025-10-01 19:37:00,10,California Roll,2,Chris,Dine-In,17.0
102123,2025-05-09 18:09:00,12,Gyoza,4,Taylor,Dine-In,32.0
104674,2025-10-10 20:02:00,5,Spicy Tuna Roll,4,Alex,Dine-In,44.0
103982,2025-08-29 20:32:00,1,Sashimi Platter,4,Jordan,Dine-In,96.0
101253,2025-03-20 11:49:00,3,Chicken Teriyaki,3,Alex,Dine-In,48.0
103279,2025-07-17 18:25:00,29,Tempura Udon,1,Chris,Dine-In,14.0
103375,2025-07-23 19:57:00,7,Tuna Nigiri,2,Alex,Dine-In,20.0
102815,2025-06-21 19:30:00,16,Salmon Roll,1,Mia,Dine-In,10.5
104720,2025-10-13 19:41:00,14,Gyoza,3,Jordan,Dine-In,24.0
101849,2025-04-24 20:00:00,23,Gyoza,2,Sam,Dine-In,16.0
104859,2025-10-22 18:53:00,10,Spicy Tuna Roll,1,Mia,Dine-In,11.0
103038,2025-07-04 17:30:00,3,Miso Soup,1,Chris,Dine-In,4.0
100389,2025-01-23 13:53:00,30,Salmon Roll,1,Mia,Dine-In,10.5
100236,2025-01-13 20:51:00,8,Spicy Tuna Roll,1,Mia,Dine-In,11.0
101078,2025-03-07 19:48:00,19,Yellowtail Nigiri,1,Chris,Dine-In,11.0
101985,2025-05-01 21:27:00,20,Spicy Tuna Roll,3,Alex,Takeout,33.0
104364,2025-09-21 17:41:00,12,Tuna Nigiri,4,Mia,Takeout,40.0
103963,2025-08-28 18:33:00,8,Yellowtail Nigiri,1,Alex,Dine-In,11.0
100771,2025-02-16 19:56:00,24,Salmon Roll,2,Mia,Takeout,21.0
102166,2025-05-11 20:12:00,16,Spicy Tuna Roll,2,Mia,Takeout,22.0
104534,2025-10-01 20:33:00,19,Salmon Nigiri,2,Alex,Dine-In,18.0
100674,2025-02-11 17:16:00,22,Chicken Teriyaki,3,Mia,Dine-In,48.0
100250,2025-01-14 19:06:00,24,California Roll,1,Sam,Delivery,8.5
101575,2025-04-09 14:00:00,8,Tuna Nigiri,2,Taylor,Delivery,20.0
103420,2025-07-26 17:55:00,17,Dragon Roll,1,Mia,Delivery,15.0
102082,2025-05-07 18:03:00,16,Chicken Teriyaki,1,Jordan,Takeout,16.0
101824,2025-04-23 19:27:00,18,Tempura Udon,2,Taylor,Dine-In,28.0
105571,2025-12-03 18:39:00,22,Tuna Nigiri,3,Chris,Dine-In,30.0
105761,2025-12-15 19:17:00,24,Tuna Nigiri,3,Taylor,Takeout,30.0
104545,2025-10-02 18:26:00,7,Sashimi Platter,1,Taylor,Dine-In,24.0
100717,2025-02-13 20:30:00,3,Chicken Teriyaki,1,Sam,Delivery,16.0
105365,2025-11-22 17:38:00,9,Salmon Nigiri,1,Chris,Dine-In,9.0
105620,2025-12-06 19:53:00,11,Salmon Roll,3,Alex,Dine-In,31.5
102049,2025-05-05 20:34:00,25,Sashimi Platter,3,Taylor,Dine-In,72.0
105265,2025-11-15 20:58:00,25,Tuna Nigiri,1,Jordan,Takeout,10.0
104179,2025-09-10 17:31:00,7,Edamame,1,Alex,Dine-In,6.0
104810,2025-10-19 12:40:00,13,Gyoza,1,Sam,Takeout,8.0
102725,2025-06-16 17:48:00,2,Yellowtail Nigiri,3,Chris,Dine-In,33.0
105441,2025-11-26 13:54:00,13,Tuna Nigiri,1,Alex,Dine-In,10.0
101461,2025-04-02 11:31:00,17,Matcha Cheesecake,1,Sam,Takeout,7.0
101669,2025-04-15 12:36:00,28,Gyoza,1,Jordan,Delivery,8.0
102757,2025-06-18 18:22:00,13,Chicken Teriyaki,2,Alex,Dine-In,32.0
102001,2025-05-02 20:02:00,14,Yellowtail Nigiri,1,Alex,Takeout,11.0
104572,2025-10-04 12:19:00,5,Gyoza,3,Mia,Dine-In,24.0
104614,2025-10-07 12:41:00,18,California Roll,2,Alex,Delivery,17.0
100405,2025-01-24 13:16:00,2,Tuna Nigiri,1,Mia,Dine-In,10.0
100385,2025-01-22 19:10:00,8,Dragon Roll,3,Jordan,Dine-In,45.0
105406,2025-11-24 18:06:00,16,Spicy Tuna Roll,2,Taylor,Dine-In,22.0
102153,2025-05-11 13:17:00,12,Spicy Tuna Roll,2,Chris,Takeout,22.0
101634,2025-04-13 17:51:00,24,Gyoza,4,Chris,Dine-In,32.0
105515,2025-11-30 19:26:00,29,Edamame,1,Sam,Dine-In,6.0
104785,2025-10-17 12:52:00,13,Salmon Roll,2,Chris,Dine-In,21.0
103926,2025-08-26 19:22:00,8,Hamachi Kama,3,Alex,Takeout,54.0
104159,2025-09-09 11:55:00,24,Spicy Tuna Roll,1,Sam,Dine-In,11.0
104949,2025-10-27 18:39:00,9,Spicy Tuna Roll,1,Taylor,Dine-In,11.0
100224,2025-01-13 12:45:00,4,Gyoza,1,Sam,Delivery,8.0
102194,2025-05-13 19:29:00,4,California Roll,2,Jordan,Delivery,17.0
103137,2025-07-09 17:28:00,7,Edamame,1,Taylor,Dine-In,6.0
104470,2025-09-27 18:43:00,28,Salmon Roll,3,Sam,Takeout,31.5
101825,2025-04-23 19:31:00,25,Spicy Tuna Roll,4,Alex,Dine-In,44.0
105530,2025-12-01 18:10:00,8,Edamame,4,Alex,Dine-In,24.0
105125,2025-11-07 17:39:00,21,Tuna Nigiri,1,Sam,Delivery,10.0
104973,2025-10-28 20:00:00,8,Spicy Tuna Roll,4,Alex,Dine-In,44.0
100798,2025-02-18 17:17:00,2,Tempura Udon,2,Taylor,Dine-In,28.0
102872,2025-06-25 13:02:00,3,Spicy Tuna Roll,1,Taylor,Delivery,11.0
100010,2025-01-01 18:36:00,29,California Roll,4,Chris,Takeout,34.0
101945,2025-04-29 20:25:00,11,Chicken Teriyaki,3,Taylor,Delivery,48.0
101839,2025-04-24 17:00:00,12,California Roll,1,Sam,Dine-In,8.5
104805,2025-10-18 17:38:00,28,Salmon Roll,2,Chris,Dine-In,21.0
100256,2025-01-14 20:27:00,20,Yellowtail Nigiri,1,Chris,Dine-In,11.0
104486,2025-09-28 17:25:00,22,Salmon Roll,4,Sam,Dine-In,42.0
105423,2025-11-25 18:44:00,12,Salmon Roll,1,Chris,Dine-In,10.5
101582,2025-04-09 18:18:00,1,California Roll,1,Sam,Takeout,8.5
102957,2025-06-29 21:01:00,15,Edamame,3,Jordan,Takeout,18.0
100925,2025-02-26 14:24:00,13,Tuna Nigiri,1,Taylor,Dine-In,10.0
105328,2025-11-19 21:06:00,28,Salmon Roll,2,Alex,Dine-In,21.0
102509,2025-06-03 20:14:00,9,Edamame,1,Alex,Dine-In,6.0
105025,2025-10-31 18:45:00,2,Gyoza,2,Taylor,Dine-In,16.0
105321,2025-11-19 17:49:00,25,Gyoza,2,Alex,Dine-In,16.0
103776,2025-08-17 11:37:00,23,Yellowtail Nigiri,1,Jordan,Dine-In,11.0
104836,2025-10-20 20:30:00,23,Chicken Teriyaki,2,Alex,Dine-In,32.0
104137,2025-09-07 20:35:00,4,Sashimi Platter,3,Taylor,Delivery,72.0
104965,2025-10-28 17:55:00,6,Salmon Nigiri,1,Taylor,Dine-In,9.0
102780,2025-06-19 19:18:00,30,Salmon Roll,2,Jordan,Delivery,21.0
100540,2025-02-02 17:30:00,9,Tuna Nigiri,3,Sam,Dine-In,30.0
102746,2025-06-17 18:14:00,18,Sashimi Platter,4,Alex,Takeout,96.0
105412,2025-11-24 20:17:00,15,Salmon Roll,1,Jordan,Dine-In,10.5
105855,2025-12-22 18:19:00,24,Hamachi Kama,3,Taylor,Dine-In,54.0
101146,2025-03-12 20:31:00,20,Spicy Tuna Roll,3,Mia,Dine-In,33.0
105128,2025-11-07 18:42:00,1,Gyoza,1,Alex,Delivery,8.0
104469,2025-09-27 18:02:00,25,Yellowtail Nigiri,1,Alex,Delivery,11.0
100668,2025-02-10 21:23:00,22,Hamachi Kama,2,Alex,Takeout,36.0
103020,2025-07-03 19:34:00,28,Gyoza,1,Alex,Dine-In,8.0
100358,2025-01-20 18:25:00,14,Salmon Roll,2,Mia,Dine-In,21.0
105064,2025-11-02 20:19:00,15,Edamame,3,Jordan,Dine-In,18.0
102832,2025-06-22 17:55:00,12,California Roll,2,Jordan,Takeout,17.0
102784,2025-06-19 19:49:00,25,Chicken Teriyaki,1,Taylor,Dine-In,16.0
101354,2025-03-26 18:15:00,29,Matcha Cheesecake,1,Taylor,Dine-In,7.0
105132,2025-11-07 19:47:00,21,Matcha Cheesecake,1,Alex,Delivery,7.0
100471,2025-01-28 19:16:00,12,Yellowtail Nigiri,1,Chris,Takeout,11.0
102704,2025-06-15 13:40:00,21,Gyoza,2,Taylor,Delivery,16.0
103331,2025-07-21 12:14:00,12,Salmon Nigiri,4,Sam,Delivery,36.0
103638,2025-08-09 20:22:00,26,Miso Soup,1,Sam,Takeout,4.0
101397,2025-03-28 21:23:00,1,Yellowtail Nigiri,4,Chris,Takeout,44.0
103585,2025-08-06 20:52:00,13,California Roll,3,Sam,Dine-In,25.5
105400,2025-11-24 12:05:00,10,Spicy Tuna Roll,3,Jordan,Dine-In,33.0
105263,2025-11-15 19:11:00,9,Salmon Roll,1,Chris,Dine-In,10.5
103377,2025-07-23 20:36:00,6,Edamame,1,Sam,Takeout,6.0
101257,2025-03-20 14:05:00,9,Tuna Nigiri,1,Alex,Takeout,10.0
103513,2025-08-01 19:45:00,17,Sashimi Platter,4,Sam,Dine-In,96.0
101251,2025-03-19 21:24:00,20,Hamachi Kama,1,Chris,Dine-In,18.0
105349,2025-11-21 12:08:00,30,California Roll,4,Sam,Dine-In,34.0
105786,2025-12-17 12:03:00,10,Yellowtail Nigiri,1,Mia,Takeout,11.0
104299,2025-09-17 21:28:00,1,Chicken Teriyaki,2,Mia,Dine-In,32.0
103285,2025-07-17 20:17:00,16,Edamame,4,Chris,Takeout,24.0
102934,2025-06-28 19:34:00,14,California Roll,2,Alex,Takeout,17.0
104176,2025-09-10 17:10:00,16,Yellowtail Nigiri,2,Alex,Dine-In,22.0
105269,2025-11-16 13:10:00,13,Tuna Nigiri,1,Alex,Dine-In,10.0
104911,2025-10-25 19:38:00,10,Tempura Udon,1,Mia,Takeout,14.0
101853,2025-04-24 20:38:00,16,Matcha Cheesecake,1,Alex,Dine-In,7.0
105633,2025-12-07 18:51:00,6,Gyoza,1,Jordan,Dine-In,8.0
105866,2025-12-23 13:52:00,30,Edamame,3,Mia,Dine-In,18.0
102106,2025-05-08 19:23:00,1,Yellowtail Nigiri,2,Mia,Dine-In,22.0
100134,2025-01-08 14:03:00,29,Edamame,1,Sam,Dine-In,6.0
105237,2025-11-13 19:23:00,20,Edamame,1,Taylor,Dine-In,6.0
105030,2025-10-31 19:55:00,2,Miso Soup,2,Jordan,Dine-In,8.0
100929,2025-02-26 18:57:00,4,Spicy Tuna Roll,1,Mia,Dine-In,11.0
100824,2025-02-20 12:45:00,2,Yellowtail Nigiri,1,Chris,Takeout,11.0
105467,2025-11-28 18:04:00,2,Chicken Teriyaki,1,Taylor,Takeout,16.0
101532,2025-04-06 19:40:00,17,Spicy Tuna Roll,2,Mia,Dine-In,22.0
101215,2025-03-17 14:09:00,14,Miso Soup,1,Jordan,Dine-In,4.0
100505,2025-01-30 19:19:00,19,Hamachi Kama,4,Jordan,Dine-In,72.0
104286,2025-09-16 19:05:00,4,Edamame,4,Chris,Takeout,24.0
101997,2025-05-02 18:51:00,21,Salmon Roll,1,Jordan,Dine-In,10.5
103073,2025-07-05 20:30:00,16,Spicy Tuna Roll,3,Alex,Dine-In,33.0
101959,2025-04-30 18:07:00,16,Chicken Teriyaki,1,Jordan,Dine-In,16.0
101385,2025-03-28 17:14:00,23,Miso Soup,2,Jordan,Dine-In,8.0
100895,2025-02-24 21:11:00,17,Edamame,2,Jordan,Dine-In,12.0
104925,2025-10-26 17:56:00,13,Yellowtail Nigiri,1,Taylor,Takeout,11.0
100456,2025-01-27 17:50:00,14,Salmon Roll,3,Jordan,Takeout,31.5
103710,2025-08-13 14:18:00,8,Dragon Roll,1,Alex,Dine-In,15.0
105554,2025-12-02 18:51:00,13,Salmon Nigiri,3,Taylor,Takeout,27.0
104850,2025-10-21 20:03:00,5,Salmon Roll,1,Alex,Dine-In,10.5
104749,2025-10-14 20:42:00,25,California Roll,4,Sam,Dine-In,34.0
104269,2025-09-15 19:47:00,17,Tuna Nigiri,4,Chris,Delivery,40.0
103523,2025-08-02 18:44:00,23,Edamame,1,Alex,Takeout,6.0
104135,2025-09-07 19:52:00,17,California Roll,1,Sam,Dine-In,8.5
103603,2025-08-07 20:16:00,15,Sashimi Platter,2,Chris,Dine-In,48.0
100714,2025-02-13 18:28:00,4,California Roll,2,Alex,Dine-In,17.0
104187,2025-09-10 19:24:00,21,California Roll,1,Jordan,Dine-In,8.5
102215,2025-05-15 12:13:00,11,Gyoza,2,Taylor,Dine-In,16.0
105302,2025-11-18 12:54:00,17,Salmon Nigiri,1,Sam,Dine-In,9.0
102924,2025-06-28 12:28:00,21,Edamame,1,Jordan,Dine-In,6.0
101811,2025-04-22 19:37:00,1,Edamame,1,Taylor,Dine-In,6.0
103487,2025-07-30 17:48:00,27,Salmon Nigiri,2,Sam,Delivery,18.0
103142,2025-07-09 20:22:00,24,Spicy Tuna Roll,4,Mia,Dine-In,44.0
101828,2025-04-23 20:40:00,6,Sashimi Platter,1,Sam,Dine-In,24.0
101156,2025-03-13 14:15:00,18,Salmon Roll,3,Mia,Takeout,31.5
101325,2025-03-24 21:11:00,14,Tuna Nigiri,1,Taylor,Dine-In,10.0
104313,2025-09-18 19:41:00,27,Tempura Udon,1,Chris,Dine-In,14.0
100511,2025-01-31 18:14:00,7,California Roll,1,Jordan,Dine-In,8.5
101681,2025-04-15 20:51:00,13,Tuna Nigiri,1,Chris,Dine-In,10.0
100500,2025-01-30 12:52:00,24,Matcha Cheesecake,3,Alex,Delivery,21.0
105458,2025-11-27 17:20:00,20,Miso Soup,1,Mia,Dine-In,4.0
101857,2025-04-25 12:08:00,8,Edamame,4,Taylor,Takeout,24.0
101389,2025-03-28 18:12:00,27,California Roll,3,Chris,Dine-In,25.5
103720,2025-08-13 20:20:00,1,Yellowtail Nigiri,3,Taylor,Delivery,33.0
102387,2025-05-27 17:07:00,10,Spicy Tuna Roll,1,Alex,Takeout,11.0
101541,2025-04-07 12:19:00,10,Tuna Nigiri,3,Chris,Takeout,30.0
101218,2025-03-17 18:19:00,8,Hamachi Kama,3,Mia,Dine-In,54.0
102682,2025-06-13 12:05:00,7,Spicy Tuna Roll,1,Mia,Dine-In,11.0
102994,2025-07-02 12:02:00,15,California Roll,1,Chris,Dine-In,8.5
101192,2025-03-15 18:24:00,3,Salmon Nigiri,2,Taylor,Dine-In,18.0
105294,2025-11-17 18:17:00,3,Tuna Nigiri,1,Chris,Dine-In,10.0
101543,2025-04-07 14:25:00,11,Miso Soup,1,Mia,Dine-In,4.0
103302,2025-07-19 12:46:00,3,Edamame,1,Taylor,Dine-In,6.0
103325,2025-07-20 18:59:00,6,Tuna Nigiri,2,Jordan,Delivery,20.0
102540,2025-06-04 19:37:00,19,Tuna Nigiri,3,Alex,Dine-In,30.0
100954,2025-02-28 17:18:00,19,California Roll,3,Alex,Takeout,25.5
104847,2025-10-21 19:05:00,25,Chicken Teriyaki,1,Alex,Dine-In,16.0
104331,2025-09-19 21:18:00,15,Gyoza,1,Mia,Dine-In,8.0
100733,2025-02-14 19:12:00,16,California Roll,3,Mia,Takeout,25.5
101157,2025-03-13 14:23:00,21,Miso Soup,1,Taylor,Takeout,4.0
105578,2025-12-03 20:23:00,22,Edamame,3,Chris,Dine-In,18.0
103295,2025-07-18 18:51:00,13,Salmon Roll,1,Mia,Dine-In,10.5
102983,2025-07-01 13:09:00,30,California Roll,1,Taylor,Delivery,8.5
105306,2025-11-18 17:09:00,23,Salmon Roll,2,Jordan,Dine-In,21.0
105162,2025-11-09 17:17:00,10,Spicy Tuna Roll,1,Chris,Delivery,11.0
102157,2025-05-11 17:44:00,7,California Roll,3,Chris,Dine-In,25.5
101063,2025-03-06 17:55:00,12,California Roll,1,Taylor,Takeout,8.5
102617,2025-06-09 12:21:00,3,Salmon Roll,2,Sam,Dine-In,21.0
101168,2025-03-14 13:29:00,8,Spicy Tuna Roll,4,Chris,Dine-In,44.0
103223,2025-07-14 17:50:00,16,Matcha Cheesecake,4,Sam,Takeout,28.0
103637,2025-08-09 19:58:00,10,Gyoza,2,Taylor,Takeout,16.0
102939,2025-06-28 21:02:00,19,Spicy Tuna Roll,1,Jordan,Dine-In,11.0
104492,2025-09-28 18:57:00,18,Matcha Cheesecake,2,Sam,Delivery,14.0
103141,2025-07-09 20:09:00,18,Dragon Roll,2,Taylor,Dine-In,30.0
104981,2025-10-29 17:14:00,12,Miso Soup,1,Mia,Dine-In,4.0
100144,2025-01-08 18:25:00,27,California Roll,1,Mia,Dine-In,8.5
103578,2025-08-06 19:08:00,23,Chicken Teriyaki,4,Mia,Takeout,64.0
104947,2025-10-27 18:12:00,23,Spicy Tuna Roll,2,Mia,Dine-In,22.0
102783,2025-06-19 19:45:00,28,Yellowtail Nigiri,2,Alex,Takeout,22.0
100718,2025-02-13 20:38:00,17,Salmon Nigiri,3,Sam,Dine-In,27.0
101820,2025-04-23 14:08:00,26,Salmon Nigiri,1,Sam,Dine-In,9.0
102503,2025-06-03 17:41:00,18,Edamame,2,Unknown,Delivery,12.0
104361,2025-09-21 17:05:00,2,Salmon Roll,4,Chris,Delivery,42.0
104172,2025-09-10 13:30:00,30,Edamame,1,Alex,Dine-In,6.0
100396,2025-01-23 20:21:00,8,California Roll,1,Taylor,Dine-In,8.5
105822,2025-12-19 18:19:00,1,Dragon Roll,4,Alex,Delivery,60.0
104493,2025-09-28 19:29:00,11,Miso Soup,3,Jordan,Dine-In,12.0
101366,2025-03-27 14:27:00,21,Spicy Tuna Roll,2,Jordan,Takeout,22.0
105484,2025-11-29 12:32:00,14,Spicy Tuna Roll,2,Jordan,Takeout,22.0
100596,2025-02-06 13:40:00,30,Edamame,1,Sam,Takeout,6.0
103953,2025-08-28 12:24:00,7,Dragon Roll,2,Mia,Dine-In,30.0
105393,2025-11-23 18:15:00,6,Miso Soup,2,Mia,Delivery,8.0
104969,2025-10-28 18:49:00,6,Matcha Cheesecake,1,Alex,Dine-In,7.0
102915,2025-06-27 19:00:00,4,Yellowtail Nigiri,3,Mia,Takeout,33.0
102327,2025-05-23 11:41:00,6,Sashimi Platter,3,Taylor,Dine-In,72.0
103767,2025-08-16 20:17:00,22,Miso Soup,4,Taylor,Delivery,16.0
103441,2025-07-27 18:54:00,1,Tuna Nigiri,4,Chris,Delivery,40.0
103852,2025-08-21 19:40:00,27,Spicy Tuna Roll,1,Mia,Dine-In,11.0
104133,2025-09-07 18:48:00,2,Salmon Nigiri,2,Alex,Dine-In,18.0
105520,2025-11-30 21:22:00,18,Salmon Roll,2,Chris,Dine-In,21.0
102144,2025-05-10 19:03:00,22,Salmon Roll,1,Mia,Dine-In,10.5
105551,2025-12-02 17:44:00,2,Yellowtail Nigiri,2,Alex,Takeout,22.0
105074,2025-11-03 18:14:00,23,Salmon Nigiri,2,Unknown,Dine-In,18.0
101572,2025-04-09 12:08:00,1,Gyoza,2,Taylor,Delivery,16.0
104080,2025-09-04 20:03:00,19,Salmon Roll,2,Alex,Takeout,21.0
101123,2025-03-11 12:13:00,19,Gyoza,3,Taylor,Delivery,24.0
102787,2025-06-19 20:31:00,27,Spicy Tuna Roll,2,Jordan,Dine-In,22.0
102968,2025-06-30 18:22:00,4,Spicy Tuna Roll,2,Taylor,Takeout,22.0
102505,2025-06-03 18:05:00,10,Tempura Udon,3,Alex,Delivery,42.0
103466,2025-07-29 18:52:00,22,Salmon Nigiri,4,Sam,Dine-In,36.0
100676,2025-02-11 17:41:00,15,Salmon Nigiri,1,Taylor,Dine-In,9.0
102809,2025-06-21 14:10:00,19,Salmon Roll,1,Taylor,Takeout,10.5
103349,2025-07-22 14:07:00,12,Gyoza,1,Mia,Dine-In,8.0
100729,2025-02-14 14:24:00,3,Miso Soup,1,Mia,Takeout,4.0
100413,2025-01-24 19:22:00,13,Sashimi Platter,2,Taylor,Dine-In,48.0
103147,2025-07-10 13:22:00,28,Yellowtail Nigiri,2,Jordan,Dine-In,22.0
101517,2025-04-05 18:29:00,22,Tuna Nigiri,1,Alex,Takeout,10.0
100826,2025-02-20 13:59:00,1,Chicken Teriyaki,3,Jordan,Dine-In,48.0
103268,2025-07-16 19:01:00,25,Sashimi Platter,1,Mia,Dine-In,24.0
103975,2025-08-29 17:06:00,25,Sashimi Platter,1,Chris,Takeout,24.0
100617,2025-02-07 19:09:00,7,Miso Soup,2,Alex,Takeout,8.0
100115,2025-01-07 13:42:00,16,Spicy Tuna Roll,1,Alex,Dine-In,11.0
100418,2025-01-25 12:13:00,19,Salmon Nigiri,4,Chris,Takeout,36.0
103070,2025-07-05 19:40:00,22,Tuna Nigiri,1,Chris,Dine-In,10.0
101626,2025-04-12 20:24:00,12,Chicken Teriyaki,1,Taylor,Dine-In,16.0
105965,2025-12-29 18:15:00,6,Salmon Nigiri,3,Jordan,Takeout,27.0
104186,2025-09-10 19:24:00,29,Spicy Tuna Roll,3,Mia,Dine-In,33.0
102897,2025-06-26 18:21:00,12,Miso Soup,4,Alex,Dine-In,16.0
105623,2025-12-06 21:12:00,3,Salmon Nigiri,1,Chris,Dine-In,9.0
102083,2025-05-07 18:07:00,27,Dragon Roll,3,Taylor,Dine-In,45.0
100754,2025-02-15 18:17:00,14,Spicy Tuna Roll,3,Jordan,Dine-In,33.0
102547,2025-06-05 12:05:00,7,Gyoza,2,Alex,Dine-In,16.0
103970,2025-08-28 20:17:00,20,Spicy Tuna Roll,3,Chris,Dine-In,33.0
103374,2025-07-23 19:41:00,12,Gyoza,1,Taylor,Dine-In,8.0
104108,2025-09-06 14:15:00,5,Tuna Nigiri,2,Taylor,Dine-In,20.0
102445,2025-05-30 18:39:00,24,Spicy Tuna Roll,1,Taylor,Delivery,11.0
104381,2025-09-22 18:16:00,29,Hamachi Kama,1,Chris,Takeout,18.0
101067,2025-03-06 18:37:00,4,California Roll,2,Alex,Dine-In,17.0
103914,2025-08-25 18:28:00,7,Dragon Roll,1,Sam,Dine-In,15.0
105288,2025-11-17 14:17:00,10,California Roll,2,Taylor,Takeout,17.0
105388,2025-11-23 14:20:00,15,Miso Soup,2,Jordan,Takeout,8.0
103499,2025-07-31 18:32:00,19,Miso Soup,1,Jordan,Dine-In,4.0
102739,2025-06-17 12:42:00,9,Gyoza,1,Chris,Takeout,8.0
105053,2025-11-01 20:46:00,11,Salmon Nigiri,1,Jordan,Takeout,9.0
104001,2025-08-30 18:59:00,25,Salmon Nigiri,4,Chris,Dine-In,36.0
101569,2025-04-08 20:22:00,14,Dragon Roll,3,Sam,Delivery,45.0
102428,2025-05-29 19:07:00,10,Salmon Nigiri,1,Chris,Takeout,9.0
103747,2025-08-15 18:38:00,3,Salmon Nigiri,1,Taylor,Dine-In,9.0
105899,2025-12-25 14:10:00,6,Dragon Roll,1,Taylor,Takeout,15.0
101688,2025-04-16 13:39:00,22,Spicy Tuna Roll,1,Mia,Dine-In,11.0
100852,2025-02-21 20:53:00,21,Spicy Tuna Roll,1,Alex,Dine-In,11.0
103547,2025-08-04 14:08:00,9,Salmon Roll,2,Unknown,Takeout,21.0
100896,2025-02-24 21:25:00,30,Edamame,2,Chris,Delivery,12.0
104593,2025-10-05 20:07:00,11,Salmon Nigiri,2,Alex,Dine-In,18.0
100336,2025-01-19 13:21:00,14,Miso Soup,1,Chris,Delivery,4.0
102840,2025-06-23 11:45:00,11,Salmon Nigiri,3,Chris,Dine-In,27.0
103088,2025-07-06 19:10:00,24,California Roll,2,Mia,Delivery,17.0
104612,2025-10-07 12:33:00,23,Matcha Cheesecake,1,Taylor,Dine-In,7.0
101349,2025-03-26 13:08:00,30,Matcha Cheesecake,3,Jordan,Takeout,21.0
101016,2025-03-03 18:26:00,9,Salmon Roll,1,Mia,Dine-In,10.5
102817,2025-06-21 19:57:00,21,Gyoza,4,Jordan,Dine-In,32.0
101632,2025-04-13 17:28:00,25,Spicy Tuna Roll,2,Mia,Dine-In,22.0
102490,2025-06-02 17:10:00,6,California Roll,1,Alex,Takeout,8.5
103731,2025-08-14 20:25:00,5,Miso Soup,1,Taylor,Takeout,4.0
103252,2025-07-15 18:38:00,24,Dragon Roll,1,Alex,Dine-In,15.0
105905,2025-12-25 19:08:00,25,Salmon Nigiri,4,Jordan,Dine-In,36.0
102071,2025-05-06 20:12:00,19,Dragon Roll,2,Mia,Dine-In,30.0
104453,2025-09-26 17:13:00,1,California Roll,1,Jordan,Takeout,8.5
105883,2025-12-24 14:15:00,29,Tempura Udon,2,Sam,Dine-In,28.0
105409,2025-11-24 18:44:00,24,Yellowtail Nigiri,1,Taylor,Dine-In,11.0
101636,2025-04-13 19:06:00,20,Edamame,1,Sam,Dine-In,6.0
104647,2025-10-09 11:47:00,10,California Roll,1,Sam,Takeout,8.5
102480,2025-06-01 18:53:00,27,California Roll,3,Chris,Takeout,25.5
102266,2025-05-18 19:27:00,15,Chicken Teriyaki,3,Jordan,Takeout,48.0
102960,2025-06-30 12:24:00,20,Gyoza,2,Jordan,Dine-In,16.0
105324,2025-11-19 19:38:00,13,Matcha Cheesecake,2,Sam,Takeout,14.0
105694,2025-12-11 17:24:00,1,Gyoza,4,Alex,Takeout,32.0
103060,2025-07-05 17:33:00,12,Dragon Roll,2,Alex,Takeout,30.0
105054,2025-11-02 12:10:00,1,Salmon Nigiri,2,Jordan,Dine-In,18.0
102142,2025-05-10 18:13:00,15,Miso Soup,2,Mia,Takeout,8.0
105105,2025-11-05 17:23:00,15,Salmon Roll,2,Alex,Dine-In,21.0
103119,2025-07-08 19:17:00,9,California Roll,2,Sam,Takeout,17.0
105189,2025-11-10 21:07:00,20,Spicy Tuna Roll,4,Jordan,Dine-In,44.0
105818,2025-12-19 12:38:00,28,Chicken Teriyaki,2,Taylor,Delivery,32.0
104046,2025-09-03 13:28:00,29,Salmon Roll,2,Taylor,Takeout,21.0
103357,2025-07-22 19:38:00,29,Salmon Nigiri,2,Taylor,Dine-In,18.0
102745,2025-06-17 17:45:00,7,Dragon Roll,2,Chris,Takeout,30.0
105093,2025-11-04 19:00:00,12,Spicy Tuna Roll,4,Chris,Takeout,44.0
103507,2025-08-01 12:52:00,16,California Roll,2,Sam,Takeout,17.0
101680,2025-04-15 20:46:00,21,California Roll,2,Chris,Delivery,17.0
104250,2025-09-14 14:13:00,13,Tuna Nigiri,1,Chris,Dine-In,10.0
103148,2025-07-10 13:24:00,6,Salmon Roll,2,Alex,Delivery,21.0
102295,2025-05-20 17:47:00,8,Sashimi Platter,2,Mia,Dine-In,48.0
100581,2025-02-05 14:20:00,22,Edamame,2,Alex,Dine-In,12.0
101471,2025-04-02 18:22:00,16,Salmon Nigiri,3,Sam,Dine-In,27.0
104800,2025-10-18 12:39:00,25,Tempura Udon,3,Alex,Takeout,42.0
104071,2025-09-04 19:06:00,24,Dragon Roll,4,Taylor,Dine-In,60.0
105309,2025-11-18 20:08:00,27,Salmon Roll,3,Mia,Takeout,31.5
103344,2025-07-21 21:27:00,22,Spicy Tuna Roll,1,Taylor,Dine-In,11.0
104993,2025-10-30 13:07:00,11,Edamame,1,Alex,Dine-In,6.0
104584,2025-10-04 19:45:00,12,California Roll,1,Alex,Dine-In,8.5
103673,2025-08-11 19:16:00,4,Salmon Nigiri,1,Sam,Takeout,9.0
100560,2025-02-04 17:04:00,8,Tempura Udon,1,Taylor,Delivery,14.0
105238,2025-11-13 19:38:00,11,Spicy Tuna Roll,2,Taylor,Dine-In,22.0
105216,2025-11-12 18:12:00,15,Edamame,2,Alex,Takeout,12.0
102850,2025-06-23 20:05:00,23,Chicken Teriyaki,1,Chris,Dine-In,16.0
100513,2025-01-31 19:12:00,4,Edamame,2,Jordan,Dine-In,12.0
104730,2025-10-14 11:47:00,17,Yellowtail Nigiri,1,Mia,Delivery,11.0
101082,2025-03-07 20:55:00,7,Dragon Roll,1,Alex,Dine-In,15.0
101665,2025-04-15 11:55:00,15,Spicy Tuna Roll,2,Alex,Dine-In,22.0
101013,2025-03-03 17:47:00,6,Dragon Roll,4,Jordan,Dine-In,60.0
101932,2025-04-29 12:37:00,17,Dragon Roll,4,Chris,Dine-In,60.0
101151,2025-03-13 13:43:00,28,Matcha Cheesecake,3,Sam,Dine-In,21.0
102839,2025-06-22 21:04:00,20,Salmon Roll,2,Chris,Dine-In,21.0
100117,2025-01-07 17:29:00,28,Edamame,3,Chris,Dine-In,18.0
100741,2025-02-14 21:13:00,16,Chicken Teriyaki,1,Mia,Dine-In,16.0
105785,2025-12-17 11:57:00,2,Salmon Roll,2,Sam,Dine-In,21.0
105178,2025-11-10 13:24:00,13,Tempura Udon,4,Alex,Dine-In,56.0
100831,2025-02-20 18:13:00,22,California Roll,1,Mia,Takeout,8.5
100120,2025-01-07 18:23:00,1,Salmon Roll,2,Sam,Dine-In,21.0
104753,2025-10-14 21:01:00,8,Yellowtail Nigiri,2,Chris,Dine-In,22.0
105751,2025-12-15 13:09:00,17,Salmon Roll,1,Jordan,Dine-In,10.5
105703,2025-12-12 11:40:00,23,Gyoza,1,Chris,Dine-In,8.0
105954,2025-12-28 18:50:00,22,Salmon Roll,1,Jordan,Dine-In,10.5
100636,2025-02-09 12:14:00,15,California Roll,2,Chris,Takeout,17.0
104466,2025-09-27 14:17:00,22,Spicy Tuna Roll,1,Mia,Takeout,11.0
104365,2025-09-21 18:25:00,23,Edamame,4,Alex,Dine-In,24.0
104143,2025-09-07 21:18:00,6,Dragon Roll,4,Chris,Dine-In,60.0
100992,2025-03-02 17:40:00,19,Salmon Roll,2,Jordan,Dine-In,21.0
100877,2025-02-23 21:11:00,13,Salmon Nigiri,1,Alex,Delivery,9.0
104870,2025-10-23 14:27:00,10,Dragon Roll,1,Chris,Dine-In,15.0
105316,2025-11-19 13:29:00,24,Gyoza,1,Jordan,Takeout,8.0
105223,2025-11-12 21:10:00,28,Spicy Tuna Roll,1,Mia,Takeout,11.0
100005,2025-01-01 17:11:00,26,Edamame,1,Mia,Takeout,6.0
103052,2025-07-05 11:33:00,12,Spicy Tuna Roll,2,Alex,Dine-In,22.0
103125,2025-07-08 20:04:00,21,Salmon Roll,1,Taylor,Takeout,10.5
102661,2025-06-11 17:48:00,24,Dragon Roll,2,Alex,Delivery,30.0
102492,2025-06-02 18:34:00,7,Chicken Teriyaki,4,Alex,Dine-In,64.0
105174,2025-11-10 12:01:00,11,Tempura Udon,1,Alex,Takeout,14.0
103855,2025-08-22 12:16:00,8,Salmon Nigiri,2,Chris,Takeout,18.0
104934,2025-10-26 20:59:00,21,Spicy Tuna Roll,4,Sam,Dine-In,44.0
104778,2025-10-16 19:41:00,1,California Roll,2,Sam,Takeout,17.0
101716,2025-04-17 13:51:00,7,Tuna Nigiri,2,Jordan,Dine-In,20.0
101149,2025-03-12 20:55:00,7,Miso Soup,1,Mia,Dine-In,4.0
103262,2025-07-16 13:27:00,26,Spicy Tuna Roll,1,Chris,Dine-In,11.0
100575,2025-02-04 20:15:00,27,Tempura Udon,1,Jordan,Delivery,14.0
103770,2025-08-16 20:48:00,22,Yellowtail Nigiri,1,Sam,Delivery,11.0
103737,2025-08-15 11:50:00,6,Gyoza,1,Mia,Delivery,8.0
104147,2025-09-08 17:18:00,22,Salmon Roll,4,Jordan,Dine-In,42.0
100854,2025-02-22 13:58:00,10,Yellowtail Nigiri,1,Alex,Dine-In,11.0
101983,2025-05-01 21:24:00,15,Spicy Tuna Roll,1,Taylor,Dine-In,11.0
102775,2025-06-19 17:38:00,11,Spicy Tuna Roll,3,Taylor,Dine-In,33.0
104930,2025-10-26 20:12:00,13,Spicy Tuna Roll,2,Alex,Takeout,22.0
105212,2025-11-12 13:12:00,4,Tempura Udon,2,Chris,Delivery,28.0
101167,2025-03-14 13:25:00,5,Salmon Roll,1,Alex,Takeout,10.5
100972,2025-03-01 17:34:00,26,Tuna Nigiri,1,Chris,Dine-In,10.0
102702,2025-06-14 21:16:00,30,Salmon Nigiri,2,Chris,Dine-In,18.0
104496,2025-09-28 21:30:00,13,Edamame,2,Alex,Dine-In,12.0
103848,2025-08-21 13:59:00,19,Spicy Tuna Roll,1,Mia,Delivery,11.0
102369,2025-05-26 14:12:00,14,California Roll,2,Unknown,Dine-In,17.0
104116,2025-09-06 19:05:00,4,Gyoza,3,Alex,Dine-In,24.0
104781,2025-10-16 21:25:00,25,Salmon Roll,1,Alex,Takeout,10.5
104132,2025-09-07 18:30:00,26,Salmon Roll,4,Taylor,Dine-In,42.0
102951,2025-06-29 19:49:00,1,Miso Soup,1,Alex,Dine-In,4.0
105626,2025-12-07 12:25:00,13,Spicy Tuna Roll,4,Chris,Takeout,44.0
100525,2025-02-01 17:51:00,4,Edamame,4,Chris,Dine-In,24.0
102456,2025-05-31 13:01:00,15,spicy tuna roll,2,Alex,Takeout,22.0
105017,2025-10-31 17:03:00,13,Gyoza,1,Jordan,Dine-In,8.0
101842,2025-04-24 17:45:00,2,Sashimi Platter,1,Jordan,Takeout,24.0
100538,2025-02-02 17:21:00,8,Tuna Nigiri,1,Taylor,Dine-In,10.0
102807,2025-06-21 13:25:00,21,Tuna Nigiri,1,Mia,Takeout,10.0
105597,2025-12-04 19:52:00,30,California Roll,3,Chris,Takeout,25.5
104342,2025-09-20 18:15:00,13,Matcha Cheesecake,1,Mia,Takeout,7.0
103176,2025-07-11 20:07:00,2,Dragon Roll,1,Sam,Dine-In,15.0
100785,2025-02-17 18:23:00,5,Salmon Roll,2,Mia,Takeout,21.0
104058,2025-09-03 20:01:00,17,Miso Soup,1,Jordan,Takeout,4.0
101410,2025-03-29 18:56:00,10,Edamame,1,Sam,Delivery,6.0
102538,2025-06-04 19:10:00,21,Salmon Nigiri,2,Alex,Takeout,18.0
100155,2025-01-09 13:15:00,25,Edamame,2,Jordan,Dine-In,12.0
103010,2025-07-03 14:13:00,15,Miso Soup,1,Taylor,Dine-In,4.0
101687,2025-04-16 13:29:00,3,Salmon Nigiri,1,Sam,Delivery,9.0
102902,2025-06-26 19:39:00,1,California Roll,3,Sam,Takeout,25.5
105964,2025-12-29 17:46:00,27,Hamachi Kama,1,Chris,Takeout,18.0
104722,2025-10-13 19:55:00,7,Tuna Nigiri,1,Alex,Delivery,10.0
103864,2025-08-22 20:05:00,12,Sashimi Platter,1,Chris,Dine-In,24.0
102734,2025-06-16 19:59:00,20,Gyoza,1,Mia,Dine-In,8.0
101896,2025-04-26 20:24:00,25,Spicy Tuna Roll,1,Taylor,Dine-In,11.0
105443,2025-11-26 17:02:00,18,Dragon Roll,2,Taylor,Dine-In,30.0
100570,2025-02-04 18:33:00,4,Tuna Nigiri,1,Alex,Dine-In,10.0
101817,2025-04-23 13:44:00,13,Tempura Udon,1,Sam,Takeout,14.0
102066,2025-05-06 18:35:00,14,California Roll,1,Chris,Dine-In,8.5
100128,2025-01-07 20:44:00,5,California Roll,2,Alex,Dine-In,17.0
103395,2025-07-24 20:06:00,21,Spicy Tuna Roll,1,Mia,Delivery,11.0
103328,2025-07-20 19:52:00,19,Edamame,1,Alex,Dine-In,6.0
102976,2025-06-30 19:57:00,15,California Roll,2,Chris,Dine-In,17.0
100981,2025-03-01 20:11:00,13,Spicy Tuna Roll,1,Mia,Dine-In,11.0
102301,2025-05-20 20:00:00,19,California Roll,4,Taylor,Takeout,34.0
100191,2025-01-11 17:31:00,25,California Roll,1,Sam,Takeout,8.5
101140,2025-03-12 18:22:00,30,Spicy Tuna Roll,4,Taylor,Delivery,44.0
105089,2025-11-04 13:31:00,1,Dragon Roll,2,Alex,Delivery,30.0
100700,2025-02-12 20:19:00,10,Tuna Nigiri,1,Sam,Dine-In,10.0
105752,2025-12-15 13:31:00,21,Chicken Teriyaki,1,Mia,Dine-In,16.0
100607,2025-02-07 13:41:00,24,Sashimi Platter,1,Taylor,Dine-In,24.0
104277,2025-09-16 17:07:00,27,Salmon Roll,2,Alex,Dine-In,21.0
100302,2025-01-17 17:54:00,11,Salmon Roll,4,Sam,Dine-In,42.0
103421,2025-07-26 19:17:00,28,Tuna Nigiri,3,Jordan,Delivery,30.0
105799,2025-12-17 20:53:00,28,Hamachi Kama,2,Taylor,Dine-In,36.0
101061,2025-03-06 12:57:00,12,Salmon Nigiri,3,Sam,Dine-In,27.0
102566,2025-06-06 17:37:00,13,Tuna Nigiri,1,Chris,Delivery,10.0
103256,2025-07-15 20:55:00,12,Matcha Cheesecake,1,Sam,Dine-In,7.0
101070,2025-03-07 13:00:00,5,Gyoza,2,Chris,Dine-In,16.0
102525,2025-06-04 14:05:00,21,Salmon Roll,4,Mia,Dine-In,42.0
102206,2025-05-14 18:29:00,23,Miso Soup,3,Mia,Dine-In,12.0
101244,2025-03-19 17:41:00,28,Gyoza,2,Alex,Dine-In,16.0
100017,2025-01-01 20:30:00,26,Yellowtail Nigiri,1,Chris,Dine-In,11.0
103121,2025-07-08 19:39:00,8,Matcha Cheesecake,2,Jordan,Dine-In,14.0
104643,2025-10-08 20:28:00,18,Miso Soup,3,Mia,Dine-In,12.0
104755,2025-10-15 11:42:00,15,Yellowtail Nigiri,1,Alex,Dine-In,11.0
100816,2025-02-19 20:09:00,13,Gyoza,1,Sam,Dine-In,8.0
103068,2025-07-05 19:19:00,1,Yellowtail Nigiri,2,Sam,Takeout,22.0
105757,2025-12-15 18:16:00,4,Dragon Roll,1,Taylor,Dine-In,15.0
105601,2025-12-04 21:26:00,4,California Roll,1,Chris,Dine-In,8.5
100960,2025-02-28 20:15:00,22,Chicken Teriyaki,1,Mia,Dine-In,16.0
104894,2025-10-24 19:58:00,2,Edamame,1,Sam,Delivery,6.0
100226,2025-01-13 13:01:00,5,Edamame,4,Mia,Dine-In,24.0
103355,2025-07-22 18:45:00,15,Gyoza,2,Sam,Dine-In,16.0
102486,2025-06-02 12:37:00,10,Spicy Tuna Roll,3,Sam,Dine-In,33.0
100563,2025-02-04 17:35:00,1,Tuna Nigiri,1,Chris,Dine-In,10.0
103437,2025-07-27 18:05:00,16,Chicken Teriyaki,2,Alex,Dine-In,32.0
101694,2025-04-16 17:58:00,4,Gyoza,1,Alex,Dine-In,8.0
101046,2025-03-05 13:42:00,8,Spicy Tuna Roll,4,Alex,Dine-In,44.0
103447,2025-07-28 12:24:00,7,California Roll,3,Jordan,Dine-In,25.5
104566,2025-10-03 19:13:00,24,Spicy Tuna Roll,2,Sam,Dine-In,22.0
100955,2025-02-28 17:42:00,23,Tempura Udon,4,Chris,Takeout,56.0
102736,2025-06-16 20:14:00,23,Spicy Tuna Roll,1,Taylor,Dine-In,11.0
105909,2025-12-25 20:21:00,18,Dragon Roll,2,Chris,Dine-In,30.0
104736,2025-10-14 13:51:00,22,Edamame,1,Mia,Takeout,6.0
105802,2025-12-17 21:18:00,3,California Roll,4,Alex,Takeout,34.0
101219,2025-03-17 18:23:00,8,Salmon Nigiri,2,Jordan,Dine-In,18.0
105255,2025-11-15 12:14:00,22,Spicy Tuna Roll,1,Chris,Dine-In,11.0
105512,2025-11-30 18:05:00,26,Spicy Tuna Roll,1,Sam,Dine-In,11.0
101528,2025-04-06 17:12:00,23,Salmon Nigiri,2,Taylor,Takeout,18.0
103988,2025-08-30 12:37:00,22,Gyoza,3,Taylor,Takeout,24.0
105945,2025-12-28 12:42:00,22,Yellowtail Nigiri,2,Sam,Dine-In,22.0
101301,2025-03-23 13:14:00,19,Miso Soup,1,Jordan,Dine-In,4.0
105894,2025-12-25 13:21:00,12,California Roll,1,Chris,Takeout,8.5
105700,2025-12-11 19:27:00,11,Hamachi Kama,1,Jordan,Dine-In,18.0
100161,2025-01-09 17:54:00,20,Yellowtail Nigiri,2,Chris,Dine-In,22.0
104068,2025-09-04 17:36:00,29,Hamachi Kama,4,Mia,Dine-In,72.0
100957,2025-02-28 18:24:00,22,Gyoza,4,Taylor,Dine-In,32.0
103792,2025-08-17 20:01:00,9,Tempura Udon,1,Mia,Takeout,14.0
103235,2025-07-14 20:12:00,9,California Roll,2,Taylor,Takeout,17.0
102870,2025-06-24 20:51:00,21,Gyoza,1,Taylor,Dine-In,8.0
103778,2025-08-17 13:03:00,22,Yellowtail Nigiri,1,Mia,Takeout,11.0
104434,2025-09-24 21:06:00,21,Tempura Udon,3,Alex,Dine-In,42.0
104974,2025-10-28 20:55:00,23,Salmon Roll,2,Jordan,Dine-In,21.0
102962,2025-06-30 13:04:00,9,Matcha Cheesecake,4,Mia,Dine-In,28.0
102201,2025-05-14 13:23:00,7,Tuna Nigiri,2,Sam,Dine-In,20.0
100099,2025-01-06 12:54:00,22,Dragon Roll,1,Mia,Dine-In,15.0
105859,2025-12-22 20:23:00,12,Salmon Nigiri,3,Mia,Takeout,27.0
102558,2025-06-05 18:28:00,7,Salmon Nigiri,3,Taylor,Takeout,27.0
103184,2025-07-12 17:09:00,28,Matcha Cheesecake,1,Alex,Dine-In,7.0
100254,2025-01-14 19:33:00,28,Chicken Teriyaki,1,Mia,Dine-In,16.0
103924,2025-08-26 18:27:00,9,Gyoza,2,Sam,Dine-In,16.0
104200,2025-09-11 19:56:00,15,California Roll,2,Sam,Dine-In,17.0
101446,2025-03-31 21:25:00,25,Sashimi Platter,3,Mia,Dine-In,72.0
105540,2025-12-01 21:14:00,25,Miso Soup,4,Sam,Takeout,16.0
101649,2025-04-13 21:19:00,25,Matcha Cheesecake,1,Sam,Takeout,7.0
104683,2025-10-11 20:17:00,10,California Roll,2,Chris,Dine-In,17.0
104724,2025-10-13 20:11:00,26,Gyoza,3,Mia,Dine-In,24.0
103992,2025-08-30 13:59:00,9,Spicy Tuna Roll,1,Sam,Dine-In,11.0
101697,2025-04-16 18:25:00,8,Yellowtail Nigiri,4,Sam,Dine-In,44.0
103192,2025-07-12 18:32:00,27,Tuna Nigiri,3,Taylor,Dine-In,30.0
104500,2025-09-29 17:00:00,28,Spicy Tuna Roll,1,Chris,Takeout,11.0
101155,2025-03-13 14:05:00,14,Yellowtail Nigiri,4,Sam,Takeout,44.0
102256,2025-05-17 19:11:00,1,Chicken Teriyaki,2,Chris,Dine-In,32.0
101683,2025-04-15 21:15:00,27,Salmon Roll,2,Mia,Dine-In,21.0
103171,2025-07-11 18:24:00,15,Salmon Nigiri,3,Taylor,Dine-In,27.0
102057,2025-05-06 13:05:00,7,California Roll,1,Sam,Delivery,8.5
104091,2025-09-05 17:15:00,13,Matcha Cheesecake,2,Jordan,Takeout,14.0
105878,2025-12-23 20:52:00,24,Salmon Nigiri,1,Alex,Dine-In,9.0
103109,2025-07-07 20:28:00,26,Spicy Tuna Roll,1,Jordan,Dine-In,11.0
104549,2025-10-02 19:39:00,27,Dragon Roll,1,Sam,Dine-In,15.0
103724,2025-08-14 17:08:00,29,Tempura Udon,1,Sam,Takeout,14.0
105424,2025-11-25 18:46:00,22,Salmon Roll,3,Alex,Takeout,31.5
102050,2025-05-05 20:42:00,15,Hamachi Kama,1,Jordan,Delivery,18.0
104977,2025-10-29 12:05:00,19,Salmon Nigiri,1,Chris,Takeout,9.0
103644,2025-08-10 13:04:00,10,Tuna Nigiri,1,Chris,Dine-In,10.0
105940,2025-12-27 20:08:00,12,Edamame,2,Jordan,Delivery,12.0
100624,2025-02-08 13:08:00,9,Yellowtail Nigiri,2,Alex,Delivery,22.0
100263,2025-01-15 18:25:00,28,Salmon Nigiri,1,Sam,Dine-In,9.0
105731,2025-12-13 20:53:00,2,Spicy Tuna Roll,1,Jordan,Takeout,11.0
103370,2025-07-23 18:06:00,5,Spicy Tuna Roll,1,Chris,Dine-In,11.0
104062,2025-09-04 12:32:00,30,Salmon Nigiri,4,Chris,Dine-In,36.0
105535,2025-12-01 20:16:00,30,Tuna Nigiri,3,Sam,Dine-In,30.0
101803,2025-04-22 18:21:00,9,California Roll,3,Jordan,Takeout,25.5
104737,2025-10-14 17:46:00,21,Spicy Tuna Roll,4,Alex,Dine-In,44.0
102386,2025-05-27 17:00:00,7,Sashimi Platter,1,Chris,Dine-In,24.0
105760,2025-12-15 18:59:00,6,Gyoza,1,Alex,Dine-In,8.0
101960,2025-04-30 18:14:00,10,Edamame,1,Sam,Dine-In,6.0
102977,2025-06-30 20:15:00,21,Edamame,4,Chris,Takeout,24.0
100489,2025-01-29 18:55:00,8,Spicy Tuna Roll,3,Taylor,Dine-In,33.0
101844,2025-04-24 18:08:00,8,Yellowtail Nigiri,1,Chris,Dine-In,11.0
101735,2025-04-18 18:27:00,25,California Roll,3,Mia,Takeout,25.5
102912,2025-06-27 13:23:00,23,Spicy Tuna Roll,1,Chris,Dine-In,11.0
103220,2025-07-14 12:32:00,16,California Roll,1,Taylor,Delivery,8.5
100147,2025-01-08 19:07:00,2,Matcha Cheesecake,2,Chris,Takeout,14.0
105631,2025-12-07 17:30:00,26,Edamame,4,Alex,Delivery,24.0
101987,2025-05-02 11:36:00,17,Yellowtail Nigiri,2,Chris,Dine-In,22.0
101370,2025-03-27 19:15:00,8,Salmon Roll,4,Jordan,Dine-In,42.0
102812,2025-06-21 18:08:00,6,Yellowtail Nigiri,3,Sam,Dine-In,33.0
100660,2025-02-10 19:06:00,12,Salmon Roll,1,Jordan,Dine-In,10.5
101795,2025-04-22 12:40:00,26,Miso Soup,3,Taylor,Takeout,12.0
102512,2025-06-03 20:58:00,2,Salmon Nigiri,4,Chris,Dine-In,36.0
103398,2025-07-25 11:48:00,2,Tuna Nigiri,4,Mia,Dine-In,40.0
104283,2025-09-16 17:56:00,23,Salmon Roll,3,Chris,Dine-In,31.5
101148,2025-03-12 20:50:00,19,Salmon Roll,2,Taylor,Dine-In,21.0
103273,2025-07-16 21:10:00,9,California Roll,1,Chris,Takeout,8.5
100609,2025-02-07 17:26:00,24,Salmon Roll,2,Alex,Dine-In,21.0
103583,2025-08-06 20:26:00,1,Yellowtail Nigiri,4,Jordan,Takeout,44.0
101931,2025-04-29 12:14:00,11,Tempura Udon,1,Sam,Takeout,14.0
100198,2025-01-11 18:17:00,25,Tuna Nigiri,1,Sam,Dine-In,10.0
102932,2025-06-28 19:18:00,20,Tuna Nigiri,1,Taylor,Delivery,10.0
102328,2025-05-23 12:12:00,5,Spicy Tuna Roll,1,Taylor,Takeout,11.0
104390,2025-09-23 11:33:00,3,California Roll,2,Taylor,Dine-In,17.0
100767,2025-02-16 18:19:00,4,Gyoza,1,Taylor,Dine-In,8.0
104497,2025-09-28 21:30:00,25,Spicy Tuna Roll,2,Mia,Dine-In,22.0
104219,2025-09-12 20:50:00,5,Salmon Nigiri,4,Sam,Dine-In,36.0
100203,2025-01-11 20:45:00,11,Salmon Nigiri,3,Taylor,Dine-In,27.0
103511,2025-08-01 19:11:00,29,Yellowtail Nigiri,4,Chris,Dine-In,44.0
104932,2025-10-26 20:25:00,27,Gyoza,4,Jordan,Dine-In,32.0
105536,2025-12-01 20:30:00,22,Yellowtail Nigiri,1,Sam,Dine-In,11.0
101734,2025-04-18 18:07:00,19,Sashimi Platter,4,Alex,Takeout,96.0
105792,2025-12-17 18:43:00,21,Edamame,2,Chris,Takeout,12.0
102778,2025-06-19 18:54:00,16,California Roll,1,Taylor,Dine-In,8.5
101708,2025-04-16 21:29:00,20,Spicy Tuna Roll,1,Sam,Dine-In,11.0
105173,2025-11-09 21:23:00,21,Edamame,2,Sam,Dine-In,12.0
105250,2025-11-14 18:55:00,4,Tempura Udon,2,Mia,Takeout,28.0
105758,2025-12-15 18:34:00,16,Tuna Nigiri,4,Mia,Dine-In,40.0
103475,2025-07-29 21:29:00,17,Edamame,2,Taylor,Takeout,12.0
100855,2025-02-22 17:11:00,24,Salmon Roll,1,Mia,Dine-In,10.5
105686,2025-12-10 19:40:00,16,California Roll,1,Jordan,Takeout,8.5
104738,2025-10-14 17:53:00,27,Miso Soup,4,Jordan,Dine-In,16.0
104098,2025-09-05 20:14:00,7,Gyoza,1,Mia,Dine-In,8.0
102161,2025-05-11 18:31:00,17,Salmon Nigiri,3,Chris,Dine-In,27.0
100699,2025-02-12 20:15:00,13,Tuna Nigiri,3,Jordan,Dine-In,30.0
105962,2025-12-29 14:08:00,19,Salmon Nigiri,2,Chris,Takeout,18.0
103000,2025-07-02 18:35:00,13,Dragon Roll,1,Sam,Delivery,15.0
103697,2025-08-12 20:18:00,4,Salmon Roll,2,Alex,Takeout,21.0
101637,2025-04-13 19:38:00,30,Miso Soup,2,Chris,Dine-In,8.0
103458,2025-07-28 19:48:00,23,Salmon Nigiri,1,Mia,Delivery,9.0
103582,2025-08-06 20:21:00,17,Spicy Tuna Roll,1,Mia,Delivery,11.0
101292,2025-03-22 20:20:00,2,Salmon Roll,2,Taylor,Dine-In,21.0
104660,2025-10-09 19:36:00,15,Gyoza,1,Chris,Dine-In,8.0
105617,2025-12-06 17:58:00,4,Salmon Nigiri,2,Alex,Takeout,18.0
101854,2025-04-24 21:01:00,3,Miso Soup,2,Taylor,Dine-In,8.0
105233,2025-11-13 18:09:00,24,Edamame,3,Jordan,Takeout,18.0
103764,2025-08-16 18:32:00,12,Dragon Roll,1,Chris,Dine-In,15.0
103305,2025-07-19 14:09:00,27,Salmon Roll,1,Mia,Dine-In,10.5
105922,2025-12-26 20:57:00,1,Dragon Roll,2,Alex,Dine-In,30.0
105728,2025-12-13 18:06:00,20,Yellowtail Nigiri,4,Sam,Takeout,44.0
103744,2025-08-15 17:27:00,4,Yellowtail Nigiri,2,Jordan,Dine-In,22.0
103446,2025-07-28 12:08:00,14,Miso Soup,1,Jordan,Delivery,4.0
101999,2025-05-02 19:39:00,7,California Roll,1,Chris,Dine-In,8.5
100664,2025-02-10 19:58:00,30,Gyoza,2,Sam,Dine-In,16.0
104780,2025-10-16 21:22:00,21,Edamame,2,Alex,Dine-In,12.0
105354,2025-11-21 18:02:00,4,Matcha Cheesecake,2,Alex,Dine-In,14.0
103749,2025-08-15 19:03:00,5,Spicy Tuna Roll,4,Chris,Delivery,44.0
104414,2025-09-24 11:47:00,28,California Roll,1,Mia,Dine-In,8.5
104745,2025-10-14 20:29:00,14,California Roll,2,Sam,Takeout,17.0
105531,2025-12-01 19:01:00,6,Spicy Tuna Roll,1,Chris,Dine-In,11.0
105576,2025-12-03 20:17:00,10,California Roll,1,Jordan,Dine-In,8.5
100710,2025-02-13 17:46:00,6,Salmon Roll,1,Alex,Takeout,10.5
101283,2025-03-22 17:53:00,20,California Roll,4,Chris,Delivery,34.0
105069,2025-11-03 13:44:00,19,Miso Soup,2,Chris,Takeout,8.0
102676,2025-06-12 17:51:00,15,Tempura Udon,4,Taylor,Dine-In,56.0
104030,2025-09-01 19:31:00,14,Tuna Nigiri,1,Sam,Dine-In,10.0
101307,2025-03-23 20:43:00,29,Salmon Nigiri,1,Alex,Takeout,9.0
105497,2025-11-29 19:35:00,5,Chicken Teriyaki,4,Taylor,Dine-In,64.0
105505,2025-11-30 12:12:00,29,California Roll,1,Sam,Dine-In,8.5
102238,2025-05-16 19:09:00,13,Salmon Roll,1,Jordan,Delivery,10.5
103303,2025-07-19 12:47:00,7,Tempura Udon,1,Jordan,Dine-In,14.0
105593,2025-12-04 17:45:00,23,Salmon Roll,4,Mia,Takeout,42.0
102039,2025-05-05 12:54:00,1,Edamame,1,Alex,Dine-In,6.0
101530,2025-04-06 17:58:00,2,Yellowtail Nigiri,2,Chris,Dine-In,22.0
101664,2025-04-15 11:39:00,27,Edamame,2,Mia,Dine-In,12.0
105451,2025-11-26 20:38:00,24,Salmon Roll,3,Mia,Dine-In,31.5
105947,2025-12-28 13:17:00,11,Spicy Tuna Roll,3,Alex,Takeout,33.0
105969,2025-12-29 19:51:00,6,Salmon Nigiri,4,Sam,Takeout,36.0
103628,2025-08-09 13:38:00,1,Tempura Udon,1,Chris,Dine-In,14.0
105740,2025-12-14 18:25:00,5,Salmon Roll,2,Alex,Takeout,21.0
105148,2025-11-08 13:49:00,15,Spicy Tuna Roll,1,Alex,Dine-In,11.0
104892,2025-10-24 19:45:00,2,Tuna Nigiri,2,Sam,Dine-In,20.0
102694,2025-06-14 12:31:00,5,Matcha Cheesecake,1,Chris,Delivery,7.0
103061,2025-07-05 17:33:00,23,Gyoza,1,Mia,Dine-In,8.0
101598,2025-04-10 20:00:00,8,Miso Soup,1,Chris,Delivery,4.0
102730,2025-06-16 18:32:00,11,California Roll,1,Mia,Delivery,8.5
102626,2025-06-09 20:47:00,1,Yellowtail Nigiri,3,Sam,Dine-In,33.0
103158,2025-07-10 18:32:00,3,Salmon Nigiri,2,Taylor,Delivery,18.0
103315,2025-07-19 20:30:00,5,Hamachi Kama,2,Mia,Dine-In,36.0
101723,2025-04-17 18:28:00,19,Tuna Nigiri,1,Taylor,Takeout,10.0
105280,2025-11-16 21:12:00,14,Tempura Udon,2,Alex,Takeout,28.0
101060,2025-03-06 12:46:00,18,Yellowtail Nigiri,3,Taylor,Dine-In,33.0
104637,2025-10-08 18:26:00,26,Edamame,1,Alex,Dine-In,6.0
103243,2025-07-15 12:52:00,21,Edamame,3,Jordan,Dine-In,18.0
101679,2025-04-15 20:37:00,12,Hamachi Kama,3,Mia,Delivery,54.0
101758,2025-04-19 20:51:00,2,Salmon Roll,1,Mia,Delivery,10.5
104192,2025-09-10 21:22:00,8,Tuna Nigiri,3,Mia,Takeout,30.0
105117,2025-11-06 18:21:00,30,Matcha Cheesecake,2,Alex,Delivery,14.0
100564,2025-02-04 17:42:00,29,Salmon Roll,1,Taylor,Dine-In,10.5
102791,2025-06-19 21:30:00,11,California Roll,1,Mia,Takeout,8.5
100864,2025-02-22 21:08:00,9,Salmon Roll,2,Alex,Delivery,21.0
101485,2025-04-03 14:19:00,7,Tuna Nigiri,1,Alex,Takeout,10.0
105135,2025-11-07 20:20:00,30,Salmon Roll,3,Mia,Dine-In,31.5
100207,2025-01-12 13:13:00,14,Salmon Roll,2,Mia,Dine-In,21.0
104489,2025-09-28 18:12:00,27,Edamame,1,Sam,Dine-In,6.0
100871,2025-02-23 18:42:00,1,Edamame,2,Jordan,Dine-In,12.0
100503,2025-01-30 18:24:00,14,Tempura Udon,1,Jordan,Dine-In,14.0
101029,2025-03-04 18:56:00,12,California Roll,3,Alex,Dine-In,25.5
103841,2025-08-20 20:19:00,14,Miso Soup,2,Taylor,Dine-In,8.0
102691,2025-06-13 21:28:00,14,Salmon Nigiri,2,Chris,Dine-In,18.0
105582,2025-12-04 11:41:00,30,Gyoza,1,Mia,Dine-In,8.0
105057,2025-11-02 13:39:00,18,Salmon Roll,1,Chris,Dine-In,10.5
101571,2025-04-08 21:09:00,21,Edamame,2,Chris,Takeout,12.0
102774,2025-06-19 17:38:00,26,Yellowtail Nigiri,1,Jordan,Takeout,11.0
102732,2025-06-16 18:59:00,2,Edamame,1,Jordan,Dine-In,6.0
100805,2025-02-18 19:56:00,14,Tempura Udon,4,Alex,Dine-In,56.0
105848,2025-12-21 17:37:00,12,Yellowtail Nigiri,2,Jordan,Takeout,22.0
103646,2025-08-10 13:27:00,8,Salmon Roll,3,Taylor,Dine-In,31.5
102455,2025-05-31 12:25:00,9,Spicy Tuna Roll,3,Jordan,Delivery,33.0
104599,2025-10-06 14:00:00,7,Spicy Tuna Roll,1,Chris,Dine-In,11.0
103105,2025-07-07 18:47:00,8,Salmon Nigiri,4,Mia,Delivery,36.0
104876,2025-10-23 18:49:00,6,Salmon Nigiri,1,Chris,Dine-In,9.0
100201,2025-01-11 19:42:00,19,Tempura Udon,1,Taylor,Dine-In,14.0
103100,2025-07-07 17:26:00,6,Edamame,1,Mia,Dine-In,6.0
102279,2025-05-19 18:05:00,5,Hamachi Kama,3,Mia,Takeout,54.0
103562,2025-08-05 17:16:00,21,Edamame,3,Jordan,Takeout,18.0
105893,2025-12-25 12:47:00,16,Salmon Nigiri,1,Mia,Dine-In,9.0
104475,2025-09-28 11:35:00,25,Salmon Roll,1,Alex,Dine-In,10.5
104515,2025-09-30 19:56:00,7,Gyoza,4,Jordan,Delivery,32.0
105795,2025-12-17 19:51:00,27,Tuna Nigiri,3,Alex,Dine-In,30.0
100392,2025-01-23 18:40:00,26,Dragon Roll,2,Chris,Dine-In,30.0
105619,2025-12-06 19:11:00,27,Miso Soup,1,Jordan,Dine-In,4.0
105259,2025-11-15 17:52:00,9,Hamachi Kama,2,Alex,Dine-In,36.0
101496,2025-04-04 12:15:00,18,Dragon Roll,2,Taylor,Dine-In,30.0
102696,2025-06-14 13:40:00,23,Matcha Cheesecake,1,Mia,Dine-In,7.0
102028,2025-05-04 18:09:00,24,Salmon Nigiri,1,Mia,Takeout,9.0
105249,2025-11-14 17:54:00,28,Miso Soup,1,Taylor,Dine-In,4.0
105464,2025-11-28 17:34:00,24,Salmon Roll,1,Chris,Delivery,10.5
102569,2025-06-06 19:33:00,1,Tuna Nigiri,1,Alex,Delivery,10.0
100065,2025-01-04 17:31:00,30,California Roll,1,Jordan,Dine-In,8.5
103885,2025-08-24 17:18:00,27,Hamachi Kama,1,Taylor,Dine-In,18.0
102063,2025-05-06 18:07:00,8,Spicy Tuna Roll,2,Chris,Takeout,22.0
105277,2025-11-16 19:55:00,22,Tempura Udon,1,Mia,Dine-In,14.0
100493,2025-01-29 19:32:00,29,Tuna Nigiri,2,Taylor,Delivery,20.0
100380,2025-01-22 14:02:00,19,Edamame,1,Jordan,Delivery,6.0
104860,2025-10-22 18:55:00,7,Miso Soup,1,Sam,Dine-In,4.0
103994,2025-08-30 17:32:00,6,Spicy Tuna Roll,2,Mia,Takeout,22.0
104888,2025-10-24 18:36:00,4,Tempura Udon,1,Mia,Dine-In,14.0
101077,2025-03-07 19:46:00,25,Yellowtail Nigiri,1,Mia,Dine-In,11.0
100879,2025-02-24 12:08:00,29,Chicken Teriyaki,1,Jordan,Dine-In,16.0
100338,2025-01-19 13:36:00,12,Salmon Roll,2,Mia,Dine-In,21.0
101017,2025-03-03 19:57:00,17,Dragon Roll,3,Jordan,Dine-In,45.0
101276,2025-03-21 17:30:00,8,California Roll,2,Sam,Takeout,17.0
103799,2025-08-18 17:34:00,28,Edamame,1,Sam,Dine-In,6.0
104552,2025-10-02 20:43:00,4,Gyoza,2,Chris,Dine-In,16.0
103343,2025-07-21 20:48:00,7,Miso Soup,3,Taylor,Dine-In,12.0
104912,2025-10-25 19:54:00,11,Tuna Nigiri,2,Chris,Delivery,20.0
100996,2025-03-02 18:04:00,5,Sashimi Platter,4,Alex,Takeout,96.0
101982,2025-05-01 20:59:00,27,Edamame,2,Chris,Takeout,12.0
104298,2025-09-17 21:21:00,16,Matcha Cheesecake,2,Chris,Delivery,14.0
100162,2025-01-09 18:53:00,1,Salmon Roll,1,Taylor,Dine-In,10.5
105676,2025-12-10 12:32:00,18,SPICY TUNA ROLL,3,Mia,Dine-In,33.0
104799,2025-10-18 12:27:00,13,Salmon Nigiri,2,Jordan,Dine-In,18.0
101501,2025-04-04 17:10:00,4,Hamachi Kama,4,Jordan,Dine-In,72.0
103844,2025-08-21 11:44:00,14,Edamame,2,Mia,Dine-In,12.0
105226,2025-11-13 12:18:00,2,Matcha Cheesecake,1,Jordan,Dine-In,7.0
102614,2025-06-08 21:17:00,8,Yellowtail Nigiri,1,Jordan,Dine-In,11.0
103462,2025-07-29 13:15:00,15,Dragon Roll,1,Taylor,Takeout,15.0
101022,2025-03-03 21:13:00,6,California Roll,1,Mia,Dine-In,8.5
103074,2025-07-05 20:35:00,26,Tuna Nigiri,4,Taylor,Dine-In,40.0
103944,2025-08-27 13:54:00,5,Spicy Tuna Roll,1,Alex,Dine-In,11.0
101586,2025-04-09 20:53:00,30,Salmon Nigiri,3,Mia,Dine-In,27.0
101956,2025-04-30 17:32:00,17,Salmon Roll,1,Alex,Takeout,10.5
103153,2025-07-10 17:52:00,16,Salmon Roll,1,Sam,Dine-In,10.5
100035,2025-01-02 20:35:00,29,Tuna Nigiri,1,Taylor,Takeout,10.0
104015,2025-08-31 18:20:00,30,Edamame,1,Taylor,Dine-In,6.0
100776,2025-02-17 12:28:00,27,California Roll,1,Mia,Delivery,8.5
102557,2025-06-05 18:00:00,13,Edamame,1,Jordan,Dine-In,6.0
101479,2025-04-02 21:11:00,12,Yellowtail Nigiri,1,Taylor,Delivery,11.0
105487,2025-11-29 13:46:00,4,Dragon Roll,2,Alex,Dine-In,30.0
101364,2025-03-27 12:28:00,29,Edamame,2,Alex,Dine-In,12.0
102613,2025-06-08 21:00:00,21,Matcha Cheesecake,1,Taylor,Delivery,7.0
102825,2025-06-22 13:09:00,15,Tempura Udon,1,Unknown,Dine-In,14.0
102042,2025-05-05 14:24:00,17,Gyoza,3,Taylor,Dine-In,24.0
100242,2025-01-14 13:51:00,12,Salmon Roll,2,Jordan,Dine-In,21.0
102062,2025-05-06 18:03:00,11,Miso Soup,1,Taylor,Takeout,4.0
102364,2025-05-26 12:40:00,12,Yellowtail Nigiri,1,Mia,Dine-In,11.0
100601,2025-02-06 18:34:00,8,Salmon Nigiri,1,Chris,Delivery,9.0
102436,2025-05-29 21:28:00,1,Tuna Nigiri,2,Taylor,Dine-In,20.0
105394,2025-11-23 18:32:00,10,Matcha Cheesecake,1,Chris,Dine-In,7.0
102889,2025-06-25 21:30:00,2,Sashimi Platter,1,Sam,Dine-In,24.0
100647,2025-02-09 20:15:00,18,California Roll,1,Sam,Dine-In,8.5
103891,2025-08-24 20:19:00,19,Miso Soup,1,Alex,Dine-In,4.0
103557,2025-08-05 12:17:00,23,Gyoza,1,Chris,Delivery,8.0
103203,2025-07-13 12:47:00,4,Spicy Tuna Roll,2,Mia,Dine-In,22.0
101529,2025-04-06 17:26:00,21,Gyoza,3,Jordan,Dine-In,24.0
101268,2025-03-21 11:48:00,2,Tempura Udon,1,Alex,Dine-In,14.0
101900,2025-04-27 14:03:00,6,California Roll,2,Taylor,Delivery,17.0
104659,2025-10-09 18:40:00,1,Matcha Cheesecake,2,Mia,Dine-In,14.0
103006,2025-07-03 12:59:00,19,Chicken Teriyaki,4,Chris,Dine-In,64.0
102735,2025-06-16 20:01:00,14,Salmon Roll,3,Taylor,Takeout,31.5
100190,2025-01-11 17:15:00,15,Spicy Tuna Roll,2,Taylor,Dine-In,22.0
101807,2025-04-22 19:07:00,21,Gyoza,2,Sam,Delivery,16.0
100976,2025-03-01 18:45:00,13,Salmon Nigiri,1,Sam,Dine-In,9.0
102748,2025-06-17 18:58:00,19,Yellowtail Nigiri,4,Alex,Dine-In,44.0
102048,2025-05-05 19:57:00,25,Tuna Nigiri,4,Chris,Delivery,40.0
102559,2025-06-05 18:34:00,30,Gyoza,3,Taylor,Takeout,24.0
101083,2025-03-07 21:01:00,18,Yellowtail Nigiri,3,Taylor,Dine-In,33.0
100475,2025-01-28 21:01:00,29,California Roll,2,Sam,Takeout,17.0
102905,2025-06-26 20:13:00,15,Tuna Nigiri,4,Mia,Dine-In,40.0
104844,2025-10-21 18:13:00,2,Matcha Cheesecake,3,Taylor,Delivery,21.0
104118,2025-09-06 20:31:00,30,Dragon Roll,2,Jordan,Delivery,30.0
103386,2025-07-24 17:19:00,14,California Roll,3,Alex,Delivery,25.5
104556,2025-10-03 12:12:00,16,Hamachi Kama,4,Mia,Dine-In,72.0
101185,2025-03-15 12:50:00,26,Spicy Tuna Roll,2,Unknown,Takeout,22.0
105052,2025-11-01 19:41:00,23,Gyoza,1,Jordan,Dine-In,8.0
105312,2025-11-19 11:44:00,26,Tuna Nigiri,2,Alex,Dine-In,20.0
102434,2025-05-29 21:03:00,28,Hamachi Kama,4,Jordan,Dine-In,72.0
105612,2025-12-06 11:36:00,26,Sashimi Platter,1,Mia,Takeout,24.0
102392,2025-05-27 19:40:00,5,Yellowtail Nigiri,1,Mia,Delivery,11.0
100770,2025-02-16 19:29:00,18,Miso Soup,1,Alex,Dine-In,4.0
101686,2025-04-16 13:18:00,23,Tempura Udon,2,Mia,Delivery,28.0
100131,2025-01-07 21:24:00,2,Salmon Roll,4,Chris,Delivery,42.0
102920,2025-06-27 20:42:00,5,Tuna Nigiri,1,Alex,Dine-In,10.0
103172,2025-07-11 18:34:00,28,Yellowtail Nigiri,1,Mia,Dine-In,11.0
103445,2025-07-28 11:59:00,10,California Roll,4,Sam,Takeout,34.0
105579,2025-12-03 20:25:00,6,Tuna Nigiri,4,Taylor,Dine-In,40.0
104427,2025-09-24 18:08:00,11,California Roll,3,Mia,Dine-In,25.5
105335,2025-11-20 17:21:00,29,Yellowtail Nigiri,2,Chris,Takeout,22.0
100467,2025-01-28 18:03:00,1,California Roll,2,Taylor,Dine-In,17.0
105735,2025-12-14 13:18:00,11,Miso Soup,3,Taylor,Dine-In,12.0
103093,2025-07-06 21:09:00,27,Chicken Teriyaki,1,Chris,Delivery,16.0
103773,2025-08-16 21:08:00,19,Sashimi Platter,3,Jordan,Dine-In,72.0
105192,2025-11-10 21:23:00,27,California Roll,2,Chris,Dine-In,17.0
105227,2025-11-13 12:50:00,11,Salmon Roll,1,Taylor,Dine-In,10.5
105391,2025-11-23 17:54:00,1,Hamachi Kama,2,Sam,Dine-In,36.0
100861,2025-02-22 19:06:00,24,Tuna Nigiri,1,Jordan,Takeout,10.0
